daytrader-ee7-ejb.com.ibm.websphere.samples.daytrader.TradeAction,implements,daytrader-ee7-ejb.com.ibm.websphere.samples.daytrader.TradeServices,TradeAction uses TradeServices [24]
daytrader-ee7-ejb.com.ibm.websphere.samples.daytrader.TradeAction,returns,daytrader-ee7-ejb.com.ibm.websphere.samples.daytrader.beans.MarketSummaryDataBean,TradeAction uses MarketSummaryDataBean [5]
daytrader-ee7-ejb.com.ibm.websphere.samples.daytrader.TradeAction,returns,daytrader-ee7-ejb.com.ibm.websphere.samples.daytrader.beans.RunStatsDataBean,TradeAction uses RunStatsDataBean [1]
daytrader-ee7-ejb.com.ibm.websphere.samples.daytrader.TradeAction,references,daytrader-ee7-ejb.com.ibm.websphere.samples.daytrader.direct.TradeDirect,TradeAction uses TradeDirect [2]
daytrader-ee7-ejb.com.ibm.websphere.samples.daytrader.TradeAction,references,daytrader-ee7-ejb.com.ibm.websphere.samples.daytrader.ejb3.TradeSLSBLocal,TradeAction uses TradeSLSBLocal [1]
daytrader-ee7-ejb.com.ibm.websphere.samples.daytrader.TradeAction,references,daytrader-ee7-ejb.com.ibm.websphere.samples.daytrader.ejb3.TradeSLSBRemote,TradeAction uses TradeSLSBRemote [1]
daytrader-ee7-ejb.com.ibm.websphere.samples.daytrader.TradeAction,returns,daytrader-ee7-ejb.com.ibm.websphere.samples.daytrader.entities.AccountDataBean,TradeAction uses AccountDataBean [4]
daytrader-ee7-ejb.com.ibm.websphere.samples.daytrader.TradeAction,returns,daytrader-ee7-ejb.com.ibm.websphere.samples.daytrader.entities.AccountProfileDataBean,TradeAction uses AccountProfileDataBean [2]
daytrader-ee7-ejb.com.ibm.websphere.samples.daytrader.TradeAction,returns,daytrader-ee7-ejb.com.ibm.websphere.samples.daytrader.entities.HoldingDataBean,TradeAction uses HoldingDataBean [1]
daytrader-ee7-ejb.com.ibm.websphere.samples.daytrader.TradeAction,returns,daytrader-ee7-ejb.com.ibm.websphere.samples.daytrader.entities.OrderDataBean,TradeAction uses OrderDataBean [7]
daytrader-ee7-ejb.com.ibm.websphere.samples.daytrader.TradeAction,returns,daytrader-ee7-ejb.com.ibm.websphere.samples.daytrader.entities.QuoteDataBean,TradeAction uses QuoteDataBean [6]
daytrader-ee7-ejb.com.ibm.websphere.samples.daytrader.TradeAction,references,daytrader-ee7-ejb.com.ibm.websphere.samples.daytrader.util.FinancialUtils,TradeAction uses FinancialUtils [1]
daytrader-ee7-ejb.com.ibm.websphere.samples.daytrader.TradeAction,calls,daytrader-ee7-ejb.com.ibm.websphere.samples.daytrader.util.Log,TradeAction uses Log [47]
daytrader-ee7-ejb.com.ibm.websphere.samples.daytrader.TradeAction,references,daytrader-ee7-ejb.com.ibm.websphere.samples.daytrader.util.TradeConfig,TradeAction uses TradeConfig [6]
daytrader-ee7-ejb.com.ibm.websphere.samples.daytrader.TradeServices,returns,daytrader-ee7-ejb.com.ibm.websphere.samples.daytrader.beans.MarketSummaryDataBean,TradeServices uses MarketSummaryDataBean [1]
daytrader-ee7-ejb.com.ibm.websphere.samples.daytrader.TradeServices,returns,daytrader-ee7-ejb.com.ibm.websphere.samples.daytrader.beans.RunStatsDataBean,TradeServices uses RunStatsDataBean [1]
daytrader-ee7-ejb.com.ibm.websphere.samples.daytrader.TradeServices,returns,daytrader-ee7-ejb.com.ibm.websphere.samples.daytrader.entities.AccountDataBean,TradeServices uses AccountDataBean [3]
daytrader-ee7-ejb.com.ibm.websphere.samples.daytrader.TradeServices,returns,daytrader-ee7-ejb.com.ibm.websphere.samples.daytrader.entities.AccountProfileDataBean,TradeServices uses AccountProfileDataBean [2]
daytrader-ee7-ejb.com.ibm.websphere.samples.daytrader.TradeServices,returns,daytrader-ee7-ejb.com.ibm.websphere.samples.daytrader.entities.HoldingDataBean,TradeServices uses HoldingDataBean [1]
daytrader-ee7-ejb.com.ibm.websphere.samples.daytrader.TradeServices,returns,daytrader-ee7-ejb.com.ibm.websphere.samples.daytrader.entities.OrderDataBean,TradeServices uses OrderDataBean [3]
daytrader-ee7-ejb.com.ibm.websphere.samples.daytrader.TradeServices,returns,daytrader-ee7-ejb.com.ibm.websphere.samples.daytrader.entities.QuoteDataBean,TradeServices uses QuoteDataBean [3]
daytrader-ee7-ejb.com.ibm.websphere.samples.daytrader.beans.MarketSummaryDataBean,references,daytrader-ee7-ejb.com.ibm.websphere.samples.daytrader.entities.QuoteDataBean,MarketSummaryDataBean uses QuoteDataBean [17]
daytrader-ee7-ejb.com.ibm.websphere.samples.daytrader.beans.MarketSummaryDataBean,calls,daytrader-ee7-ejb.com.ibm.websphere.samples.daytrader.util.FinancialUtils,MarketSummaryDataBean uses FinancialUtils [2]
daytrader-ee7-ejb.com.ibm.websphere.samples.daytrader.beans.MarketSummaryDataBean,calls,daytrader-ee7-ejb.com.ibm.websphere.samples.daytrader.util.Log,MarketSummaryDataBean uses Log [1]
daytrader-ee7-ejb.com.ibm.websphere.samples.daytrader.beans.MarketSummaryDataBean,calls,daytrader-ee7-ejb.com.ibm.websphere.samples.daytrader.util.TradeConfig,MarketSummaryDataBean uses TradeConfig [2]
daytrader-ee7-ejb.com.ibm.websphere.samples.daytrader.direct.KeySequenceDirect,references,daytrader-ee7-ejb.com.ibm.websphere.samples.daytrader.util.KeyBlock,KeySequenceDirect uses KeyBlock [2]
daytrader-ee7-ejb.com.ibm.websphere.samples.daytrader.direct.KeySequenceDirect,calls,daytrader-ee7-ejb.com.ibm.websphere.samples.daytrader.util.Log,KeySequenceDirect uses Log [3]
daytrader-ee7-ejb.com.ibm.websphere.samples.daytrader.direct.KeySequenceDirect,references,daytrader-ee7-ejb.com.ibm.websphere.samples.daytrader.util.TradeConfig,KeySequenceDirect uses TradeConfig [1]
daytrader-ee7-ejb.com.ibm.websphere.samples.daytrader.direct.TradeDirect,references,daytrader-ee7-ejb.com.ibm.websphere.samples.daytrader.TradeAction,TradeDirect uses TradeAction [3]
daytrader-ee7-ejb.com.ibm.websphere.samples.daytrader.direct.TradeDirect,implements,daytrader-ee7-ejb.com.ibm.websphere.samples.daytrader.TradeServices,TradeDirect uses TradeServices [2]
daytrader-ee7-ejb.com.ibm.websphere.samples.daytrader.direct.TradeDirect,returns,daytrader-ee7-ejb.com.ibm.websphere.samples.daytrader.beans.MarketSummaryDataBean,TradeDirect uses MarketSummaryDataBean [2]
daytrader-ee7-ejb.com.ibm.websphere.samples.daytrader.direct.TradeDirect,returns,daytrader-ee7-ejb.com.ibm.websphere.samples.daytrader.beans.RunStatsDataBean,TradeDirect uses RunStatsDataBean [14]
daytrader-ee7-ejb.com.ibm.websphere.samples.daytrader.direct.TradeDirect,calls,daytrader-ee7-ejb.com.ibm.websphere.samples.daytrader.direct.KeySequenceDirect,TradeDirect uses KeySequenceDirect [3]
daytrader-ee7-ejb.com.ibm.websphere.samples.daytrader.direct.TradeDirect,returns,daytrader-ee7-ejb.com.ibm.websphere.samples.daytrader.entities.AccountDataBean,TradeDirect uses AccountDataBean [15]
daytrader-ee7-ejb.com.ibm.websphere.samples.daytrader.direct.TradeDirect,returns,daytrader-ee7-ejb.com.ibm.websphere.samples.daytrader.entities.AccountProfileDataBean,TradeDirect uses AccountProfileDataBean [16]
daytrader-ee7-ejb.com.ibm.websphere.samples.daytrader.direct.TradeDirect,returns,daytrader-ee7-ejb.com.ibm.websphere.samples.daytrader.entities.HoldingDataBean,TradeDirect uses HoldingDataBean [16]
daytrader-ee7-ejb.com.ibm.websphere.samples.daytrader.direct.TradeDirect,returns,daytrader-ee7-ejb.com.ibm.websphere.samples.daytrader.entities.OrderDataBean,TradeDirect uses OrderDataBean [22]
daytrader-ee7-ejb.com.ibm.websphere.samples.daytrader.direct.TradeDirect,returns,daytrader-ee7-ejb.com.ibm.websphere.samples.daytrader.entities.QuoteDataBean,TradeDirect uses QuoteDataBean [32]
daytrader-ee7-ejb.com.ibm.websphere.samples.daytrader.direct.TradeDirect,references,daytrader-ee7-ejb.com.ibm.websphere.samples.daytrader.util.CompleteOrderThread,TradeDirect uses CompleteOrderThread [2]
daytrader-ee7-ejb.com.ibm.websphere.samples.daytrader.direct.TradeDirect,calls,daytrader-ee7-ejb.com.ibm.websphere.samples.daytrader.util.Log,TradeDirect uses Log [106]
daytrader-ee7-ejb.com.ibm.websphere.samples.daytrader.direct.TradeDirect,references,daytrader-ee7-ejb.com.ibm.websphere.samples.daytrader.util.MDBStats,TradeDirect uses MDBStats [6]
daytrader-ee7-ejb.com.ibm.websphere.samples.daytrader.direct.TradeDirect,references,daytrader-ee7-ejb.com.ibm.websphere.samples.daytrader.util.TradeConfig,TradeDirect uses TradeConfig [11]
daytrader-ee7-ejb.com.ibm.websphere.samples.daytrader.ejb3.DTBroker3MDB,returns,daytrader-ee7-ejb.com.ibm.websphere.samples.daytrader.TradeServices,DTBroker3MDB uses TradeServices [3]
daytrader-ee7-ejb.com.ibm.websphere.samples.daytrader.ejb3.DTBroker3MDB,references,daytrader-ee7-ejb.com.ibm.websphere.samples.daytrader.direct.TradeDirect,DTBroker3MDB uses TradeDirect [2]
daytrader-ee7-ejb.com.ibm.websphere.samples.daytrader.ejb3.DTBroker3MDB,is type,daytrader-ee7-ejb.com.ibm.websphere.samples.daytrader.ejb3.TradeSLSBLocal,DTBroker3MDB uses TradeSLSBLocal [1]
daytrader-ee7-ejb.com.ibm.websphere.samples.daytrader.ejb3.DTBroker3MDB,references,daytrader-ee7-ejb.com.ibm.websphere.samples.daytrader.entities.OrderDataBean,DTBroker3MDB uses OrderDataBean [1]
daytrader-ee7-ejb.com.ibm.websphere.samples.daytrader.ejb3.DTBroker3MDB,calls,daytrader-ee7-ejb.com.ibm.websphere.samples.daytrader.util.Log,DTBroker3MDB uses Log [8]
daytrader-ee7-ejb.com.ibm.websphere.samples.daytrader.ejb3.DTBroker3MDB,references,daytrader-ee7-ejb.com.ibm.websphere.samples.daytrader.util.MDBStats,DTBroker3MDB uses MDBStats [4]
daytrader-ee7-ejb.com.ibm.websphere.samples.daytrader.ejb3.DTBroker3MDB,references,daytrader-ee7-ejb.com.ibm.websphere.samples.daytrader.util.TimerStat,DTBroker3MDB uses TimerStat [5]
daytrader-ee7-ejb.com.ibm.websphere.samples.daytrader.ejb3.DTStreamer3MDB,calls,daytrader-ee7-ejb.com.ibm.websphere.samples.daytrader.util.Log,DTStreamer3MDB uses Log [8]
daytrader-ee7-ejb.com.ibm.websphere.samples.daytrader.ejb3.DTStreamer3MDB,references,daytrader-ee7-ejb.com.ibm.websphere.samples.daytrader.util.MDBStats,DTStreamer3MDB uses MDBStats [4]
daytrader-ee7-ejb.com.ibm.websphere.samples.daytrader.ejb3.DTStreamer3MDB,references,daytrader-ee7-ejb.com.ibm.websphere.samples.daytrader.util.TimerStat,DTStreamer3MDB uses TimerStat [5]
daytrader-ee7-ejb.com.ibm.websphere.samples.daytrader.ejb3.DTStreamer3MDB,calls,daytrader-ee7-ejb.com.ibm.websphere.samples.daytrader.util.TradeConfig,DTStreamer3MDB uses TradeConfig [2]
daytrader-ee7-ejb.com.ibm.websphere.samples.daytrader.ejb3.DTStreamer3MDB,references,daytrader-ee7-ejb.com.ibm.websphere.samples.daytrader.util.WebSocketJMSMessage,DTStreamer3MDB uses WebSocketJMSMessage [1]
daytrader-ee7-ejb.com.ibm.websphere.samples.daytrader.ejb3.MarketSummarySingleton,returns,daytrader-ee7-ejb.com.ibm.websphere.samples.daytrader.beans.MarketSummaryDataBean,MarketSummarySingleton uses MarketSummaryDataBean [5]
daytrader-ee7-ejb.com.ibm.websphere.samples.daytrader.ejb3.MarketSummarySingleton,references,daytrader-ee7-ejb.com.ibm.websphere.samples.daytrader.entities.QuoteDataBean,MarketSummarySingleton uses QuoteDataBean [4]
daytrader-ee7-ejb.com.ibm.websphere.samples.daytrader.ejb3.MarketSummarySingleton,references,daytrader-ee7-ejb.com.ibm.websphere.samples.daytrader.util.FinancialUtils,MarketSummarySingleton uses FinancialUtils [1]
daytrader-ee7-ejb.com.ibm.websphere.samples.daytrader.ejb3.MarketSummarySingleton,calls,daytrader-ee7-ejb.com.ibm.websphere.samples.daytrader.util.Log,MarketSummarySingleton uses Log [3]
daytrader-ee7-ejb.com.ibm.websphere.samples.daytrader.ejb3.MarketSummarySingleton,calls,daytrader-ee7-ejb.com.ibm.websphere.samples.daytrader.util.TradeConfig,MarketSummarySingleton uses TradeConfig [1]
daytrader-ee7-ejb.com.ibm.websphere.samples.daytrader.ejb3.TradeSLSBBean,references,daytrader-ee7-ejb.com.ibm.websphere.samples.daytrader.TradeAction,TradeSLSBBean uses TradeAction [3]
daytrader-ee7-ejb.com.ibm.websphere.samples.daytrader.ejb3.TradeSLSBBean,returns,daytrader-ee7-ejb.com.ibm.websphere.samples.daytrader.beans.MarketSummaryDataBean,TradeSLSBBean uses MarketSummaryDataBean [1]
daytrader-ee7-ejb.com.ibm.websphere.samples.daytrader.ejb3.TradeSLSBBean,returns,daytrader-ee7-ejb.com.ibm.websphere.samples.daytrader.beans.RunStatsDataBean,TradeSLSBBean uses RunStatsDataBean [1]
daytrader-ee7-ejb.com.ibm.websphere.samples.daytrader.ejb3.TradeSLSBBean,references,daytrader-ee7-ejb.com.ibm.websphere.samples.daytrader.direct.TradeDirect,TradeSLSBBean uses TradeDirect [3]
daytrader-ee7-ejb.com.ibm.websphere.samples.daytrader.ejb3.TradeSLSBBean,calls,daytrader-ee7-ejb.com.ibm.websphere.samples.daytrader.ejb3.MarketSummarySingleton,TradeSLSBBean uses MarketSummarySingleton [2]
daytrader-ee7-ejb.com.ibm.websphere.samples.daytrader.ejb3.TradeSLSBBean,implements,daytrader-ee7-ejb.com.ibm.websphere.samples.daytrader.ejb3.TradeSLSBLocal,TradeSLSBBean uses TradeSLSBLocal [3]
daytrader-ee7-ejb.com.ibm.websphere.samples.daytrader.ejb3.TradeSLSBBean,implements,daytrader-ee7-ejb.com.ibm.websphere.samples.daytrader.ejb3.TradeSLSBRemote,TradeSLSBBean uses TradeSLSBRemote [1]
daytrader-ee7-ejb.com.ibm.websphere.samples.daytrader.ejb3.TradeSLSBBean,returns,daytrader-ee7-ejb.com.ibm.websphere.samples.daytrader.entities.AccountDataBean,TradeSLSBBean uses AccountDataBean [22]
daytrader-ee7-ejb.com.ibm.websphere.samples.daytrader.ejb3.TradeSLSBBean,returns,daytrader-ee7-ejb.com.ibm.websphere.samples.daytrader.entities.AccountProfileDataBean,TradeSLSBBean uses AccountProfileDataBean [31]
daytrader-ee7-ejb.com.ibm.websphere.samples.daytrader.ejb3.TradeSLSBBean,returns,daytrader-ee7-ejb.com.ibm.websphere.samples.daytrader.entities.HoldingDataBean,TradeSLSBBean uses HoldingDataBean [11]
daytrader-ee7-ejb.com.ibm.websphere.samples.daytrader.ejb3.TradeSLSBBean,returns,daytrader-ee7-ejb.com.ibm.websphere.samples.daytrader.entities.OrderDataBean,TradeSLSBBean uses OrderDataBean [29]
daytrader-ee7-ejb.com.ibm.websphere.samples.daytrader.ejb3.TradeSLSBBean,returns,daytrader-ee7-ejb.com.ibm.websphere.samples.daytrader.entities.QuoteDataBean,TradeSLSBBean uses QuoteDataBean [32]
daytrader-ee7-ejb.com.ibm.websphere.samples.daytrader.ejb3.TradeSLSBBean,references,daytrader-ee7-ejb.com.ibm.websphere.samples.daytrader.util.CompleteOrderThread,TradeSLSBBean uses CompleteOrderThread [2]
daytrader-ee7-ejb.com.ibm.websphere.samples.daytrader.ejb3.TradeSLSBBean,calls,daytrader-ee7-ejb.com.ibm.websphere.samples.daytrader.util.Log,TradeSLSBBean uses Log [65]
daytrader-ee7-ejb.com.ibm.websphere.samples.daytrader.ejb3.TradeSLSBBean,references,daytrader-ee7-ejb.com.ibm.websphere.samples.daytrader.util.TradeConfig,TradeSLSBBean uses TradeConfig [11]
daytrader-ee7-ejb.com.ibm.websphere.samples.daytrader.ejb3.TradeSLSBLocal,extends,daytrader-ee7-ejb.com.ibm.websphere.samples.daytrader.TradeServices,TradeSLSBLocal uses TradeServices [1]
daytrader-ee7-ejb.com.ibm.websphere.samples.daytrader.ejb3.TradeSLSBLocal,returns,daytrader-ee7-ejb.com.ibm.websphere.samples.daytrader.entities.QuoteDataBean,TradeSLSBLocal uses QuoteDataBean [2]
daytrader-ee7-ejb.com.ibm.websphere.samples.daytrader.ejb3.TradeSLSBRemote,extends,daytrader-ee7-ejb.com.ibm.websphere.samples.daytrader.TradeServices,TradeSLSBRemote uses TradeServices [1]
daytrader-ee7-ejb.com.ibm.websphere.samples.daytrader.ejb3.TradeSLSBRemote,returns,daytrader-ee7-ejb.com.ibm.websphere.samples.daytrader.entities.QuoteDataBean,TradeSLSBRemote uses QuoteDataBean [2]
daytrader-ee7-ejb.com.ibm.websphere.samples.daytrader.entities.AccountDataBean,returns,daytrader-ee7-ejb.com.ibm.websphere.samples.daytrader.entities.AccountProfileDataBean,AccountDataBean uses AccountProfileDataBean [6]
daytrader-ee7-ejb.com.ibm.websphere.samples.daytrader.entities.AccountDataBean,references,daytrader-ee7-ejb.com.ibm.websphere.samples.daytrader.entities.HoldingDataBean,AccountDataBean uses HoldingDataBean [3]
daytrader-ee7-ejb.com.ibm.websphere.samples.daytrader.entities.AccountDataBean,references,daytrader-ee7-ejb.com.ibm.websphere.samples.daytrader.entities.OrderDataBean,AccountDataBean uses OrderDataBean [3]
daytrader-ee7-ejb.com.ibm.websphere.samples.daytrader.entities.AccountDataBean,calls,daytrader-ee7-ejb.com.ibm.websphere.samples.daytrader.util.Log,AccountDataBean uses Log [1]
daytrader-ee7-ejb.com.ibm.websphere.samples.daytrader.entities.AccountDataBean,calls,daytrader-ee7-ejb.com.ibm.websphere.samples.daytrader.util.TradeConfig,AccountDataBean uses TradeConfig [3]
daytrader-ee7-ejb.com.ibm.websphere.samples.daytrader.entities.AccountProfileDataBean,returns,daytrader-ee7-ejb.com.ibm.websphere.samples.daytrader.entities.AccountDataBean,AccountProfileDataBean uses AccountDataBean [3]
daytrader-ee7-ejb.com.ibm.websphere.samples.daytrader.entities.AccountProfileDataBean,calls,daytrader-ee7-ejb.com.ibm.websphere.samples.daytrader.util.Log,AccountProfileDataBean uses Log [1]
daytrader-ee7-ejb.com.ibm.websphere.samples.daytrader.entities.AccountProfileDataBean,calls,daytrader-ee7-ejb.com.ibm.websphere.samples.daytrader.util.TradeConfig,AccountProfileDataBean uses TradeConfig [5]
daytrader-ee7-ejb.com.ibm.websphere.samples.daytrader.entities.HoldingDataBean,returns,daytrader-ee7-ejb.com.ibm.websphere.samples.daytrader.entities.AccountDataBean,HoldingDataBean uses AccountDataBean [4]
daytrader-ee7-ejb.com.ibm.websphere.samples.daytrader.entities.HoldingDataBean,returns,daytrader-ee7-ejb.com.ibm.websphere.samples.daytrader.entities.QuoteDataBean,HoldingDataBean uses QuoteDataBean [5]
daytrader-ee7-ejb.com.ibm.websphere.samples.daytrader.entities.HoldingDataBean,calls,daytrader-ee7-ejb.com.ibm.websphere.samples.daytrader.util.Log,HoldingDataBean uses Log [1]
daytrader-ee7-ejb.com.ibm.websphere.samples.daytrader.entities.HoldingDataBean,calls,daytrader-ee7-ejb.com.ibm.websphere.samples.daytrader.util.TradeConfig,HoldingDataBean uses TradeConfig [4]
daytrader-ee7-ejb.com.ibm.websphere.samples.daytrader.entities.OrderDataBean,returns,daytrader-ee7-ejb.com.ibm.websphere.samples.daytrader.entities.AccountDataBean,OrderDataBean uses AccountDataBean [4]
daytrader-ee7-ejb.com.ibm.websphere.samples.daytrader.entities.OrderDataBean,returns,daytrader-ee7-ejb.com.ibm.websphere.samples.daytrader.entities.HoldingDataBean,OrderDataBean uses HoldingDataBean [4]
daytrader-ee7-ejb.com.ibm.websphere.samples.daytrader.entities.OrderDataBean,returns,daytrader-ee7-ejb.com.ibm.websphere.samples.daytrader.entities.QuoteDataBean,OrderDataBean uses QuoteDataBean [5]
daytrader-ee7-ejb.com.ibm.websphere.samples.daytrader.entities.OrderDataBean,calls,daytrader-ee7-ejb.com.ibm.websphere.samples.daytrader.util.Log,OrderDataBean uses Log [1]
daytrader-ee7-ejb.com.ibm.websphere.samples.daytrader.entities.OrderDataBean,calls,daytrader-ee7-ejb.com.ibm.websphere.samples.daytrader.util.TradeConfig,OrderDataBean uses TradeConfig [5]
daytrader-ee7-ejb.com.ibm.websphere.samples.daytrader.entities.QuoteDataBean,calls,daytrader-ee7-ejb.com.ibm.websphere.samples.daytrader.util.Log,QuoteDataBean uses Log [1]
daytrader-ee7-ejb.com.ibm.websphere.samples.daytrader.entities.QuoteDataBean,calls,daytrader-ee7-ejb.com.ibm.websphere.samples.daytrader.util.TradeConfig,QuoteDataBean uses TradeConfig [3]
daytrader-ee7-ejb.com.ibm.websphere.samples.daytrader.util.CompleteOrderThread,references,daytrader-ee7-ejb.com.ibm.websphere.samples.daytrader.TradeServices,CompleteOrderThread uses TradeServices [2]
daytrader-ee7-ejb.com.ibm.websphere.samples.daytrader.util.CompleteOrderThread,references,daytrader-ee7-ejb.com.ibm.websphere.samples.daytrader.direct.TradeDirect,CompleteOrderThread uses TradeDirect [2]
daytrader-ee7-ejb.com.ibm.websphere.samples.daytrader.util.CompleteOrderThread,references,daytrader-ee7-ejb.com.ibm.websphere.samples.daytrader.ejb3.TradeSLSBBean,CompleteOrderThread uses TradeSLSBBean [1]
daytrader-ee7-ejb.com.ibm.websphere.samples.daytrader.util.CompleteOrderThread,references,daytrader-ee7-ejb.com.ibm.websphere.samples.daytrader.entities.OrderDataBean,CompleteOrderThread uses OrderDataBean [1]
daytrader-ee7-ejb.com.ibm.websphere.samples.daytrader.util.CompleteOrderThread,calls,daytrader-ee7-ejb.com.ibm.websphere.samples.daytrader.util.TradeConfig,CompleteOrderThread uses TradeConfig [1]
daytrader-ee7-ejb.com.ibm.websphere.samples.daytrader.util.FinancialUtils,references,daytrader-ee7-ejb.com.ibm.websphere.samples.daytrader.entities.HoldingDataBean,FinancialUtils uses HoldingDataBean [3]
daytrader-ee7-ejb.com.ibm.websphere.samples.daytrader.util.Log,calls,daytrader-ee7-ejb.com.ibm.websphere.samples.daytrader.util.TradeConfig,Log uses TradeConfig [4]
daytrader-ee7-ejb.com.ibm.websphere.samples.daytrader.util.MDBStats,returns,daytrader-ee7-ejb.com.ibm.websphere.samples.daytrader.util.TimerStat,MDBStats uses TimerStat [11]
daytrader-ee7-ejb.com.ibm.websphere.samples.daytrader.util.TradeConfig,calls,daytrader-ee7-ejb.com.ibm.websphere.samples.daytrader.util.Log,TradeConfig uses Log [5]
daytrader-ee7-web.com.ibm.websphere.samples.daytrader.web.OrdersAlertFilter,references,daytrader-ee7-ejb.com.ibm.websphere.samples.daytrader.TradeAction,OrdersAlertFilter uses TradeAction [2]
daytrader-ee7-web.com.ibm.websphere.samples.daytrader.web.OrdersAlertFilter,references,daytrader-ee7-ejb.com.ibm.websphere.samples.daytrader.TradeServices,OrdersAlertFilter uses TradeServices [2]
daytrader-ee7-web.com.ibm.websphere.samples.daytrader.web.OrdersAlertFilter,calls,daytrader-ee7-ejb.com.ibm.websphere.samples.daytrader.util.Log,OrdersAlertFilter uses Log [3]
daytrader-ee7-web.com.ibm.websphere.samples.daytrader.web.OrdersAlertFilter,calls,daytrader-ee7-ejb.com.ibm.websphere.samples.daytrader.util.TradeConfig,OrdersAlertFilter uses TradeConfig [1]
daytrader-ee7-web.com.ibm.websphere.samples.daytrader.web.TestServlet,references,daytrader-ee7-ejb.com.ibm.websphere.samples.daytrader.TradeAction,TestServlet uses TradeAction [3]
daytrader-ee7-web.com.ibm.websphere.samples.daytrader.web.TestServlet,references,daytrader-ee7-ejb.com.ibm.websphere.samples.daytrader.entities.QuoteDataBean,TestServlet uses QuoteDataBean [1]
daytrader-ee7-web.com.ibm.websphere.samples.daytrader.web.TestServlet,calls,daytrader-ee7-ejb.com.ibm.websphere.samples.daytrader.util.Log,TestServlet uses Log [2]
daytrader-ee7-web.com.ibm.websphere.samples.daytrader.web.TestServlet,references,daytrader-ee7-ejb.com.ibm.websphere.samples.daytrader.util.TradeConfig,TestServlet uses TradeConfig [1]
daytrader-ee7-web.com.ibm.websphere.samples.daytrader.web.TradeAppServlet,calls,daytrader-ee7-ejb.com.ibm.websphere.samples.daytrader.util.TradeConfig,TradeAppServlet uses TradeConfig [1]
daytrader-ee7-web.com.ibm.websphere.samples.daytrader.web.TradeAppServlet,references,daytrader-ee7-web.com.ibm.websphere.samples.daytrader.web.TradeServletAction,TradeAppServlet uses TradeServletAction [14]
daytrader-ee7-web.com.ibm.websphere.samples.daytrader.web.TradeBuildDB,references,daytrader-ee7-ejb.com.ibm.websphere.samples.daytrader.beans.RunStatsDataBean,TradeBuildDB uses RunStatsDataBean [1]
daytrader-ee7-web.com.ibm.websphere.samples.daytrader.web.TradeBuildDB,references,daytrader-ee7-ejb.com.ibm.websphere.samples.daytrader.direct.TradeDirect,TradeBuildDB uses TradeDirect [7]
daytrader-ee7-web.com.ibm.websphere.samples.daytrader.web.TradeBuildDB,references,daytrader-ee7-ejb.com.ibm.websphere.samples.daytrader.entities.AccountDataBean,TradeBuildDB uses AccountDataBean [2]
daytrader-ee7-web.com.ibm.websphere.samples.daytrader.web.TradeBuildDB,references,daytrader-ee7-ejb.com.ibm.websphere.samples.daytrader.entities.OrderDataBean,TradeBuildDB uses OrderDataBean [1]
daytrader-ee7-web.com.ibm.websphere.samples.daytrader.web.TradeBuildDB,references,daytrader-ee7-ejb.com.ibm.websphere.samples.daytrader.entities.QuoteDataBean,TradeBuildDB uses QuoteDataBean [1]
daytrader-ee7-web.com.ibm.websphere.samples.daytrader.web.TradeBuildDB,calls,daytrader-ee7-ejb.com.ibm.websphere.samples.daytrader.util.Log,TradeBuildDB uses Log [4]
daytrader-ee7-web.com.ibm.websphere.samples.daytrader.web.TradeBuildDB,references,daytrader-ee7-ejb.com.ibm.websphere.samples.daytrader.util.TradeConfig,TradeBuildDB uses TradeConfig [12]
daytrader-ee7-web.com.ibm.websphere.samples.daytrader.web.TradeConfigServlet,references,daytrader-ee7-ejb.com.ibm.websphere.samples.daytrader.TradeAction,TradeConfigServlet uses TradeAction [3]
daytrader-ee7-web.com.ibm.websphere.samples.daytrader.web.TradeConfigServlet,references,daytrader-ee7-ejb.com.ibm.websphere.samples.daytrader.beans.RunStatsDataBean,TradeConfigServlet uses RunStatsDataBean [2]
daytrader-ee7-web.com.ibm.websphere.samples.daytrader.web.TradeConfigServlet,references,daytrader-ee7-ejb.com.ibm.websphere.samples.daytrader.direct.TradeDirect,TradeConfigServlet uses TradeDirect [3]
daytrader-ee7-web.com.ibm.websphere.samples.daytrader.web.TradeConfigServlet,calls,daytrader-ee7-ejb.com.ibm.websphere.samples.daytrader.util.Log,TradeConfigServlet uses Log [6]
daytrader-ee7-web.com.ibm.websphere.samples.daytrader.web.TradeConfigServlet,references,daytrader-ee7-ejb.com.ibm.websphere.samples.daytrader.util.TradeConfig,TradeConfigServlet uses TradeConfig [36]
daytrader-ee7-web.com.ibm.websphere.samples.daytrader.web.TradeConfigServlet,references,daytrader-ee7-web.com.ibm.websphere.samples.daytrader.web.TradeBuildDB,TradeConfigServlet uses TradeBuildDB [2]
daytrader-ee7-web.com.ibm.websphere.samples.daytrader.web.TradeScenarioServlet,references,daytrader-ee7-ejb.com.ibm.websphere.samples.daytrader.entities.HoldingDataBean,TradeScenarioServlet uses HoldingDataBean [3]
daytrader-ee7-web.com.ibm.websphere.samples.daytrader.web.TradeScenarioServlet,calls,daytrader-ee7-ejb.com.ibm.websphere.samples.daytrader.util.Log,TradeScenarioServlet uses Log [3]
daytrader-ee7-web.com.ibm.websphere.samples.daytrader.web.TradeScenarioServlet,calls,daytrader-ee7-ejb.com.ibm.websphere.samples.daytrader.util.TradeConfig,TradeScenarioServlet uses TradeConfig [14]
daytrader-ee7-web.com.ibm.websphere.samples.daytrader.web.TradeServletAction,references,daytrader-ee7-ejb.com.ibm.websphere.samples.daytrader.TradeAction,TradeServletAction uses TradeAction [2]
daytrader-ee7-web.com.ibm.websphere.samples.daytrader.web.TradeServletAction,calls,daytrader-ee7-ejb.com.ibm.websphere.samples.daytrader.TradeServices,TradeServletAction uses TradeServices [14]
daytrader-ee7-web.com.ibm.websphere.samples.daytrader.web.TradeServletAction,references,daytrader-ee7-ejb.com.ibm.websphere.samples.daytrader.entities.AccountDataBean,TradeServletAction uses AccountDataBean [5]
daytrader-ee7-web.com.ibm.websphere.samples.daytrader.web.TradeServletAction,references,daytrader-ee7-ejb.com.ibm.websphere.samples.daytrader.entities.AccountProfileDataBean,TradeServletAction uses AccountProfileDataBean [3]
daytrader-ee7-web.com.ibm.websphere.samples.daytrader.web.TradeServletAction,references,daytrader-ee7-ejb.com.ibm.websphere.samples.daytrader.entities.HoldingDataBean,TradeServletAction uses HoldingDataBean [2]
daytrader-ee7-web.com.ibm.websphere.samples.daytrader.web.TradeServletAction,references,daytrader-ee7-ejb.com.ibm.websphere.samples.daytrader.entities.OrderDataBean,TradeServletAction uses OrderDataBean [2]
daytrader-ee7-web.com.ibm.websphere.samples.daytrader.web.TradeServletAction,references,daytrader-ee7-ejb.com.ibm.websphere.samples.daytrader.entities.QuoteDataBean,TradeServletAction uses QuoteDataBean [1]
daytrader-ee7-web.com.ibm.websphere.samples.daytrader.web.TradeServletAction,calls,daytrader-ee7-ejb.com.ibm.websphere.samples.daytrader.util.Log,TradeServletAction uses Log [9]
daytrader-ee7-web.com.ibm.websphere.samples.daytrader.web.TradeServletAction,references,daytrader-ee7-ejb.com.ibm.websphere.samples.daytrader.util.TradeConfig,TradeServletAction uses TradeConfig [14]
daytrader-ee7-web.com.ibm.websphere.samples.daytrader.web.TradeWebContextListener,calls,daytrader-ee7-ejb.com.ibm.websphere.samples.daytrader.direct.TradeDirect,TradeWebContextListener uses TradeDirect [1]
daytrader-ee7-web.com.ibm.websphere.samples.daytrader.web.TradeWebContextListener,calls,daytrader-ee7-ejb.com.ibm.websphere.samples.daytrader.util.Log,TradeWebContextListener uses Log [2]
daytrader-ee7-web.com.ibm.websphere.samples.daytrader.web.TradeWebContextListener,calls,daytrader-ee7-ejb.com.ibm.websphere.samples.daytrader.util.TradeConfig,TradeWebContextListener uses TradeConfig [14]
daytrader-ee7-web.com.ibm.websphere.samples.daytrader.web.jsf.AccountDataJSF,calls,daytrader-ee7-ejb.com.ibm.websphere.samples.daytrader.TradeAction,AccountDataJSF uses TradeAction [5]
daytrader-ee7-web.com.ibm.websphere.samples.daytrader.web.jsf.AccountDataJSF,has param,daytrader-ee7-ejb.com.ibm.websphere.samples.daytrader.entities.AccountDataBean,AccountDataJSF uses AccountDataBean [10]
daytrader-ee7-web.com.ibm.websphere.samples.daytrader.web.jsf.AccountDataJSF,references,daytrader-ee7-ejb.com.ibm.websphere.samples.daytrader.entities.OrderDataBean,AccountDataJSF uses OrderDataBean [10]
daytrader-ee7-web.com.ibm.websphere.samples.daytrader.web.jsf.AccountDataJSF,calls,daytrader-ee7-ejb.com.ibm.websphere.samples.daytrader.util.FinancialUtils,AccountDataJSF uses FinancialUtils [5]
daytrader-ee7-web.com.ibm.websphere.samples.daytrader.web.jsf.AccountDataJSF,calls,daytrader-ee7-ejb.com.ibm.websphere.samples.daytrader.util.TradeConfig,AccountDataJSF uses TradeConfig [2]
daytrader-ee7-web.com.ibm.websphere.samples.daytrader.web.jsf.AccountDataJSF,returns,daytrader-ee7-web.com.ibm.websphere.samples.daytrader.web.jsf.OrderData,AccountDataJSF uses OrderData [9]
daytrader-ee7-web.com.ibm.websphere.samples.daytrader.web.jsf.HoldingData,calls,daytrader-ee7-ejb.com.ibm.websphere.samples.daytrader.util.FinancialUtils,HoldingData uses FinancialUtils [1]
daytrader-ee7-web.com.ibm.websphere.samples.daytrader.web.jsf.LoginValidator,calls,daytrader-ee7-ejb.com.ibm.websphere.samples.daytrader.util.Log,LoginValidator uses Log [2]
daytrader-ee7-web.com.ibm.websphere.samples.daytrader.web.jsf.MarketSummaryJSF,calls,daytrader-ee7-ejb.com.ibm.websphere.samples.daytrader.TradeAction,MarketSummaryJSF uses TradeAction [2]
daytrader-ee7-web.com.ibm.websphere.samples.daytrader.web.jsf.MarketSummaryJSF,references,daytrader-ee7-ejb.com.ibm.websphere.samples.daytrader.beans.MarketSummaryDataBean,MarketSummaryJSF uses MarketSummaryDataBean [7]
daytrader-ee7-web.com.ibm.websphere.samples.daytrader.web.jsf.MarketSummaryJSF,references,daytrader-ee7-ejb.com.ibm.websphere.samples.daytrader.entities.QuoteDataBean,MarketSummaryJSF uses QuoteDataBean [4]
daytrader-ee7-web.com.ibm.websphere.samples.daytrader.web.jsf.MarketSummaryJSF,calls,daytrader-ee7-ejb.com.ibm.websphere.samples.daytrader.util.FinancialUtils,MarketSummaryJSF uses FinancialUtils [1]
daytrader-ee7-web.com.ibm.websphere.samples.daytrader.web.jsf.MarketSummaryJSF,returns,daytrader-ee7-web.com.ibm.websphere.samples.daytrader.web.jsf.QuoteData,MarketSummaryJSF uses QuoteData [8]
daytrader-ee7-web.com.ibm.websphere.samples.daytrader.web.jsf.OrderDataJSF,calls,daytrader-ee7-ejb.com.ibm.websphere.samples.daytrader.TradeAction,OrderDataJSF uses TradeAction [2]
daytrader-ee7-web.com.ibm.websphere.samples.daytrader.web.jsf.OrderDataJSF,references,daytrader-ee7-ejb.com.ibm.websphere.samples.daytrader.entities.OrderDataBean,OrderDataJSF uses OrderDataBean [10]
daytrader-ee7-web.com.ibm.websphere.samples.daytrader.web.jsf.OrderDataJSF,calls,daytrader-ee7-ejb.com.ibm.websphere.samples.daytrader.util.TradeConfig,OrderDataJSF uses TradeConfig [1]
daytrader-ee7-web.com.ibm.websphere.samples.daytrader.web.jsf.OrderDataJSF,returns,daytrader-ee7-web.com.ibm.websphere.samples.daytrader.web.jsf.OrderData,OrderDataJSF uses OrderData [13]
daytrader-ee7-web.com.ibm.websphere.samples.daytrader.web.jsf.PortfolioJSF,references,daytrader-ee7-ejb.com.ibm.websphere.samples.daytrader.TradeAction,PortfolioJSF uses TradeAction [6]
daytrader-ee7-web.com.ibm.websphere.samples.daytrader.web.jsf.PortfolioJSF,references,daytrader-ee7-ejb.com.ibm.websphere.samples.daytrader.entities.HoldingDataBean,PortfolioJSF uses HoldingDataBean [6]
daytrader-ee7-web.com.ibm.websphere.samples.daytrader.web.jsf.PortfolioJSF,references,daytrader-ee7-ejb.com.ibm.websphere.samples.daytrader.entities.OrderDataBean,PortfolioJSF uses OrderDataBean [9]
daytrader-ee7-web.com.ibm.websphere.samples.daytrader.web.jsf.PortfolioJSF,references,daytrader-ee7-ejb.com.ibm.websphere.samples.daytrader.entities.QuoteDataBean,PortfolioJSF uses QuoteDataBean [2]
daytrader-ee7-web.com.ibm.websphere.samples.daytrader.web.jsf.PortfolioJSF,calls,daytrader-ee7-ejb.com.ibm.websphere.samples.daytrader.util.FinancialUtils,PortfolioJSF uses FinancialUtils [2]
daytrader-ee7-web.com.ibm.websphere.samples.daytrader.web.jsf.PortfolioJSF,references,daytrader-ee7-ejb.com.ibm.websphere.samples.daytrader.util.TradeConfig,PortfolioJSF uses TradeConfig [1]
daytrader-ee7-web.com.ibm.websphere.samples.daytrader.web.jsf.PortfolioJSF,references,daytrader-ee7-web.com.ibm.websphere.samples.daytrader.web.jsf.HoldingData,PortfolioJSF uses HoldingData [16]
daytrader-ee7-web.com.ibm.websphere.samples.daytrader.web.jsf.PortfolioJSF,references,daytrader-ee7-web.com.ibm.websphere.samples.daytrader.web.jsf.OrderData,PortfolioJSF uses OrderData [2]
daytrader-ee7-web.com.ibm.websphere.samples.daytrader.web.jsf.QuoteData,calls,daytrader-ee7-ejb.com.ibm.websphere.samples.daytrader.util.FinancialUtils,QuoteData uses FinancialUtils [4]
daytrader-ee7-web.com.ibm.websphere.samples.daytrader.web.jsf.QuoteJSF,calls,daytrader-ee7-ejb.com.ibm.websphere.samples.daytrader.TradeAction,QuoteJSF uses TradeAction [3]
daytrader-ee7-web.com.ibm.websphere.samples.daytrader.web.jsf.QuoteJSF,references,daytrader-ee7-ejb.com.ibm.websphere.samples.daytrader.entities.OrderDataBean,QuoteJSF uses OrderDataBean [9]
daytrader-ee7-web.com.ibm.websphere.samples.daytrader.web.jsf.QuoteJSF,references,daytrader-ee7-ejb.com.ibm.websphere.samples.daytrader.entities.QuoteDataBean,QuoteJSF uses QuoteDataBean [9]
daytrader-ee7-web.com.ibm.websphere.samples.daytrader.web.jsf.QuoteJSF,calls,daytrader-ee7-ejb.com.ibm.websphere.samples.daytrader.util.Log,QuoteJSF uses Log [2]
daytrader-ee7-web.com.ibm.websphere.samples.daytrader.web.jsf.QuoteJSF,references,daytrader-ee7-ejb.com.ibm.websphere.samples.daytrader.util.TradeConfig,QuoteJSF uses TradeConfig [1]
daytrader-ee7-web.com.ibm.websphere.samples.daytrader.web.jsf.QuoteJSF,references,daytrader-ee7-web.com.ibm.websphere.samples.daytrader.web.jsf.OrderData,QuoteJSF uses OrderData [2]
daytrader-ee7-web.com.ibm.websphere.samples.daytrader.web.jsf.QuoteJSF,returns,daytrader-ee7-web.com.ibm.websphere.samples.daytrader.web.jsf.QuoteData,QuoteJSF uses QuoteData [7]
daytrader-ee7-web.com.ibm.websphere.samples.daytrader.web.jsf.TradeActionProducer,returns,daytrader-ee7-ejb.com.ibm.websphere.samples.daytrader.TradeAction,TradeActionProducer uses TradeAction [2]
daytrader-ee7-web.com.ibm.websphere.samples.daytrader.web.jsf.TradeAppJSF,references,daytrader-ee7-ejb.com.ibm.websphere.samples.daytrader.TradeAction,TradeAppJSF uses TradeAction [12]
daytrader-ee7-web.com.ibm.websphere.samples.daytrader.web.jsf.TradeAppJSF,references,daytrader-ee7-ejb.com.ibm.websphere.samples.daytrader.entities.AccountDataBean,TradeAppJSF uses AccountDataBean [3]
daytrader-ee7-web.com.ibm.websphere.samples.daytrader.web.jsf.TradeAppJSF,references,daytrader-ee7-ejb.com.ibm.websphere.samples.daytrader.entities.AccountProfileDataBean,TradeAppJSF uses AccountProfileDataBean [8]
daytrader-ee7-web.com.ibm.websphere.samples.daytrader.web.jsf.TradeAppJSF,calls,daytrader-ee7-ejb.com.ibm.websphere.samples.daytrader.util.Log,TradeAppJSF uses Log [4]
daytrader-ee7-web.com.ibm.websphere.samples.daytrader.web.jsf.TradeConfigJSF,references,daytrader-ee7-ejb.com.ibm.websphere.samples.daytrader.TradeAction,TradeConfigJSF uses TradeAction [3]
daytrader-ee7-web.com.ibm.websphere.samples.daytrader.web.jsf.TradeConfigJSF,references,daytrader-ee7-ejb.com.ibm.websphere.samples.daytrader.beans.RunStatsDataBean,TradeConfigJSF uses RunStatsDataBean [2]
daytrader-ee7-web.com.ibm.websphere.samples.daytrader.web.jsf.TradeConfigJSF,references,daytrader-ee7-ejb.com.ibm.websphere.samples.daytrader.direct.TradeDirect,TradeConfigJSF uses TradeDirect [3]
daytrader-ee7-web.com.ibm.websphere.samples.daytrader.web.jsf.TradeConfigJSF,calls,daytrader-ee7-ejb.com.ibm.websphere.samples.daytrader.util.Log,TradeConfigJSF uses Log [5]
daytrader-ee7-web.com.ibm.websphere.samples.daytrader.web.jsf.TradeConfigJSF,references,daytrader-ee7-ejb.com.ibm.websphere.samples.daytrader.util.TradeConfig,TradeConfigJSF uses TradeConfig [48]
daytrader-ee7-web.com.ibm.websphere.samples.daytrader.web.jsf.TradeConfigJSF,references,daytrader-ee7-web.com.ibm.websphere.samples.daytrader.web.TradeBuildDB,TradeConfigJSF uses TradeBuildDB [4]
daytrader-ee7-web.com.ibm.websphere.samples.daytrader.web.prims.ExplicitGC,calls,daytrader-ee7-ejb.com.ibm.websphere.samples.daytrader.util.Log,ExplicitGC uses Log [1]
daytrader-ee7-web.com.ibm.websphere.samples.daytrader.web.prims.PingCDIBean,references,daytrader-ee7-web.com.ibm.websphere.samples.daytrader.web.prims.PingInterceptorBinding,PingCDIBean uses PingInterceptorBinding [1]
daytrader-ee7-web.com.ibm.websphere.samples.daytrader.web.prims.PingEJBLocal,implements,daytrader-ee7-web.com.ibm.websphere.samples.daytrader.web.prims.PingEJBIFace,PingEJBLocal uses PingEJBIFace [1]
daytrader-ee7-web.com.ibm.websphere.samples.daytrader.web.prims.PingEJBLocalDecorator,implements,daytrader-ee7-web.com.ibm.websphere.samples.daytrader.web.prims.PingEJBIFace,PingEJBLocalDecorator uses PingEJBIFace [3]
daytrader-ee7-web.com.ibm.websphere.samples.daytrader.web.prims.PingInterceptor,references,daytrader-ee7-web.com.ibm.websphere.samples.daytrader.web.prims.PingInterceptorBinding,PingInterceptor uses PingInterceptorBinding [1]
daytrader-ee7-web.com.ibm.websphere.samples.daytrader.web.prims.PingJDBCRead,references,daytrader-ee7-ejb.com.ibm.websphere.samples.daytrader.direct.TradeDirect,PingJDBCRead uses TradeDirect [3]
daytrader-ee7-web.com.ibm.websphere.samples.daytrader.web.prims.PingJDBCRead,references,daytrader-ee7-ejb.com.ibm.websphere.samples.daytrader.entities.QuoteDataBean,PingJDBCRead uses QuoteDataBean [2]
daytrader-ee7-web.com.ibm.websphere.samples.daytrader.web.prims.PingJDBCRead,calls,daytrader-ee7-ejb.com.ibm.websphere.samples.daytrader.util.Log,PingJDBCRead uses Log [1]
daytrader-ee7-web.com.ibm.websphere.samples.daytrader.web.prims.PingJDBCRead,calls,daytrader-ee7-ejb.com.ibm.websphere.samples.daytrader.util.TradeConfig,PingJDBCRead uses TradeConfig [2]
daytrader-ee7-web.com.ibm.websphere.samples.daytrader.web.prims.PingJDBCRead2JSP,references,daytrader-ee7-ejb.com.ibm.websphere.samples.daytrader.direct.TradeDirect,PingJDBCRead2JSP uses TradeDirect [3]
daytrader-ee7-web.com.ibm.websphere.samples.daytrader.web.prims.PingJDBCRead2JSP,references,daytrader-ee7-ejb.com.ibm.websphere.samples.daytrader.entities.QuoteDataBean,PingJDBCRead2JSP uses QuoteDataBean [1]
daytrader-ee7-web.com.ibm.websphere.samples.daytrader.web.prims.PingJDBCRead2JSP,calls,daytrader-ee7-ejb.com.ibm.websphere.samples.daytrader.util.Log,PingJDBCRead2JSP uses Log [1]
daytrader-ee7-web.com.ibm.websphere.samples.daytrader.web.prims.PingJDBCRead2JSP,calls,daytrader-ee7-ejb.com.ibm.websphere.samples.daytrader.util.TradeConfig,PingJDBCRead2JSP uses TradeConfig [2]
daytrader-ee7-web.com.ibm.websphere.samples.daytrader.web.prims.PingJDBCWrite,references,daytrader-ee7-ejb.com.ibm.websphere.samples.daytrader.direct.TradeDirect,PingJDBCWrite uses TradeDirect [3]
daytrader-ee7-web.com.ibm.websphere.samples.daytrader.web.prims.PingJDBCWrite,references,daytrader-ee7-ejb.com.ibm.websphere.samples.daytrader.entities.QuoteDataBean,PingJDBCWrite uses QuoteDataBean [2]
daytrader-ee7-web.com.ibm.websphere.samples.daytrader.web.prims.PingJDBCWrite,calls,daytrader-ee7-ejb.com.ibm.websphere.samples.daytrader.util.Log,PingJDBCWrite uses Log [1]
daytrader-ee7-web.com.ibm.websphere.samples.daytrader.web.prims.PingJDBCWrite,calls,daytrader-ee7-ejb.com.ibm.websphere.samples.daytrader.util.TradeConfig,PingJDBCWrite uses TradeConfig [3]
daytrader-ee7-web.com.ibm.websphere.samples.daytrader.web.prims.PingJSONP,calls,daytrader-ee7-ejb.com.ibm.websphere.samples.daytrader.util.Log,PingJSONP uses Log [1]
daytrader-ee7-web.com.ibm.websphere.samples.daytrader.web.prims.PingManagedThread,calls,daytrader-ee7-ejb.com.ibm.websphere.samples.daytrader.util.Log,PingManagedThread uses Log [1]
daytrader-ee7-web.com.ibm.websphere.samples.daytrader.web.prims.PingServlet,calls,daytrader-ee7-ejb.com.ibm.websphere.samples.daytrader.util.Log,PingServlet uses Log [1]
daytrader-ee7-web.com.ibm.websphere.samples.daytrader.web.prims.PingServlet2DB,references,daytrader-ee7-ejb.com.ibm.websphere.samples.daytrader.direct.TradeDirect,PingServlet2DB uses TradeDirect [3]
daytrader-ee7-web.com.ibm.websphere.samples.daytrader.web.prims.PingServlet2DB,calls,daytrader-ee7-ejb.com.ibm.websphere.samples.daytrader.util.Log,PingServlet2DB uses Log [1]
daytrader-ee7-web.com.ibm.websphere.samples.daytrader.web.prims.PingServlet2Include,calls,daytrader-ee7-ejb.com.ibm.websphere.samples.daytrader.util.Log,PingServlet2Include uses Log [1]
daytrader-ee7-web.com.ibm.websphere.samples.daytrader.web.prims.PingServlet2Include,calls,daytrader-ee7-ejb.com.ibm.websphere.samples.daytrader.util.TradeConfig,PingServlet2Include uses TradeConfig [1]
daytrader-ee7-web.com.ibm.websphere.samples.daytrader.web.prims.PingServlet2JNDI,calls,daytrader-ee7-ejb.com.ibm.websphere.samples.daytrader.util.Log,PingServlet2JNDI uses Log [1]
daytrader-ee7-web.com.ibm.websphere.samples.daytrader.web.prims.PingServlet2Jsp,calls,daytrader-ee7-ejb.com.ibm.websphere.samples.daytrader.util.Log,PingServlet2Jsp uses Log [1]
daytrader-ee7-web.com.ibm.websphere.samples.daytrader.web.prims.PingServlet2Jsp,references,daytrader-ee7-web.com.ibm.websphere.samples.daytrader.web.prims.PingBean,PingServlet2Jsp uses PingBean [3]
daytrader-ee7-web.com.ibm.websphere.samples.daytrader.web.prims.PingServlet2PDF,calls,daytrader-ee7-ejb.com.ibm.websphere.samples.daytrader.util.Log,PingServlet2PDF uses Log [1]
daytrader-ee7-web.com.ibm.websphere.samples.daytrader.web.prims.PingServlet2PDF,references,daytrader-ee7-web.com.ibm.websphere.samples.daytrader.web.prims.PingBean,PingServlet2PDF uses PingBean [3]
daytrader-ee7-web.com.ibm.websphere.samples.daytrader.web.prims.PingServlet2Servlet,calls,daytrader-ee7-ejb.com.ibm.websphere.samples.daytrader.util.Log,PingServlet2Servlet uses Log [1]
daytrader-ee7-web.com.ibm.websphere.samples.daytrader.web.prims.PingServlet2Servlet,references,daytrader-ee7-web.com.ibm.websphere.samples.daytrader.web.prims.PingBean,PingServlet2Servlet uses PingBean [3]
daytrader-ee7-web.com.ibm.websphere.samples.daytrader.web.prims.PingServlet2ServletRcv,calls,daytrader-ee7-ejb.com.ibm.websphere.samples.daytrader.util.Log,PingServlet2ServletRcv uses Log [1]
daytrader-ee7-web.com.ibm.websphere.samples.daytrader.web.prims.PingServlet2ServletRcv,references,daytrader-ee7-web.com.ibm.websphere.samples.daytrader.web.prims.PingBean,PingServlet2ServletRcv uses PingBean [2]
daytrader-ee7-web.com.ibm.websphere.samples.daytrader.web.prims.PingServletCDI,calls,daytrader-ee7-web.com.ibm.websphere.samples.daytrader.web.prims.PingCDIBean,PingServletCDI uses PingCDIBean [2]
daytrader-ee7-web.com.ibm.websphere.samples.daytrader.web.prims.PingServletCDI,calls,daytrader-ee7-web.com.ibm.websphere.samples.daytrader.web.prims.PingEJBIFace,PingServletCDI uses PingEJBIFace [2]
daytrader-ee7-web.com.ibm.websphere.samples.daytrader.web.prims.PingServletCDIBeanManagerViaCDICurrent,calls,daytrader-ee7-web.com.ibm.websphere.samples.daytrader.web.prims.PingCDIBean,PingServletCDIBeanManagerViaCDICurrent uses PingCDIBean [2]
daytrader-ee7-web.com.ibm.websphere.samples.daytrader.web.prims.PingServletCDIBeanManagerViaJNDI,calls,daytrader-ee7-web.com.ibm.websphere.samples.daytrader.web.prims.PingCDIBean,PingServletCDIBeanManagerViaJNDI uses PingCDIBean [2]
daytrader-ee7-web.com.ibm.websphere.samples.daytrader.web.prims.PingServletSetContentLength,calls,daytrader-ee7-ejb.com.ibm.websphere.samples.daytrader.util.Log,PingServletSetContentLength uses Log [1]
daytrader-ee7-web.com.ibm.websphere.samples.daytrader.web.prims.PingServletWriter,calls,daytrader-ee7-ejb.com.ibm.websphere.samples.daytrader.util.Log,PingServletWriter uses Log [1]
daytrader-ee7-web.com.ibm.websphere.samples.daytrader.web.prims.PingSession1,calls,daytrader-ee7-ejb.com.ibm.websphere.samples.daytrader.util.Log,PingSession1 uses Log [1]
daytrader-ee7-web.com.ibm.websphere.samples.daytrader.web.prims.PingSession2,calls,daytrader-ee7-ejb.com.ibm.websphere.samples.daytrader.util.Log,PingSession2 uses Log [1]
daytrader-ee7-web.com.ibm.websphere.samples.daytrader.web.prims.PingSession3,calls,daytrader-ee7-ejb.com.ibm.websphere.samples.daytrader.util.Log,PingSession3 uses Log [1]
daytrader-ee7-web.com.ibm.websphere.samples.daytrader.web.prims.PingSession3,references,daytrader-ee7-web.com.ibm.websphere.samples.daytrader.web.prims.PingSession3Object,PingSession3 uses PingSession3Object [2]
daytrader-ee7-web.com.ibm.websphere.samples.daytrader.web.prims.PingUpgradeServlet,calls,daytrader-ee7-ejb.com.ibm.websphere.samples.daytrader.util.Log,PingUpgradeServlet uses Log [10]
daytrader-ee7-web.com.ibm.websphere.samples.daytrader.web.prims.PingWebSocketJson,has param,daytrader-ee7-web.com.ibm.websphere.samples.daytrader.web.websocket.JsonMessage,PingWebSocketJson uses JsonMessage [8]
daytrader-ee7-web.com.ibm.websphere.samples.daytrader.web.prims.ejb3.PingServlet2Entity,references,daytrader-ee7-ejb.com.ibm.websphere.samples.daytrader.entities.QuoteDataBean,PingServlet2Entity uses QuoteDataBean [2]
daytrader-ee7-web.com.ibm.websphere.samples.daytrader.web.prims.ejb3.PingServlet2Entity,calls,daytrader-ee7-ejb.com.ibm.websphere.samples.daytrader.util.Log,PingServlet2Entity uses Log [2]
daytrader-ee7-web.com.ibm.websphere.samples.daytrader.web.prims.ejb3.PingServlet2Entity,calls,daytrader-ee7-ejb.com.ibm.websphere.samples.daytrader.util.TradeConfig,PingServlet2Entity uses TradeConfig [2]
daytrader-ee7-web.com.ibm.websphere.samples.daytrader.web.prims.ejb3.PingServlet2MDBQueue,calls,daytrader-ee7-ejb.com.ibm.websphere.samples.daytrader.util.Log,PingServlet2MDBQueue uses Log [2]
daytrader-ee7-web.com.ibm.websphere.samples.daytrader.web.prims.ejb3.PingServlet2MDBQueue,calls,daytrader-ee7-ejb.com.ibm.websphere.samples.daytrader.util.TradeConfig,PingServlet2MDBQueue uses TradeConfig [1]
daytrader-ee7-web.com.ibm.websphere.samples.daytrader.web.prims.ejb3.PingServlet2MDBTopic,calls,daytrader-ee7-ejb.com.ibm.websphere.samples.daytrader.util.Log,PingServlet2MDBTopic uses Log [2]
daytrader-ee7-web.com.ibm.websphere.samples.daytrader.web.prims.ejb3.PingServlet2MDBTopic,calls,daytrader-ee7-ejb.com.ibm.websphere.samples.daytrader.util.TradeConfig,PingServlet2MDBTopic uses TradeConfig [1]
daytrader-ee7-web.com.ibm.websphere.samples.daytrader.web.prims.ejb3.PingServlet2Session2CMROne2Many,calls,daytrader-ee7-ejb.com.ibm.websphere.samples.daytrader.ejb3.TradeSLSBBean,PingServlet2Session2CMROne2Many uses TradeSLSBBean [2]
daytrader-ee7-web.com.ibm.websphere.samples.daytrader.web.prims.ejb3.PingServlet2Session2CMROne2Many,references,daytrader-ee7-ejb.com.ibm.websphere.samples.daytrader.entities.OrderDataBean,PingServlet2Session2CMROne2Many uses OrderDataBean [2]
daytrader-ee7-web.com.ibm.websphere.samples.daytrader.web.prims.ejb3.PingServlet2Session2CMROne2Many,calls,daytrader-ee7-ejb.com.ibm.websphere.samples.daytrader.util.Log,PingServlet2Session2CMROne2Many uses Log [1]
daytrader-ee7-web.com.ibm.websphere.samples.daytrader.web.prims.ejb3.PingServlet2Session2CMROne2Many,calls,daytrader-ee7-ejb.com.ibm.websphere.samples.daytrader.util.TradeConfig,PingServlet2Session2CMROne2Many uses TradeConfig [2]
daytrader-ee7-web.com.ibm.websphere.samples.daytrader.web.prims.ejb3.PingServlet2Session2CMROne2One,calls,daytrader-ee7-ejb.com.ibm.websphere.samples.daytrader.ejb3.TradeSLSBBean,PingServlet2Session2CMROne2One uses TradeSLSBBean [2]
daytrader-ee7-web.com.ibm.websphere.samples.daytrader.web.prims.ejb3.PingServlet2Session2CMROne2One,references,daytrader-ee7-ejb.com.ibm.websphere.samples.daytrader.entities.AccountProfileDataBean,PingServlet2Session2CMROne2One uses AccountProfileDataBean [2]
daytrader-ee7-web.com.ibm.websphere.samples.daytrader.web.prims.ejb3.PingServlet2Session2CMROne2One,calls,daytrader-ee7-ejb.com.ibm.websphere.samples.daytrader.util.Log,PingServlet2Session2CMROne2One uses Log [1]
daytrader-ee7-web.com.ibm.websphere.samples.daytrader.web.prims.ejb3.PingServlet2Session2CMROne2One,calls,daytrader-ee7-ejb.com.ibm.websphere.samples.daytrader.util.TradeConfig,PingServlet2Session2CMROne2One uses TradeConfig [2]
daytrader-ee7-web.com.ibm.websphere.samples.daytrader.web.prims.ejb3.PingServlet2Session2Entity,references,daytrader-ee7-ejb.com.ibm.websphere.samples.daytrader.ejb3.TradeSLSBBean,PingServlet2Session2Entity uses TradeSLSBBean [3]
daytrader-ee7-web.com.ibm.websphere.samples.daytrader.web.prims.ejb3.PingServlet2Session2Entity,references,daytrader-ee7-ejb.com.ibm.websphere.samples.daytrader.entities.QuoteDataBean,PingServlet2Session2Entity uses QuoteDataBean [2]
daytrader-ee7-web.com.ibm.websphere.samples.daytrader.web.prims.ejb3.PingServlet2Session2Entity,calls,daytrader-ee7-ejb.com.ibm.websphere.samples.daytrader.util.Log,PingServlet2Session2Entity uses Log [2]
daytrader-ee7-web.com.ibm.websphere.samples.daytrader.web.prims.ejb3.PingServlet2Session2Entity,calls,daytrader-ee7-ejb.com.ibm.websphere.samples.daytrader.util.TradeConfig,PingServlet2Session2Entity uses TradeConfig [2]
daytrader-ee7-web.com.ibm.websphere.samples.daytrader.web.prims.ejb3.PingServlet2Session2Entity2JSP,references,daytrader-ee7-ejb.com.ibm.websphere.samples.daytrader.ejb3.TradeSLSBBean,PingServlet2Session2Entity2JSP uses TradeSLSBBean [3]
daytrader-ee7-web.com.ibm.websphere.samples.daytrader.web.prims.ejb3.PingServlet2Session2Entity2JSP,references,daytrader-ee7-ejb.com.ibm.websphere.samples.daytrader.entities.QuoteDataBean,PingServlet2Session2Entity2JSP uses QuoteDataBean [1]
daytrader-ee7-web.com.ibm.websphere.samples.daytrader.web.prims.ejb3.PingServlet2Session2Entity2JSP,calls,daytrader-ee7-ejb.com.ibm.websphere.samples.daytrader.util.Log,PingServlet2Session2Entity2JSP uses Log [2]
daytrader-ee7-web.com.ibm.websphere.samples.daytrader.web.prims.ejb3.PingServlet2Session2Entity2JSP,calls,daytrader-ee7-ejb.com.ibm.websphere.samples.daytrader.util.TradeConfig,PingServlet2Session2Entity2JSP uses TradeConfig [2]
daytrader-ee7-web.com.ibm.websphere.samples.daytrader.web.prims.ejb3.PingServlet2Session2EntityCollection,calls,daytrader-ee7-ejb.com.ibm.websphere.samples.daytrader.ejb3.TradeSLSBBean,PingServlet2Session2EntityCollection uses TradeSLSBBean [2]
daytrader-ee7-web.com.ibm.websphere.samples.daytrader.web.prims.ejb3.PingServlet2Session2EntityCollection,references,daytrader-ee7-ejb.com.ibm.websphere.samples.daytrader.entities.HoldingDataBean,PingServlet2Session2EntityCollection uses HoldingDataBean [2]
daytrader-ee7-web.com.ibm.websphere.samples.daytrader.web.prims.ejb3.PingServlet2Session2EntityCollection,calls,daytrader-ee7-ejb.com.ibm.websphere.samples.daytrader.util.Log,PingServlet2Session2EntityCollection uses Log [1]
daytrader-ee7-web.com.ibm.websphere.samples.daytrader.web.prims.ejb3.PingServlet2Session2EntityCollection,calls,daytrader-ee7-ejb.com.ibm.websphere.samples.daytrader.util.TradeConfig,PingServlet2Session2EntityCollection uses TradeConfig [2]
daytrader-ee7-web.com.ibm.websphere.samples.daytrader.web.prims.ejb3.PingServlet2SessionLocal,references,daytrader-ee7-ejb.com.ibm.websphere.samples.daytrader.ejb3.TradeSLSBLocal,PingServlet2SessionLocal uses TradeSLSBLocal [3]
daytrader-ee7-web.com.ibm.websphere.samples.daytrader.web.prims.ejb3.PingServlet2SessionLocal,calls,daytrader-ee7-ejb.com.ibm.websphere.samples.daytrader.util.Log,PingServlet2SessionLocal uses Log [3]
daytrader-ee7-web.com.ibm.websphere.samples.daytrader.web.prims.ejb3.PingServlet2SessionLocal,calls,daytrader-ee7-ejb.com.ibm.websphere.samples.daytrader.util.TradeConfig,PingServlet2SessionLocal uses TradeConfig [1]
daytrader-ee7-web.com.ibm.websphere.samples.daytrader.web.prims.ejb3.PingServlet2SessionRemote,references,daytrader-ee7-ejb.com.ibm.websphere.samples.daytrader.ejb3.TradeSLSBRemote,PingServlet2SessionRemote uses TradeSLSBRemote [3]
daytrader-ee7-web.com.ibm.websphere.samples.daytrader.web.prims.ejb3.PingServlet2SessionRemote,calls,daytrader-ee7-ejb.com.ibm.websphere.samples.daytrader.util.Log,PingServlet2SessionRemote uses Log [3]
daytrader-ee7-web.com.ibm.websphere.samples.daytrader.web.prims.ejb3.PingServlet2SessionRemote,calls,daytrader-ee7-ejb.com.ibm.websphere.samples.daytrader.util.TradeConfig,PingServlet2SessionRemote uses TradeConfig [1]
daytrader-ee7-web.com.ibm.websphere.samples.daytrader.web.prims.ejb3.PingServlet2TwoPhase,calls,daytrader-ee7-ejb.com.ibm.websphere.samples.daytrader.ejb3.TradeSLSBBean,PingServlet2TwoPhase uses TradeSLSBBean [2]
daytrader-ee7-web.com.ibm.websphere.samples.daytrader.web.prims.ejb3.PingServlet2TwoPhase,references,daytrader-ee7-ejb.com.ibm.websphere.samples.daytrader.entities.QuoteDataBean,PingServlet2TwoPhase uses QuoteDataBean [2]
daytrader-ee7-web.com.ibm.websphere.samples.daytrader.web.prims.ejb3.PingServlet2TwoPhase,calls,daytrader-ee7-ejb.com.ibm.websphere.samples.daytrader.util.Log,PingServlet2TwoPhase uses Log [1]
daytrader-ee7-web.com.ibm.websphere.samples.daytrader.web.prims.ejb3.PingServlet2TwoPhase,calls,daytrader-ee7-ejb.com.ibm.websphere.samples.daytrader.util.TradeConfig,PingServlet2TwoPhase uses TradeConfig [2]
daytrader-ee7-web.com.ibm.websphere.samples.daytrader.web.websocket.ActionDecoder,calls,daytrader-ee7-ejb.com.ibm.websphere.samples.daytrader.util.Log,ActionDecoder uses Log [2]
daytrader-ee7-web.com.ibm.websphere.samples.daytrader.web.websocket.ActionDecoder,returns,daytrader-ee7-web.com.ibm.websphere.samples.daytrader.web.websocket.ActionMessage,ActionDecoder uses ActionMessage [5]
daytrader-ee7-web.com.ibm.websphere.samples.daytrader.web.websocket.ActionMessage,calls,daytrader-ee7-ejb.com.ibm.websphere.samples.daytrader.util.Log,ActionMessage uses Log [3]
daytrader-ee7-web.com.ibm.websphere.samples.daytrader.web.websocket.JsonDecoder,returns,daytrader-ee7-web.com.ibm.websphere.samples.daytrader.web.websocket.JsonMessage,JsonDecoder uses JsonMessage [6]
daytrader-ee7-web.com.ibm.websphere.samples.daytrader.web.websocket.JsonEncoder,has param,daytrader-ee7-web.com.ibm.websphere.samples.daytrader.web.websocket.JsonMessage,JsonEncoder uses JsonMessage [5]
daytrader-ee7-web.com.ibm.websphere.samples.daytrader.web.websocket.MarketSummaryWebSocket,references,daytrader-ee7-ejb.com.ibm.websphere.samples.daytrader.TradeAction,MarketSummaryWebSocket uses TradeAction [3]
daytrader-ee7-web.com.ibm.websphere.samples.daytrader.web.websocket.MarketSummaryWebSocket,references,daytrader-ee7-ejb.com.ibm.websphere.samples.daytrader.beans.MarketSummaryDataBean,MarketSummaryWebSocket uses MarketSummaryDataBean [2]
daytrader-ee7-web.com.ibm.websphere.samples.daytrader.web.websocket.MarketSummaryWebSocket,calls,daytrader-ee7-ejb.com.ibm.websphere.samples.daytrader.util.Log,MarketSummaryWebSocket uses Log [10]
daytrader-ee7-web.com.ibm.websphere.samples.daytrader.web.websocket.MarketSummaryWebSocket,references,daytrader-ee7-ejb.com.ibm.websphere.samples.daytrader.util.WebSocketJMSMessage,MarketSummaryWebSocket uses WebSocketJMSMessage [1]
daytrader-ee7-web.com.ibm.websphere.samples.daytrader.web.websocket.MarketSummaryWebSocket,has param,daytrader-ee7-web.com.ibm.websphere.samples.daytrader.web.websocket.ActionMessage,MarketSummaryWebSocket uses ActionMessage [2]
daytrader-ee7-web.com.ibm.websphere.samples.daytrader.web.websocket.MarketSummaryWebSocket,calls,daytrader-ee7-web.com.ibm.websphere.samples.daytrader.web.websocket.RecentStockChangeList,MarketSummaryWebSocket uses RecentStockChangeList [4]