PlantsByWebSphere.com.ibm.websphere.samples.pbw.ejb.BackOrderMgr,references,PlantsByWebSphere.com.ibm.websphere.samples.pbw.jpa.BackOrder,BackOrderMgr uses BackOrder [17]
PlantsByWebSphere.com.ibm.websphere.samples.pbw.ejb.BackOrderMgr,references,PlantsByWebSphere.com.ibm.websphere.samples.pbw.jpa.Inventory,BackOrderMgr uses Inventory [3]
PlantsByWebSphere.com.ibm.websphere.samples.pbw.ejb.BackOrderMgr,calls,pbw-lib.com.ibm.websphere.samples.pbw.utils.Util,BackOrderMgr uses Util [7]
PlantsByWebSphere.com.ibm.websphere.samples.pbw.ejb.CatalogMgr,returns,PlantsByWebSphere.com.ibm.websphere.samples.pbw.jpa.Inventory,CatalogMgr uses Inventory [11]
PlantsByWebSphere.com.ibm.websphere.samples.pbw.ejb.CustomerMgr,returns,PlantsByWebSphere.com.ibm.websphere.samples.pbw.jpa.Customer,CustomerMgr uses Customer [14]
PlantsByWebSphere.com.ibm.websphere.samples.pbw.ejb.CustomerMgr,calls,pbw-lib.com.ibm.websphere.samples.pbw.utils.Util,CustomerMgr uses Util [1]
PlantsByWebSphere.com.ibm.websphere.samples.pbw.ejb.MailerBean,references,PlantsByWebSphere.com.ibm.websphere.samples.pbw.ejb.EMailMessage,MailerBean uses EMailMessage [5]
PlantsByWebSphere.com.ibm.websphere.samples.pbw.ejb.MailerBean,throws,PlantsByWebSphere.com.ibm.websphere.samples.pbw.ejb.MailerAppException,MailerBean uses MailerAppException [2]
PlantsByWebSphere.com.ibm.websphere.samples.pbw.ejb.MailerBean,has param,PlantsByWebSphere.com.ibm.websphere.samples.pbw.jpa.Customer,MailerBean uses Customer [2]
PlantsByWebSphere.com.ibm.websphere.samples.pbw.ejb.MailerBean,references,PlantsByWebSphere.com.ibm.websphere.samples.pbw.jpa.Order,MailerBean uses Order [7]
PlantsByWebSphere.com.ibm.websphere.samples.pbw.ejb.MailerBean,calls,pbw-lib.com.ibm.websphere.samples.pbw.utils.Util,MailerBean uses Util [3]
PlantsByWebSphere.com.ibm.websphere.samples.pbw.ejb.ResetDBBean,calls,PlantsByWebSphere.com.ibm.websphere.samples.pbw.ejb.BackOrderMgr,ResetDBBean uses BackOrderMgr [2]
PlantsByWebSphere.com.ibm.websphere.samples.pbw.ejb.ResetDBBean,has param,PlantsByWebSphere.com.ibm.websphere.samples.pbw.ejb.CatalogMgr,ResetDBBean uses CatalogMgr [5]
PlantsByWebSphere.com.ibm.websphere.samples.pbw.ejb.ResetDBBean,calls,PlantsByWebSphere.com.ibm.websphere.samples.pbw.ejb.CustomerMgr,ResetDBBean uses CustomerMgr [2]
PlantsByWebSphere.com.ibm.websphere.samples.pbw.ejb.ResetDBBean,calls,PlantsByWebSphere.com.ibm.websphere.samples.pbw.ejb.ShoppingCartBean,ResetDBBean uses ShoppingCartBean [2]
PlantsByWebSphere.com.ibm.websphere.samples.pbw.ejb.ResetDBBean,calls,PlantsByWebSphere.com.ibm.websphere.samples.pbw.ejb.SuppliersBean,ResetDBBean uses SuppliersBean [2]
PlantsByWebSphere.com.ibm.websphere.samples.pbw.ejb.ResetDBBean,references,PlantsByWebSphere.com.ibm.websphere.samples.pbw.jpa.Customer,ResetDBBean uses Customer [1]
PlantsByWebSphere.com.ibm.websphere.samples.pbw.ejb.ResetDBBean,references,PlantsByWebSphere.com.ibm.websphere.samples.pbw.jpa.Inventory,ResetDBBean uses Inventory [2]
PlantsByWebSphere.com.ibm.websphere.samples.pbw.ejb.ResetDBBean,references,PlantsByWebSphere.com.ibm.websphere.samples.pbw.jpa.Order,ResetDBBean uses Order [1]
PlantsByWebSphere.com.ibm.websphere.samples.pbw.ejb.ResetDBBean,calls,pbw-lib.com.ibm.websphere.samples.pbw.utils.Util,ResetDBBean uses Util [5]
PlantsByWebSphere.com.ibm.websphere.samples.pbw.ejb.ShoppingCartBean,references,PlantsByWebSphere.com.ibm.websphere.samples.pbw.jpa.BackOrder,ShoppingCartBean uses BackOrder [4]
PlantsByWebSphere.com.ibm.websphere.samples.pbw.ejb.ShoppingCartBean,references,PlantsByWebSphere.com.ibm.websphere.samples.pbw.jpa.Customer,ShoppingCartBean uses Customer [1]
PlantsByWebSphere.com.ibm.websphere.samples.pbw.ejb.ShoppingCartBean,returns,PlantsByWebSphere.com.ibm.websphere.samples.pbw.jpa.Inventory,ShoppingCartBean uses Inventory [26]
PlantsByWebSphere.com.ibm.websphere.samples.pbw.ejb.ShoppingCartBean,returns,PlantsByWebSphere.com.ibm.websphere.samples.pbw.jpa.Order,ShoppingCartBean uses Order [2]
PlantsByWebSphere.com.ibm.websphere.samples.pbw.ejb.ShoppingCartBean,references,PlantsByWebSphere.com.ibm.websphere.samples.pbw.jpa.OrderItem,ShoppingCartBean uses OrderItem [5]
PlantsByWebSphere.com.ibm.websphere.samples.pbw.ejb.ShoppingCartBean,calls,pbw-lib.com.ibm.websphere.samples.pbw.utils.Util,ShoppingCartBean uses Util [2]
PlantsByWebSphere.com.ibm.websphere.samples.pbw.ejb.ShoppingCartContent,has param,PlantsByWebSphere.com.ibm.websphere.samples.pbw.jpa.Inventory,ShoppingCartContent uses Inventory [8]
PlantsByWebSphere.com.ibm.websphere.samples.pbw.ejb.SuppliersBean,returns,PlantsByWebSphere.com.ibm.websphere.samples.pbw.jpa.Supplier,SuppliersBean uses Supplier [12]
PlantsByWebSphere.com.ibm.websphere.samples.pbw.ejb.SuppliersBean,calls,pbw-lib.com.ibm.websphere.samples.pbw.utils.Util,SuppliersBean uses Util [3]
PlantsByWebSphere.com.ibm.websphere.samples.pbw.jpa.BackOrder,returns,PlantsByWebSphere.com.ibm.websphere.samples.pbw.jpa.Inventory,BackOrder uses Inventory [5]
PlantsByWebSphere.com.ibm.websphere.samples.pbw.jpa.BackOrder,calls,pbw-lib.com.ibm.websphere.samples.pbw.utils.Util,BackOrder uses Util [2]
PlantsByWebSphere.com.ibm.websphere.samples.pbw.jpa.Inventory,returns,PlantsByWebSphere.com.ibm.websphere.samples.pbw.jpa.BackOrder,Inventory uses BackOrder [3]
PlantsByWebSphere.com.ibm.websphere.samples.pbw.jpa.Inventory,calls,pbw-lib.com.ibm.websphere.samples.pbw.utils.Util,Inventory uses Util [1]
PlantsByWebSphere.com.ibm.websphere.samples.pbw.jpa.Order,returns,PlantsByWebSphere.com.ibm.websphere.samples.pbw.jpa.Customer,Order uses Customer [4]
PlantsByWebSphere.com.ibm.websphere.samples.pbw.jpa.Order,references,PlantsByWebSphere.com.ibm.websphere.samples.pbw.jpa.OrderItem,Order uses OrderItem [8]
PlantsByWebSphere.com.ibm.websphere.samples.pbw.jpa.OrderItem,returns,PlantsByWebSphere.com.ibm.websphere.samples.pbw.jpa.Inventory,OrderItem uses Inventory [12]
PlantsByWebSphere.com.ibm.websphere.samples.pbw.jpa.OrderItem,returns,PlantsByWebSphere.com.ibm.websphere.samples.pbw.jpa.Order,OrderItem uses Order [7]
PlantsByWebSphere.com.ibm.websphere.samples.pbw.jpa.OrderItem,calls,pbw-lib.com.ibm.websphere.samples.pbw.utils.Util,OrderItem uses Util [5]
PlantsByWebSphere.com.ibm.websphere.samples.pbw.war.AccountBean,calls,PlantsByWebSphere.com.ibm.websphere.samples.pbw.ejb.CustomerMgr,AccountBean uses CustomerMgr [5]
PlantsByWebSphere.com.ibm.websphere.samples.pbw.war.AccountBean,references,PlantsByWebSphere.com.ibm.websphere.samples.pbw.ejb.MailerAppException,AccountBean uses MailerAppException [1]
PlantsByWebSphere.com.ibm.websphere.samples.pbw.war.AccountBean,calls,PlantsByWebSphere.com.ibm.websphere.samples.pbw.ejb.MailerBean,AccountBean uses MailerBean [2]
PlantsByWebSphere.com.ibm.websphere.samples.pbw.war.AccountBean,calls,PlantsByWebSphere.com.ibm.websphere.samples.pbw.ejb.ShoppingCartBean,AccountBean uses ShoppingCartBean [5]
PlantsByWebSphere.com.ibm.websphere.samples.pbw.war.AccountBean,returns,PlantsByWebSphere.com.ibm.websphere.samples.pbw.jpa.Customer,AccountBean uses Customer [26]
PlantsByWebSphere.com.ibm.websphere.samples.pbw.war.AccountBean,references,PlantsByWebSphere.com.ibm.websphere.samples.pbw.jpa.Inventory,AccountBean uses Inventory [2]
PlantsByWebSphere.com.ibm.websphere.samples.pbw.war.AccountBean,references,PlantsByWebSphere.com.ibm.websphere.samples.pbw.jpa.Order,AccountBean uses Order [1]
PlantsByWebSphere.com.ibm.websphere.samples.pbw.war.AccountBean,returns,PlantsByWebSphere.com.ibm.websphere.samples.pbw.war.LoginInfo,AccountBean uses LoginInfo [18]
PlantsByWebSphere.com.ibm.websphere.samples.pbw.war.AccountBean,returns,PlantsByWebSphere.com.ibm.websphere.samples.pbw.war.OrderInfo,AccountBean uses OrderInfo [28]
PlantsByWebSphere.com.ibm.websphere.samples.pbw.war.AccountBean,references,PlantsByWebSphere.com.ibm.websphere.samples.pbw.war.ShoppingBean,AccountBean uses ShoppingBean [2]
PlantsByWebSphere.com.ibm.websphere.samples.pbw.war.AccountBean,calls,pbw-lib.com.ibm.websphere.samples.pbw.utils.Util,AccountBean uses Util [2]
PlantsByWebSphere.com.ibm.websphere.samples.pbw.war.AccountServlet,calls,PlantsByWebSphere.com.ibm.websphere.samples.pbw.ejb.CatalogMgr,AccountServlet uses CatalogMgr [2]
PlantsByWebSphere.com.ibm.websphere.samples.pbw.war.AccountServlet,calls,PlantsByWebSphere.com.ibm.websphere.samples.pbw.ejb.CustomerMgr,AccountServlet uses CustomerMgr [5]
PlantsByWebSphere.com.ibm.websphere.samples.pbw.war.AccountServlet,references,PlantsByWebSphere.com.ibm.websphere.samples.pbw.jpa.Customer,AccountServlet uses Customer [2]
PlantsByWebSphere.com.ibm.websphere.samples.pbw.war.AccountServlet,calls,pbw-lib.com.ibm.websphere.samples.pbw.utils.Util,AccountServlet uses Util [3]
PlantsByWebSphere.com.ibm.websphere.samples.pbw.war.AdminServlet,references,PlantsByWebSphere.com.ibm.websphere.samples.pbw.ejb.BackOrderMgr,AdminServlet uses BackOrderMgr [8]
PlantsByWebSphere.com.ibm.websphere.samples.pbw.war.AdminServlet,references,PlantsByWebSphere.com.ibm.websphere.samples.pbw.ejb.CatalogMgr,AdminServlet uses CatalogMgr [4]
PlantsByWebSphere.com.ibm.websphere.samples.pbw.war.AdminServlet,references,PlantsByWebSphere.com.ibm.websphere.samples.pbw.ejb.CustomerMgr,AdminServlet uses CustomerMgr [2]
PlantsByWebSphere.com.ibm.websphere.samples.pbw.war.AdminServlet,references,PlantsByWebSphere.com.ibm.websphere.samples.pbw.ejb.ResetDBBean,AdminServlet uses ResetDBBean [2]
PlantsByWebSphere.com.ibm.websphere.samples.pbw.war.AdminServlet,references,PlantsByWebSphere.com.ibm.websphere.samples.pbw.ejb.SuppliersBean,AdminServlet uses SuppliersBean [4]
PlantsByWebSphere.com.ibm.websphere.samples.pbw.war.AdminServlet,references,PlantsByWebSphere.com.ibm.websphere.samples.pbw.jpa.BackOrder,AdminServlet uses BackOrder [1]
PlantsByWebSphere.com.ibm.websphere.samples.pbw.war.AdminServlet,references,PlantsByWebSphere.com.ibm.websphere.samples.pbw.jpa.Inventory,AdminServlet uses Inventory [4]
PlantsByWebSphere.com.ibm.websphere.samples.pbw.war.AdminServlet,returns,PlantsByWebSphere.com.ibm.websphere.samples.pbw.jpa.Supplier,AdminServlet uses Supplier [2]
PlantsByWebSphere.com.ibm.websphere.samples.pbw.war.AdminServlet,references,PlantsByWebSphere.com.ibm.websphere.samples.pbw.war.BackOrderItem,AdminServlet uses BackOrderItem [10]
PlantsByWebSphere.com.ibm.websphere.samples.pbw.war.AdminServlet,references,PlantsByWebSphere.com.ibm.websphere.samples.pbw.war.Populate,AdminServlet uses Populate [3]
PlantsByWebSphere.com.ibm.websphere.samples.pbw.war.AdminServlet,calls,pbw-lib.com.ibm.websphere.samples.pbw.utils.Util,AdminServlet uses Util [5]
PlantsByWebSphere.com.ibm.websphere.samples.pbw.war.BackOrderItem,has param,PlantsByWebSphere.com.ibm.websphere.samples.pbw.jpa.BackOrder,BackOrderItem uses BackOrder [8]
PlantsByWebSphere.com.ibm.websphere.samples.pbw.war.BackOrderItem,returns,PlantsByWebSphere.com.ibm.websphere.samples.pbw.jpa.Inventory,BackOrderItem uses Inventory [4]
PlantsByWebSphere.com.ibm.websphere.samples.pbw.war.BackOrderItem,calls,pbw-lib.com.ibm.websphere.samples.pbw.utils.Util,BackOrderItem uses Util [1]
PlantsByWebSphere.com.ibm.websphere.samples.pbw.war.HelpBean,calls,PlantsByWebSphere.com.ibm.websphere.samples.pbw.ejb.ResetDBBean,HelpBean uses ResetDBBean [2]
PlantsByWebSphere.com.ibm.websphere.samples.pbw.war.HelpBean,calls,pbw-lib.com.ibm.websphere.samples.pbw.utils.Util,HelpBean uses Util [2]
PlantsByWebSphere.com.ibm.websphere.samples.pbw.war.ImageServlet,calls,PlantsByWebSphere.com.ibm.websphere.samples.pbw.ejb.CatalogMgr,ImageServlet uses CatalogMgr [2]
PlantsByWebSphere.com.ibm.websphere.samples.pbw.war.ImageServlet,calls,pbw-lib.com.ibm.websphere.samples.pbw.utils.Util,ImageServlet uses Util [1]
PlantsByWebSphere.com.ibm.websphere.samples.pbw.war.MailAction,references,PlantsByWebSphere.com.ibm.websphere.samples.pbw.ejb.MailerAppException,MailAction uses MailerAppException [1]
PlantsByWebSphere.com.ibm.websphere.samples.pbw.war.MailAction,calls,PlantsByWebSphere.com.ibm.websphere.samples.pbw.ejb.MailerBean,MailAction uses MailerBean [2]
PlantsByWebSphere.com.ibm.websphere.samples.pbw.war.MailAction,has param,PlantsByWebSphere.com.ibm.websphere.samples.pbw.jpa.Customer,MailAction uses Customer [1]
PlantsByWebSphere.com.ibm.websphere.samples.pbw.war.MailAction,calls,pbw-lib.com.ibm.websphere.samples.pbw.utils.Util,MailAction uses Util [1]
PlantsByWebSphere.com.ibm.websphere.samples.pbw.war.OrderInfo,has param,PlantsByWebSphere.com.ibm.websphere.samples.pbw.jpa.Order,OrderInfo uses Order [17]
PlantsByWebSphere.com.ibm.websphere.samples.pbw.war.OrderInfo,calls,pbw-lib.com.ibm.websphere.samples.pbw.utils.Util,OrderInfo uses Util [3]
PlantsByWebSphere.com.ibm.websphere.samples.pbw.war.Populate,has param,PlantsByWebSphere.com.ibm.websphere.samples.pbw.ejb.BackOrderMgr,Populate uses BackOrderMgr [3]
PlantsByWebSphere.com.ibm.websphere.samples.pbw.war.Populate,has param,PlantsByWebSphere.com.ibm.websphere.samples.pbw.ejb.CatalogMgr,Populate uses CatalogMgr [6]
PlantsByWebSphere.com.ibm.websphere.samples.pbw.war.Populate,has param,PlantsByWebSphere.com.ibm.websphere.samples.pbw.ejb.CustomerMgr,Populate uses CustomerMgr [3]
PlantsByWebSphere.com.ibm.websphere.samples.pbw.war.Populate,has param,PlantsByWebSphere.com.ibm.websphere.samples.pbw.ejb.ResetDBBean,Populate uses ResetDBBean [3]
PlantsByWebSphere.com.ibm.websphere.samples.pbw.war.Populate,calls,PlantsByWebSphere.com.ibm.websphere.samples.pbw.ejb.ShoppingCartBean,Populate uses ShoppingCartBean [2]
PlantsByWebSphere.com.ibm.websphere.samples.pbw.war.Populate,has param,PlantsByWebSphere.com.ibm.websphere.samples.pbw.ejb.SuppliersBean,Populate uses SuppliersBean [3]
PlantsByWebSphere.com.ibm.websphere.samples.pbw.war.Populate,references,PlantsByWebSphere.com.ibm.websphere.samples.pbw.jpa.Customer,Populate uses Customer [1]
PlantsByWebSphere.com.ibm.websphere.samples.pbw.war.Populate,references,PlantsByWebSphere.com.ibm.websphere.samples.pbw.jpa.Inventory,Populate uses Inventory [2]
PlantsByWebSphere.com.ibm.websphere.samples.pbw.war.Populate,references,PlantsByWebSphere.com.ibm.websphere.samples.pbw.jpa.Order,Populate uses Order [1]
PlantsByWebSphere.com.ibm.websphere.samples.pbw.war.Populate,calls,pbw-lib.com.ibm.websphere.samples.pbw.utils.Util,Populate uses Util [4]
PlantsByWebSphere.com.ibm.websphere.samples.pbw.war.ProductBean,returns,PlantsByWebSphere.com.ibm.websphere.samples.pbw.jpa.Inventory,ProductBean uses Inventory [5]
PlantsByWebSphere.com.ibm.websphere.samples.pbw.war.ProductBean,calls,pbw-lib.com.ibm.websphere.samples.pbw.utils.Util,ProductBean uses Util [1]
PlantsByWebSphere.com.ibm.websphere.samples.pbw.war.ShoppingBean,calls,PlantsByWebSphere.com.ibm.websphere.samples.pbw.ejb.CatalogMgr,ShoppingBean uses CatalogMgr [3]
PlantsByWebSphere.com.ibm.websphere.samples.pbw.war.ShoppingBean,returns,PlantsByWebSphere.com.ibm.websphere.samples.pbw.ejb.ShoppingCartBean,ShoppingBean uses ShoppingCartBean [7]
PlantsByWebSphere.com.ibm.websphere.samples.pbw.war.ShoppingBean,references,PlantsByWebSphere.com.ibm.websphere.samples.pbw.jpa.Inventory,ShoppingBean uses Inventory [7]
PlantsByWebSphere.com.ibm.websphere.samples.pbw.war.ShoppingBean,returns,PlantsByWebSphere.com.ibm.websphere.samples.pbw.war.ProductBean,ShoppingBean uses ProductBean [10]
PlantsByWebSphere.com.ibm.websphere.samples.pbw.war.ShoppingBean,references,PlantsByWebSphere.com.ibm.websphere.samples.pbw.war.ShoppingItem,ShoppingBean uses ShoppingItem [4]
PlantsByWebSphere.com.ibm.websphere.samples.pbw.war.ShoppingItem,returns,PlantsByWebSphere.com.ibm.websphere.samples.pbw.jpa.BackOrder,ShoppingItem uses BackOrder [2]
PlantsByWebSphere.com.ibm.websphere.samples.pbw.war.ShoppingItem,has param,PlantsByWebSphere.com.ibm.websphere.samples.pbw.jpa.Inventory,ShoppingItem uses Inventory [40]
PlantsByWebSphere.com.ibm.websphere.samples.pbw.war.ValidatePasswords,calls,PlantsByWebSphere.com.ibm.websphere.samples.pbw.war.ValidatorUtils,ValidatePasswords uses ValidatorUtils [1]
PlantsByWebSphere.pagecode.Help,extends,PlantsByWebSphere.pagecode.PageCodeBase,Help uses PageCodeBase [5]
pbw-lib.com.ibm.websphere.samples.pbw.utils.ListProperties,calls,pbw-lib.com.ibm.websphere.samples.pbw.utils.Util,ListProperties uses Util [2]
pbw-lib.com.ibm.websphere.samples.pbw.utils.Util,uses inherited,pbw-lib.com.ibm.websphere.samples.pbw.utils.ListProperties,Util uses ListProperties [6]