squirrel_sql-3___1___2.net.sourceforge.squirrel_sql.plugins.graph.TableFrameController,returns,squirrel_sql-3___1___2.net.sourceforge.squirrel_sql.plugins.graph.ColumnInfo,TableFrameController uses ColumnInfo [44]
squirrel_sql-3___1___2.net.sourceforge.squirrel_sql.plugins.graph.ZoomPrintController,returns,squirrel_sql-3___1___2.net.sourceforge.squirrel_sql.plugins.graph.ZoomPrintPanel,ZoomPrintController uses ZoomPrintPanel [34]
squirrel_sql-3___1___2.net.sourceforge.squirrel_sql.plugins.graph.GraphController,has param,squirrel_sql-3___1___2.net.sourceforge.squirrel_sql.plugins.graph.TableFrameController,GraphController uses TableFrameController [34]
squirrel_sql-3___1___2.net.sourceforge.squirrel_sql.plugins.graph.TableFrameController,returns,squirrel_sql-3___1___2.net.sourceforge.squirrel_sql.plugins.graph.TableFrame,TableFrameController uses TableFrame [33]
squirrel_sql-3___1___2.net.sourceforge.squirrel_sql.plugins.graph.TableFrameController,returns,squirrel_sql-3___1___2.net.sourceforge.squirrel_sql.plugins.graph.ConstraintView,TableFrameController uses ConstraintView [30]
squirrel_sql-3___1___2.net.sourceforge.squirrel_sql.plugins.graph.FormatController,uses inherited,squirrel_sql-3___1___2.net.sourceforge.squirrel_sql.plugins.graph.FormatDlg,FormatController uses FormatDlg [29]
squirrel_sql-3___1___2.net.sourceforge.squirrel_sql.plugins.graph.ConstraintView,references,squirrel_sql-3___1___2.net.sourceforge.squirrel_sql.plugins.graph.ConstraintGraph,ConstraintView uses ConstraintGraph [28]
squirrel_sql-3___1___2.net.sourceforge.squirrel_sql.plugins.graph.ColumnInfo,returns,squirrel_sql-3___1___2.net.sourceforge.squirrel_sql.plugins.graph.xmlbeans.ColumnInfoXmlBean,ColumnInfo uses ColumnInfoXmlBean [25]
squirrel_sql-3___1___2.net.sourceforge.squirrel_sql.plugins.graph.FormatController,returns,squirrel_sql-3___1___2.net.sourceforge.squirrel_sql.plugins.graph.xmlbeans.FormatXmlBean,FormatController uses FormatXmlBean [24]
squirrel_sql-3___1___2.net.sourceforge.squirrel_sql.plugins.graph.ConstraintData,returns,squirrel_sql-3___1___2.net.sourceforge.squirrel_sql.plugins.graph.ColumnInfo,ConstraintData uses ColumnInfo [21]
squirrel_sql-3___1___2.net.sourceforge.squirrel_sql.plugins.graph.GraphDesktopController,returns,squirrel_sql-3___1___2.net.sourceforge.squirrel_sql.plugins.graph.ConstraintView,GraphDesktopController uses ConstraintView [20]
squirrel_sql-3___1___2.net.sourceforge.squirrel_sql.plugins.graph.ConstraintView,returns,squirrel_sql-3___1___2.net.sourceforge.squirrel_sql.plugins.graph.ConstraintData,ConstraintView uses ConstraintData [20]
squirrel_sql-3___1___2.net.sourceforge.squirrel_sql.plugins.graph.TableFrameController,returns,squirrel_sql-3___1___2.net.sourceforge.squirrel_sql.plugins.graph.xmlbeans.TableFrameControllerXmlBean,TableFrameController uses TableFrameControllerXmlBean [18]
squirrel_sql-3___1___2.net.sourceforge.squirrel_sql.plugins.graph.TableFrameController,has param,squirrel_sql-3___1___2.net.sourceforge.squirrel_sql.plugins.graph.GraphDesktopController,TableFrameController uses GraphDesktopController [18]
squirrel_sql-3___1___2.net.sourceforge.squirrel_sql.plugins.graph.ConfigureNonDbConstraintController,uses inherited,squirrel_sql-3___1___2.net.sourceforge.squirrel_sql.plugins.graph.ConfigureNonDbConstraintDlg,ConfigureNonDbConstraintController uses ConfigureNonDbConstraintDlg [17]
squirrel_sql-3___1___2.net.sourceforge.squirrel_sql.plugins.graph.ConstraintGraph,returns,squirrel_sql-3___1___2.net.sourceforge.squirrel_sql.plugins.graph.GraphLine,ConstraintGraph uses GraphLine [17]
squirrel_sql-3___1___2.net.sourceforge.squirrel_sql.plugins.graph.ConstraintGraph,returns,squirrel_sql-3___1___2.net.sourceforge.squirrel_sql.plugins.graph.FoldingPoint,ConstraintGraph uses FoldingPoint [15]
squirrel_sql-3___1___2.net.sourceforge.squirrel_sql.plugins.graph.ConstraintData,returns,squirrel_sql-3___1___2.net.sourceforge.squirrel_sql.plugins.graph.xmlbeans.ConstraintDataXmlBean,ConstraintData uses ConstraintDataXmlBean [15]
squirrel_sql-3___1___2.net.sourceforge.squirrel_sql.plugins.graph.GraphController,references,squirrel_sql-3___1___2.net.sourceforge.squirrel_sql.plugins.graph.GraphDesktopController,GraphController uses GraphDesktopController [15]
squirrel_sql-3___1___2.net.sourceforge.squirrel_sql.plugins.graph.TableFrame,has param,squirrel_sql-3___1___2.net.sourceforge.squirrel_sql.plugins.graph.Zoomer,TableFrame uses Zoomer [15]
squirrel_sql-3___1___2.net.sourceforge.squirrel_sql.plugins.graph.ConstraintView,has param,squirrel_sql-3___1___2.net.sourceforge.squirrel_sql.plugins.graph.GraphDesktopController,ConstraintView uses GraphDesktopController [15]
squirrel_sql-3___1___2.net.sourceforge.squirrel_sql.plugins.graph.GraphDesktopController,returns,squirrel_sql-3___1___2.net.sourceforge.squirrel_sql.plugins.graph.GraphDesktopPane,GraphDesktopController uses GraphDesktopPane [14]
squirrel_sql-3___1___2.net.sourceforge.squirrel_sql.plugins.graph.GraphController,references,squirrel_sql-3___1___2.net.sourceforge.squirrel_sql.plugins.graph.xmlbeans.GraphControllerXmlBean,GraphController uses GraphControllerXmlBean [14]
squirrel_sql-3___1___2.net.sourceforge.squirrel_sql.plugins.graph.ConstraintView,has param,squirrel_sql-3___1___2.net.sourceforge.squirrel_sql.plugins.graph.GraphLine,ConstraintView uses GraphLine [14]
squirrel_sql-3___1___2.net.sourceforge.squirrel_sql.plugins.graph.ConstraintView,returns,squirrel_sql-3___1___2.net.sourceforge.squirrel_sql.plugins.graph.FoldingPoint,ConstraintView uses FoldingPoint [13]
squirrel_sql-3___1___2.net.sourceforge.squirrel_sql.plugins.graph.TableFrameController,references,squirrel_sql-3___1___2.net.sourceforge.squirrel_sql.plugins.graph.ConstraintData,TableFrameController uses ConstraintData [13]
squirrel_sql-3___1___2.net.sourceforge.squirrel_sql.plugins.graph.Zoomer,returns,squirrel_sql-3___1___2.net.sourceforge.squirrel_sql.plugins.graph.xmlbeans.ZoomerXmlBean,Zoomer uses ZoomerXmlBean [11]
squirrel_sql-3___1___2.net.sourceforge.squirrel_sql.plugins.graph.TableFrame,returns,squirrel_sql-3___1___2.net.sourceforge.squirrel_sql.plugins.graph.xmlbeans.TableFrameXmlBean,TableFrame uses TableFrameXmlBean [11]
squirrel_sql-3___1___2.net.sourceforge.squirrel_sql.plugins.graph.GraphPlugin,returns,squirrel_sql-3___1___2.net.sourceforge.squirrel_sql.plugins.graph.GraphController,GraphPlugin uses GraphController [11]
squirrel_sql-3___1___2.net.sourceforge.squirrel_sql.plugins.graph.TableFrameController,references,squirrel_sql-3___1___2.net.sourceforge.squirrel_sql.plugins.graph.Zoomer,TableFrameController uses Zoomer [11]
squirrel_sql-3___1___2.net.sourceforge.squirrel_sql.plugins.graph.ConstraintView,references,squirrel_sql-3___1___2.net.sourceforge.squirrel_sql.plugins.graph.Zoomer,ConstraintView uses Zoomer [11]
squirrel_sql-3___1___2.net.sourceforge.squirrel_sql.plugins.graph.ZoomPrintController,has param,squirrel_sql-3___1___2.net.sourceforge.squirrel_sql.plugins.graph.xmlbeans.FormatXmlBean,ZoomPrintController uses FormatXmlBean [11]
squirrel_sql-3___1___2.net.sourceforge.squirrel_sql.plugins.graph.GraphDesktopController,has param,squirrel_sql-3___1___2.net.sourceforge.squirrel_sql.plugins.graph.GraphDesktopListener,GraphDesktopController uses GraphDesktopListener [11]
squirrel_sql-3___1___2.net.sourceforge.squirrel_sql.plugins.graph.GraphSelectionDialogController,uses inherited,squirrel_sql-3___1___2.net.sourceforge.squirrel_sql.plugins.graph.GraphSelectionDialog,GraphSelectionDialogController uses GraphSelectionDialog [10]
squirrel_sql-3___1___2.net.sourceforge.squirrel_sql.plugins.graph.ConstraintDataSet,returns,squirrel_sql-3___1___2.net.sourceforge.squirrel_sql.plugins.graph.ColumnInfo,ConstraintDataSet uses ColumnInfo [10]
squirrel_sql-3___1___2.net.sourceforge.squirrel_sql.plugins.graph.TableFrameController,calls,squirrel_sql-3___1___2.net.sourceforge.squirrel_sql.plugins.graph.GraphTextAreaFactory,TableFrameController uses GraphTextAreaFactory [10]
squirrel_sql-3___1___2.net.sourceforge.squirrel_sql.plugins.graph.GraphDesktopController,returns,squirrel_sql-3___1___2.net.sourceforge.squirrel_sql.plugins.graph.ZoomPrintController,GraphDesktopController uses ZoomPrintController [9]
squirrel_sql-3___1___2.net.sourceforge.squirrel_sql.plugins.graph.GraphController,references,squirrel_sql-3___1___2.net.sourceforge.squirrel_sql.plugins.graph.GraphMainPanelTab,GraphController uses GraphMainPanelTab [9]
squirrel_sql-3___1___2.net.sourceforge.squirrel_sql.plugins.graph.TableFrameController,implements,squirrel_sql-3___1___2.net.sourceforge.squirrel_sql.plugins.graph.ColumnSortListener,TableFrameController uses ColumnSortListener [9]
squirrel_sql-3___1___2.net.sourceforge.squirrel_sql.plugins.graph.Zoomer,has param,squirrel_sql-3___1___2.net.sourceforge.squirrel_sql.plugins.graph.ZoomerListener,Zoomer uses ZoomerListener [9]
squirrel_sql-3___1___2.net.sourceforge.squirrel_sql.plugins.graph.GraphLine,has param,squirrel_sql-3___1___2.net.sourceforge.squirrel_sql.plugins.graph.FoldingPoint,GraphLine uses FoldingPoint [9]
squirrel_sql-3___1___2.net.sourceforge.squirrel_sql.plugins.graph.ConfigureNonDbConstraintController,has param,squirrel_sql-3___1___2.net.sourceforge.squirrel_sql.plugins.graph.TableFrameController,ConfigureNonDbConstraintController uses TableFrameController [9]
squirrel_sql-3___1___2.net.sourceforge.squirrel_sql.plugins.graph.ZoomPrintController,returns,squirrel_sql-3___1___2.net.sourceforge.squirrel_sql.plugins.graph.xmlbeans.PrintXmlBean,ZoomPrintController uses PrintXmlBean [8]
squirrel_sql-3___1___2.net.sourceforge.squirrel_sql.plugins.graph.ZoomPrintController,returns,squirrel_sql-3___1___2.net.sourceforge.squirrel_sql.plugins.graph.Zoomer,ZoomPrintController uses Zoomer [8]
squirrel_sql-3___1___2.net.sourceforge.squirrel_sql.plugins.graph.GraphDesktopPane,has param,squirrel_sql-3___1___2.net.sourceforge.squirrel_sql.plugins.graph.GraphComponent,GraphDesktopPane uses GraphComponent [8]
squirrel_sql-3___1___2.net.sourceforge.squirrel_sql.plugins.graph.ConfigureNonDbConstraintController,has param,squirrel_sql-3___1___2.net.sourceforge.squirrel_sql.plugins.graph.ConstraintView,ConfigureNonDbConstraintController uses ConstraintView [8]
squirrel_sql-3___1___2.net.sourceforge.squirrel_sql.plugins.graph.ConstraintView,returns,squirrel_sql-3___1___2.net.sourceforge.squirrel_sql.plugins.graph.xmlbeans.ConstraintViewXmlBean,ConstraintView uses ConstraintViewXmlBean [7]
squirrel_sql-3___1___2.net.sourceforge.squirrel_sql.plugins.graph.ZoomPrintController,references,squirrel_sql-3___1___2.net.sourceforge.squirrel_sql.plugins.graph.FormatController,ZoomPrintController uses FormatController [7]
squirrel_sql-3___1___2.net.sourceforge.squirrel_sql.plugins.graph.ConstraintGraph,references,squirrel_sql-3___1___2.net.sourceforge.squirrel_sql.plugins.graph.xmlbeans.FoldingPointXmlBean,ConstraintGraph uses FoldingPointXmlBean [7]
squirrel_sql-3___1___2.net.sourceforge.squirrel_sql.plugins.graph.ConfigureNonDbConstraintController,references,squirrel_sql-3___1___2.net.sourceforge.squirrel_sql.plugins.graph.ConstraintDataSet,ConfigureNonDbConstraintController uses ConstraintDataSet [7]
squirrel_sql-3___1___2.net.sourceforge.squirrel_sql.plugins.graph.GraphController,has param,squirrel_sql-3___1___2.net.sourceforge.squirrel_sql.plugins.graph.xmlbeans.GraphXmlSerializer,GraphController uses GraphXmlSerializer [7]
squirrel_sql-3___1___2.net.sourceforge.squirrel_sql.plugins.graph.ConstraintView,has param,squirrel_sql-3___1___2.net.sourceforge.squirrel_sql.plugins.graph.ConstraintViewListener,ConstraintView uses ConstraintViewListener [7]
squirrel_sql-3___1___2.net.sourceforge.squirrel_sql.plugins.graph.graphtofiles.GraphToFilesCtrlr,uses inherited,squirrel_sql-3___1___2.net.sourceforge.squirrel_sql.plugins.graph.graphtofiles.GraphToFilesDlg,GraphToFilesCtrlr uses GraphToFilesDlg [6]
squirrel_sql-3___1___2.net.sourceforge.squirrel_sql.plugins.graph.TableFrameController,returns,squirrel_sql-3___1___2.net.sourceforge.squirrel_sql.plugins.graph.DndEvent,TableFrameController uses DndEvent [6]
squirrel_sql-3___1___2.net.sourceforge.squirrel_sql.plugins.graph.ConstraintView,returns,squirrel_sql-3___1___2.net.sourceforge.squirrel_sql.plugins.graph.TableFrameController,ConstraintView uses TableFrameController [6]
squirrel_sql-3___1___2.net.sourceforge.squirrel_sql.plugins.graph.ConstraintDataSet,references,squirrel_sql-3___1___2.net.sourceforge.squirrel_sql.plugins.graph.ConstraintData,ConstraintDataSet uses ConstraintData [6]
squirrel_sql-3___1___2.net.sourceforge.squirrel_sql.plugins.graph.ConfigureNonDbConstraintController,references,squirrel_sql-3___1___2.net.sourceforge.squirrel_sql.plugins.graph.ConstraintData,ConfigureNonDbConstraintController uses ConstraintData [6]
squirrel_sql-3___1___2.net.sourceforge.squirrel_sql.plugins.graph.TableFrameController,has param,squirrel_sql-3___1___2.net.sourceforge.squirrel_sql.plugins.graph.AddTableListener,TableFrameController uses AddTableListener [6]
squirrel_sql-3___1___2.net.sourceforge.squirrel_sql.plugins.graph.GraphController,has param,squirrel_sql-3___1___2.net.sourceforge.squirrel_sql.plugins.graph.xmlbeans.TableFrameControllerXmlBean,GraphController uses TableFrameControllerXmlBean [6]
squirrel_sql-3___1___2.net.sourceforge.squirrel_sql.plugins.graph.GraphTextAreaFactory,uses inherited,squirrel_sql-3___1___2.net.sourceforge.squirrel_sql.plugins.graph.ZoomableColumnTextArea,GraphTextAreaFactory uses ZoomableColumnTextArea [5]
squirrel_sql-3___1___2.net.sourceforge.squirrel_sql.plugins.graph.GraphTextAreaFactory,uses inherited,squirrel_sql-3___1___2.net.sourceforge.squirrel_sql.plugins.graph.ColumnTextArea,GraphTextAreaFactory uses ColumnTextArea [5]
squirrel_sql-3___1___2.net.sourceforge.squirrel_sql.plugins.graph.GraphController,uses inherited,squirrel_sql-3___1___2.net.sourceforge.squirrel_sql.plugins.graph.TableFrame,GraphController uses TableFrame [5]
squirrel_sql-3___1___2.net.sourceforge.squirrel_sql.plugins.graph.TableFrameController,returns,squirrel_sql-3___1___2.net.sourceforge.squirrel_sql.plugins.graph.ConnectionPoints,TableFrameController uses ConnectionPoints [5]
squirrel_sql-3___1___2.net.sourceforge.squirrel_sql.plugins.graph.ConstraintGraph,returns,squirrel_sql-3___1___2.net.sourceforge.squirrel_sql.plugins.graph.xmlbeans.ConstraintGraphXmlBean,ConstraintGraph uses ConstraintGraphXmlBean [5]
squirrel_sql-3___1___2.net.sourceforge.squirrel_sql.plugins.graph.graphtofiles.SaveToFilePageFormat,references,squirrel_sql-3___1___2.net.sourceforge.squirrel_sql.plugins.graph.PixelCalculater,SaveToFilePageFormat uses PixelCalculater [5]
squirrel_sql-3___1___2.net.sourceforge.squirrel_sql.plugins.graph.ZoomableColumnTextArea,references,squirrel_sql-3___1___2.net.sourceforge.squirrel_sql.plugins.graph.DndHandler,ZoomableColumnTextArea uses DndHandler [5]
squirrel_sql-3___1___2.net.sourceforge.squirrel_sql.plugins.graph.TableFrame,references,squirrel_sql-3___1___2.net.sourceforge.squirrel_sql.plugins.graph.GraphTextAreaFactory,TableFrame uses GraphTextAreaFactory [5]
squirrel_sql-3___1___2.net.sourceforge.squirrel_sql.plugins.graph.ConfigureNonDbConstraintController,references,squirrel_sql-3___1___2.net.sourceforge.squirrel_sql.plugins.graph.ColumnInfo,ConfigureNonDbConstraintController uses ColumnInfo [5]
squirrel_sql-3___1___2.net.sourceforge.squirrel_sql.plugins.graph.ColumnTextArea,references,squirrel_sql-3___1___2.net.sourceforge.squirrel_sql.plugins.graph.DndHandler,ColumnTextArea uses DndHandler [5]
squirrel_sql-3___1___2.net.sourceforge.squirrel_sql.plugins.graph.AddToGraphAction,references,squirrel_sql-3___1___2.net.sourceforge.squirrel_sql.plugins.graph.GraphSelectionDialogController,AddToGraphAction uses GraphSelectionDialogController [5]
squirrel_sql-3___1___2.net.sourceforge.squirrel_sql.plugins.graph.ZoomableColumnTextArea,has param,squirrel_sql-3___1___2.net.sourceforge.squirrel_sql.plugins.graph.Zoomer,ZoomableColumnTextArea uses Zoomer [5]
squirrel_sql-3___1___2.net.sourceforge.squirrel_sql.plugins.graph.ZoomPrintController,has param,squirrel_sql-3___1___2.net.sourceforge.squirrel_sql.plugins.graph.GraphPrintable,ZoomPrintController uses GraphPrintable [5]
squirrel_sql-3___1___2.net.sourceforge.squirrel_sql.plugins.graph.PixelCalculater,has param,squirrel_sql-3___1___2.net.sourceforge.squirrel_sql.plugins.graph.xmlbeans.FormatXmlBean,PixelCalculater uses FormatXmlBean [5]
squirrel_sql-3___1___2.net.sourceforge.squirrel_sql.plugins.graph.GraphController,has param,squirrel_sql-3___1___2.net.sourceforge.squirrel_sql.plugins.graph.GraphPlugin,GraphController uses GraphPlugin [5]
squirrel_sql-3___1___2.net.sourceforge.squirrel_sql.plugins.graph.FormatController,has param,squirrel_sql-3___1___2.net.sourceforge.squirrel_sql.plugins.graph.FormatControllerListener,FormatController uses FormatControllerListener [5]
squirrel_sql-3___1___2.net.sourceforge.squirrel_sql.plugins.graph.GraphSelectionDialogController,returns,squirrel_sql-3___1___2.net.sourceforge.squirrel_sql.plugins.graph.GraphController,GraphSelectionDialogController uses GraphController [4]
squirrel_sql-3___1___2.net.sourceforge.squirrel_sql.plugins.graph.ZoomPrintController,references,squirrel_sql-3___1___2.net.sourceforge.squirrel_sql.plugins.graph.graphtofiles.SaveToFilePageFormat,ZoomPrintController uses SaveToFilePageFormat [4]
squirrel_sql-3___1___2.net.sourceforge.squirrel_sql.plugins.graph.ZoomPrintController,references,squirrel_sql-3___1___2.net.sourceforge.squirrel_sql.plugins.graph.PixelCalculater,ZoomPrintController uses PixelCalculater [4]
squirrel_sql-3___1___2.net.sourceforge.squirrel_sql.plugins.graph.ZoomPrintController,references,squirrel_sql-3___1___2.net.sourceforge.squirrel_sql.plugins.graph.EdgesGraphComponent,ZoomPrintController uses EdgesGraphComponent [4]
squirrel_sql-3___1___2.net.sourceforge.squirrel_sql.plugins.graph.GraphDesktopController,references,squirrel_sql-3___1___2.net.sourceforge.squirrel_sql.plugins.graph.GraphComponent,GraphDesktopController uses GraphComponent [4]
squirrel_sql-3___1___2.net.sourceforge.squirrel_sql.plugins.graph.EdgesGraphComponent,references,squirrel_sql-3___1___2.net.sourceforge.squirrel_sql.plugins.graph.PixelCalculater,EdgesGraphComponent uses PixelCalculater [4]
squirrel_sql-3___1___2.net.sourceforge.squirrel_sql.plugins.graph.TableFrameController,implements,squirrel_sql-3___1___2.net.sourceforge.squirrel_sql.plugins.graph.ZoomerListener,TableFrameController uses ZoomerListener [4]
squirrel_sql-3___1___2.net.sourceforge.squirrel_sql.plugins.graph.xmlbeans.GraphXmlSerializer,has param,squirrel_sql-3___1___2.net.sourceforge.squirrel_sql.plugins.graph.GraphPlugin,GraphXmlSerializer uses GraphPlugin [4]
squirrel_sql-3___1___2.net.sourceforge.squirrel_sql.plugins.graph.ZoomableColumnTextArea,has param,squirrel_sql-3___1___2.net.sourceforge.squirrel_sql.plugins.graph.ColumnInfo,ZoomableColumnTextArea uses ColumnInfo [4]
squirrel_sql-3___1___2.net.sourceforge.squirrel_sql.plugins.graph.ZoomPrintController,has param,squirrel_sql-3___1___2.net.sourceforge.squirrel_sql.plugins.graph.EdgesListener,ZoomPrintController uses EdgesListener [4]
squirrel_sql-3___1___2.net.sourceforge.squirrel_sql.plugins.graph.TableFrameController,has param,squirrel_sql-3___1___2.net.sourceforge.squirrel_sql.plugins.graph.TableFrameControllerListener,TableFrameController uses TableFrameControllerListener [4]
squirrel_sql-3___1___2.net.sourceforge.squirrel_sql.plugins.graph.GraphMainPanelTab,has param,squirrel_sql-3___1___2.net.sourceforge.squirrel_sql.plugins.graph.GraphDesktopController,GraphMainPanelTab uses GraphDesktopController [4]
squirrel_sql-3___1___2.net.sourceforge.squirrel_sql.plugins.graph.FoldingPoint,has param,squirrel_sql-3___1___2.net.sourceforge.squirrel_sql.plugins.graph.Zoomer,FoldingPoint uses Zoomer [4]
squirrel_sql-3___1___2.net.sourceforge.squirrel_sql.plugins.graph.DndHandler,has param,squirrel_sql-3___1___2.net.sourceforge.squirrel_sql.plugins.graph.DndCallback,DndHandler uses DndCallback [4]
squirrel_sql-3___1___2.net.sourceforge.squirrel_sql.plugins.graph.ConstraintViewCreator,has param,squirrel_sql-3___1___2.net.sourceforge.squirrel_sql.plugins.graph.ColumnInfo,ConstraintViewCreator uses ColumnInfo [4]
squirrel_sql-3___1___2.net.sourceforge.squirrel_sql.plugins.graph.ConstraintDataSet,has param,squirrel_sql-3___1___2.net.sourceforge.squirrel_sql.plugins.graph.TableFrameController,ConstraintDataSet uses TableFrameController [4]
squirrel_sql-3___1___2.net.sourceforge.squirrel_sql.plugins.graph.ConstraintDataSet,has param,squirrel_sql-3___1___2.net.sourceforge.squirrel_sql.plugins.graph.ConstraintView,ConstraintDataSet uses ConstraintView [4]
squirrel_sql-3___1___2.net.sourceforge.squirrel_sql.plugins.graph.AddToGraphAction,has param,squirrel_sql-3___1___2.net.sourceforge.squirrel_sql.plugins.graph.GraphPlugin,AddToGraphAction uses GraphPlugin [4]
squirrel_sql-3___1___2.net.sourceforge.squirrel_sql.plugins.graph.xmlbeans.TableFrameControllerXmlBean,returns,squirrel_sql-3___1___2.net.sourceforge.squirrel_sql.plugins.graph.xmlbeans.TableFrameXmlBean,TableFrameControllerXmlBean uses TableFrameXmlBean [3]
squirrel_sql-3___1___2.net.sourceforge.squirrel_sql.plugins.graph.xmlbeans.TableFrameControllerXmlBean,returns,squirrel_sql-3___1___2.net.sourceforge.squirrel_sql.plugins.graph.xmlbeans.ConstraintViewXmlBean,TableFrameControllerXmlBean uses ConstraintViewXmlBean [3]
squirrel_sql-3___1___2.net.sourceforge.squirrel_sql.plugins.graph.xmlbeans.TableFrameControllerXmlBean,returns,squirrel_sql-3___1___2.net.sourceforge.squirrel_sql.plugins.graph.xmlbeans.ColumnInfoXmlBean,TableFrameControllerXmlBean uses ColumnInfoXmlBean [3]
squirrel_sql-3___1___2.net.sourceforge.squirrel_sql.plugins.graph.xmlbeans.GraphXmlSerializer,returns,squirrel_sql-3___1___2.net.sourceforge.squirrel_sql.plugins.graph.xmlbeans.GraphControllerXmlBean,GraphXmlSerializer uses GraphControllerXmlBean [3]
squirrel_sql-3___1___2.net.sourceforge.squirrel_sql.plugins.graph.xmlbeans.GraphControllerXmlBean,returns,squirrel_sql-3___1___2.net.sourceforge.squirrel_sql.plugins.graph.xmlbeans.ZoomerXmlBean,GraphControllerXmlBean uses ZoomerXmlBean [3]
squirrel_sql-3___1___2.net.sourceforge.squirrel_sql.plugins.graph.xmlbeans.GraphControllerXmlBean,returns,squirrel_sql-3___1___2.net.sourceforge.squirrel_sql.plugins.graph.xmlbeans.TableFrameControllerXmlBean,GraphControllerXmlBean uses TableFrameControllerXmlBean [3]
squirrel_sql-3___1___2.net.sourceforge.squirrel_sql.plugins.graph.xmlbeans.GraphControllerXmlBean,returns,squirrel_sql-3___1___2.net.sourceforge.squirrel_sql.plugins.graph.xmlbeans.PrintXmlBean,GraphControllerXmlBean uses PrintXmlBean [3]
squirrel_sql-3___1___2.net.sourceforge.squirrel_sql.plugins.graph.xmlbeans.ConstraintViewXmlBean,returns,squirrel_sql-3___1___2.net.sourceforge.squirrel_sql.plugins.graph.xmlbeans.ConstraintGraphXmlBean,ConstraintViewXmlBean uses ConstraintGraphXmlBean [3]
squirrel_sql-3___1___2.net.sourceforge.squirrel_sql.plugins.graph.xmlbeans.ConstraintViewXmlBean,returns,squirrel_sql-3___1___2.net.sourceforge.squirrel_sql.plugins.graph.xmlbeans.ConstraintDataXmlBean,ConstraintViewXmlBean uses ConstraintDataXmlBean [3]
squirrel_sql-3___1___2.net.sourceforge.squirrel_sql.plugins.graph.xmlbeans.ConstraintGraphXmlBean,returns,squirrel_sql-3___1___2.net.sourceforge.squirrel_sql.plugins.graph.xmlbeans.FoldingPointXmlBean,ConstraintGraphXmlBean uses FoldingPointXmlBean [3]
squirrel_sql-3___1___2.net.sourceforge.squirrel_sql.plugins.graph.xmlbeans.ConstraintDataXmlBean,returns,squirrel_sql-3___1___2.net.sourceforge.squirrel_sql.plugins.graph.xmlbeans.ColumnInfoXmlBean,ConstraintDataXmlBean uses ColumnInfoXmlBean [3]
squirrel_sql-3___1___2.net.sourceforge.squirrel_sql.plugins.graph.GraphDesktopController,returns,squirrel_sql-3___1___2.net.sourceforge.squirrel_sql.plugins.graph.Zoomer,GraphDesktopController uses Zoomer [3]
squirrel_sql-3___1___2.net.sourceforge.squirrel_sql.plugins.graph.DndHandler,returns,squirrel_sql-3___1___2.net.sourceforge.squirrel_sql.plugins.graph.DndEvent,DndHandler uses DndEvent [3]
squirrel_sql-3___1___2.net.sourceforge.squirrel_sql.plugins.graph.DndEvent,returns,squirrel_sql-3___1___2.net.sourceforge.squirrel_sql.plugins.graph.TableFrameController,DndEvent uses TableFrameController [3]
squirrel_sql-3___1___2.net.sourceforge.squirrel_sql.plugins.graph.DndEvent,returns,squirrel_sql-3___1___2.net.sourceforge.squirrel_sql.plugins.graph.ColumnInfo,DndEvent uses ColumnInfo [3]
squirrel_sql-3___1___2.net.sourceforge.squirrel_sql.plugins.graph.GraphPlugin,references,squirrel_sql-3___1___2.net.sourceforge.squirrel_sql.plugins.graph.xmlbeans.GraphXmlSerializer,GraphPlugin uses GraphXmlSerializer [3]
squirrel_sql-3___1___2.net.sourceforge.squirrel_sql.plugins.graph.GraphPlugin,references,squirrel_sql-3___1___2.net.sourceforge.squirrel_sql.plugins.graph.AddToGraphAction,GraphPlugin uses AddToGraphAction [3]
squirrel_sql-3___1___2.net.sourceforge.squirrel_sql.plugins.graph.DndHandler,references,squirrel_sql-3___1___2.net.sourceforge.squirrel_sql.plugins.graph.DndColumn,DndHandler uses DndColumn [3]
squirrel_sql-3___1___2.net.sourceforge.squirrel_sql.plugins.graph.ConstraintViewCreator,references,squirrel_sql-3___1___2.net.sourceforge.squirrel_sql.plugins.graph.ConstraintData,ConstraintViewCreator uses ConstraintData [3]
squirrel_sql-3___1___2.net.sourceforge.squirrel_sql.plugins.graph.TableFrameController,implements,squirrel_sql-3___1___2.net.sourceforge.squirrel_sql.plugins.graph.DndCallback,TableFrameController uses DndCallback [3]
squirrel_sql-3___1___2.net.sourceforge.squirrel_sql.plugins.graph.TableFrameController,implements,squirrel_sql-3___1___2.net.sourceforge.squirrel_sql.plugins.graph.ConstraintViewListener,TableFrameController uses ConstraintViewListener [3]
squirrel_sql-3___1___2.net.sourceforge.squirrel_sql.plugins.graph.TableFrame,implements,squirrel_sql-3___1___2.net.sourceforge.squirrel_sql.plugins.graph.ZoomerListener,TableFrame uses ZoomerListener [3]
squirrel_sql-3___1___2.net.sourceforge.squirrel_sql.plugins.graph.GraphController,implements,squirrel_sql-3___1___2.net.sourceforge.squirrel_sql.plugins.graph.TableFrameControllerListener,GraphController uses TableFrameControllerListener [3]
squirrel_sql-3___1___2.net.sourceforge.squirrel_sql.plugins.graph.GraphController,implements,squirrel_sql-3___1___2.net.sourceforge.squirrel_sql.plugins.graph.GraphDesktopListener,GraphController uses GraphDesktopListener [3]
squirrel_sql-3___1___2.net.sourceforge.squirrel_sql.plugins.graph.GraphController,implements,squirrel_sql-3___1___2.net.sourceforge.squirrel_sql.plugins.graph.AddTableListener,GraphController uses AddTableListener [3]
squirrel_sql-3___1___2.net.sourceforge.squirrel_sql.plugins.graph.xmlbeans.GraphXmlSerializer,has param,squirrel_sql-3___1___2.net.sourceforge.squirrel_sql.plugins.graph.GraphMainPanelTab,GraphXmlSerializer uses GraphMainPanelTab [3]
squirrel_sql-3___1___2.net.sourceforge.squirrel_sql.plugins.graph.ZoomableColumnTextArea,has param,squirrel_sql-3___1___2.net.sourceforge.squirrel_sql.plugins.graph.TableToolTipProvider,ZoomableColumnTextArea uses TableToolTipProvider [3]
squirrel_sql-3___1___2.net.sourceforge.squirrel_sql.plugins.graph.ZoomPrintController,has param,squirrel_sql-3___1___2.net.sourceforge.squirrel_sql.plugins.graph.GraphPlugin,ZoomPrintController uses GraphPlugin [3]
squirrel_sql-3___1___2.net.sourceforge.squirrel_sql.plugins.graph.TableFrameController,has param,squirrel_sql-3___1___2.net.sourceforge.squirrel_sql.plugins.graph.GraphControllerAccessor,TableFrameController uses GraphControllerAccessor [3]
squirrel_sql-3___1___2.net.sourceforge.squirrel_sql.plugins.graph.TableFrameController,has param,squirrel_sql-3___1___2.net.sourceforge.squirrel_sql.plugins.graph.FoldingPoint,TableFrameController uses FoldingPoint [3]
squirrel_sql-3___1___2.net.sourceforge.squirrel_sql.plugins.graph.GraphDesktopPane,has param,squirrel_sql-3___1___2.net.sourceforge.squirrel_sql.plugins.graph.ConstraintView,GraphDesktopPane uses ConstraintView [3]
squirrel_sql-3___1___2.net.sourceforge.squirrel_sql.plugins.graph.GraphDesktopController,has param,squirrel_sql-3___1___2.net.sourceforge.squirrel_sql.plugins.graph.GraphPlugin,GraphDesktopController uses GraphPlugin [3]
squirrel_sql-3___1___2.net.sourceforge.squirrel_sql.plugins.graph.FormatController,has param,squirrel_sql-3___1___2.net.sourceforge.squirrel_sql.plugins.graph.GraphPlugin,FormatController uses GraphPlugin [3]
squirrel_sql-3___1___2.net.sourceforge.squirrel_sql.plugins.graph.EdgesGraphComponent,has param,squirrel_sql-3___1___2.net.sourceforge.squirrel_sql.plugins.graph.xmlbeans.FormatXmlBean,EdgesGraphComponent uses FormatXmlBean [3]
squirrel_sql-3___1___2.net.sourceforge.squirrel_sql.plugins.graph.ConstraintViewCreator,has param,squirrel_sql-3___1___2.net.sourceforge.squirrel_sql.plugins.graph.DndEvent,ConstraintViewCreator uses DndEvent [3]
squirrel_sql-3___1___2.net.sourceforge.squirrel_sql.plugins.graph.ConstraintView,has param,squirrel_sql-3___1___2.net.sourceforge.squirrel_sql.plugins.graph.ConnectionPoints,ConstraintView uses ConnectionPoints [3]
squirrel_sql-3___1___2.net.sourceforge.squirrel_sql.plugins.graph.ColumnTextArea,has param,squirrel_sql-3___1___2.net.sourceforge.squirrel_sql.plugins.graph.TableToolTipProvider,ColumnTextArea uses TableToolTipProvider [3]
squirrel_sql-3___1___2.net.sourceforge.squirrel_sql.plugins.graph.GraphController,uses inherited,squirrel_sql-3___1___2.net.sourceforge.squirrel_sql.plugins.graph.GraphDesktopPane,GraphController uses GraphDesktopPane [2]
squirrel_sql-3___1___2.net.sourceforge.squirrel_sql.plugins.graph.ZoomableColumnTextArea,returns,squirrel_sql-3___1___2.net.sourceforge.squirrel_sql.plugins.graph.DndEvent,ZoomableColumnTextArea uses DndEvent [2]
squirrel_sql-3___1___2.net.sourceforge.squirrel_sql.plugins.graph.DndColumn,returns,squirrel_sql-3___1___2.net.sourceforge.squirrel_sql.plugins.graph.DndEvent,DndColumn uses DndEvent [2]
squirrel_sql-3___1___2.net.sourceforge.squirrel_sql.plugins.graph.DndCallback,returns,squirrel_sql-3___1___2.net.sourceforge.squirrel_sql.plugins.graph.DndEvent,DndCallback uses DndEvent [2]
squirrel_sql-3___1___2.net.sourceforge.squirrel_sql.plugins.graph.ConstraintViewCreator,returns,squirrel_sql-3___1___2.net.sourceforge.squirrel_sql.plugins.graph.ConstraintView,ConstraintViewCreator uses ConstraintView [2]
squirrel_sql-3___1___2.net.sourceforge.squirrel_sql.plugins.graph.ColumnTextArea,returns,squirrel_sql-3___1___2.net.sourceforge.squirrel_sql.plugins.graph.DndEvent,ColumnTextArea uses DndEvent [2]
squirrel_sql-3___1___2.net.sourceforge.squirrel_sql.plugins.graph.graphtofiles.GraphToFilesDlg,references,squirrel_sql-3___1___2.net.sourceforge.squirrel_sql.plugins.graph.graphtofiles.ImageSelection,GraphToFilesDlg uses ImageSelection [2]
squirrel_sql-3___1___2.net.sourceforge.squirrel_sql.plugins.graph.ZoomPrintController,references,squirrel_sql-3___1___2.net.sourceforge.squirrel_sql.plugins.graph.graphtofiles.GraphToFilesCtrlr,ZoomPrintController uses GraphToFilesCtrlr [2]
squirrel_sql-3___1___2.net.sourceforge.squirrel_sql.plugins.graph.ZoomPrintController,references,squirrel_sql-3___1___2.net.sourceforge.squirrel_sql.plugins.graph.GraphPluginResources,ZoomPrintController uses GraphPluginResources [2]
squirrel_sql-3___1___2.net.sourceforge.squirrel_sql.plugins.graph.TableFrameController,references,squirrel_sql-3___1___2.net.sourceforge.squirrel_sql.plugins.graph.xmlbeans.TableFrameXmlBean,TableFrameController uses TableFrameXmlBean [2]
squirrel_sql-3___1___2.net.sourceforge.squirrel_sql.plugins.graph.TableFrameController,references,squirrel_sql-3___1___2.net.sourceforge.squirrel_sql.plugins.graph.xmlbeans.ConstraintViewXmlBean,TableFrameController uses ConstraintViewXmlBean [2]
squirrel_sql-3___1___2.net.sourceforge.squirrel_sql.plugins.graph.TableFrameController,references,squirrel_sql-3___1___2.net.sourceforge.squirrel_sql.plugins.graph.xmlbeans.ColumnInfoXmlBean,TableFrameController uses ColumnInfoXmlBean [2]
squirrel_sql-3___1___2.net.sourceforge.squirrel_sql.plugins.graph.SqlScriptAcessor,references,squirrel_sql-3___1___2.net.sourceforge.squirrel_sql.plugins.graph.ScriptInterface,SqlScriptAcessor uses ScriptInterface [2]
squirrel_sql-3___1___2.net.sourceforge.squirrel_sql.plugins.graph.GraphDesktopPane,references,squirrel_sql-3___1___2.net.sourceforge.squirrel_sql.plugins.graph.EdgesGraphComponent,GraphDesktopPane uses EdgesGraphComponent [2]
squirrel_sql-3___1___2.net.sourceforge.squirrel_sql.plugins.graph.GraphDesktopPane,references,squirrel_sql-3___1___2.net.sourceforge.squirrel_sql.plugins.graph.ConstraintViewListener,GraphDesktopPane uses ConstraintViewListener [2]
squirrel_sql-3___1___2.net.sourceforge.squirrel_sql.plugins.graph.GraphController,references,squirrel_sql-3___1___2.net.sourceforge.squirrel_sql.plugins.graph.xmlbeans.ZoomerXmlBean,GraphController uses ZoomerXmlBean [2]
squirrel_sql-3___1___2.net.sourceforge.squirrel_sql.plugins.graph.GraphController,references,squirrel_sql-3___1___2.net.sourceforge.squirrel_sql.plugins.graph.xmlbeans.PrintXmlBean,GraphController uses PrintXmlBean [2]
squirrel_sql-3___1___2.net.sourceforge.squirrel_sql.plugins.graph.GraphController,references,squirrel_sql-3___1___2.net.sourceforge.squirrel_sql.plugins.graph.Zoomer,GraphController uses Zoomer [2]
squirrel_sql-3___1___2.net.sourceforge.squirrel_sql.plugins.graph.GraphController,references,squirrel_sql-3___1___2.net.sourceforge.squirrel_sql.plugins.graph.ZoomPrintController,GraphController uses ZoomPrintController [2]
squirrel_sql-3___1___2.net.sourceforge.squirrel_sql.plugins.graph.ConstraintView,references,squirrel_sql-3___1___2.net.sourceforge.squirrel_sql.plugins.graph.xmlbeans.ConstraintGraphXmlBean,ConstraintView uses ConstraintGraphXmlBean [2]
squirrel_sql-3___1___2.net.sourceforge.squirrel_sql.plugins.graph.ConstraintView,references,squirrel_sql-3___1___2.net.sourceforge.squirrel_sql.plugins.graph.xmlbeans.ConstraintDataXmlBean,ConstraintView uses ConstraintDataXmlBean [2]
squirrel_sql-3___1___2.net.sourceforge.squirrel_sql.plugins.graph.ConstraintView,references,squirrel_sql-3___1___2.net.sourceforge.squirrel_sql.plugins.graph.ConfigureNonDbConstraintController,ConstraintView uses ConfigureNonDbConstraintController [2]
squirrel_sql-3___1___2.net.sourceforge.squirrel_sql.plugins.graph.ConstraintData,references,squirrel_sql-3___1___2.net.sourceforge.squirrel_sql.plugins.graph.xmlbeans.ColumnInfoXmlBean,ConstraintData uses ColumnInfoXmlBean [2]
squirrel_sql-3___1___2.net.sourceforge.squirrel_sql.plugins.graph.AddToGraphAction,references,squirrel_sql-3___1___2.net.sourceforge.squirrel_sql.plugins.graph.GraphController,AddToGraphAction uses GraphController [2]
squirrel_sql-3___1___2.net.sourceforge.squirrel_sql.plugins.graph.ZoomPrintController,implements,squirrel_sql-3___1___2.net.sourceforge.squirrel_sql.plugins.graph.FormatControllerListener,ZoomPrintController uses FormatControllerListener [2]
squirrel_sql-3___1___2.net.sourceforge.squirrel_sql.plugins.graph.TableFrameController,implements,squirrel_sql-3___1___2.net.sourceforge.squirrel_sql.plugins.graph.TableToolTipProvider,TableFrameController uses TableToolTipProvider [2]
squirrel_sql-3___1___2.net.sourceforge.squirrel_sql.plugins.graph.GraphDesktopController,implements,squirrel_sql-3___1___2.net.sourceforge.squirrel_sql.plugins.graph.EdgesListener,GraphDesktopController uses EdgesListener [2]
squirrel_sql-3___1___2.net.sourceforge.squirrel_sql.plugins.graph.GraphController,implements,squirrel_sql-3___1___2.net.sourceforge.squirrel_sql.plugins.graph.GraphControllerAccessor,GraphController uses GraphControllerAccessor [2]
squirrel_sql-3___1___2.net.sourceforge.squirrel_sql.plugins.graph.ZoomPrintPanel,has param,squirrel_sql-3___1___2.net.sourceforge.squirrel_sql.plugins.graph.GraphPluginResources,ZoomPrintPanel uses GraphPluginResources [2]
squirrel_sql-3___1___2.net.sourceforge.squirrel_sql.plugins.graph.ZoomPrintController,has param,squirrel_sql-3___1___2.net.sourceforge.squirrel_sql.plugins.graph.xmlbeans.ZoomerXmlBean,ZoomPrintController uses ZoomerXmlBean [2]
squirrel_sql-3___1___2.net.sourceforge.squirrel_sql.plugins.graph.GraphDesktopController,has param,squirrel_sql-3___1___2.net.sourceforge.squirrel_sql.plugins.graph.EdgesGraphComponent,GraphDesktopController uses EdgesGraphComponent [2]
squirrel_sql-3___1___2.net.sourceforge.squirrel_sql.plugins.graph.ConstraintViewListener,has param,squirrel_sql-3___1___2.net.sourceforge.squirrel_sql.plugins.graph.ConstraintView,ConstraintViewListener uses ConstraintView [2]
squirrel_sql-3___1___2.net.sourceforge.squirrel_sql.plugins.graph.ConstraintViewCreator,has param,squirrel_sql-3___1___2.net.sourceforge.squirrel_sql.plugins.graph.TableFrameController,ConstraintViewCreator uses TableFrameController [2]
squirrel_sql-3___1___2.net.sourceforge.squirrel_sql.plugins.graph.ConstraintViewAdapter,has param,squirrel_sql-3___1___2.net.sourceforge.squirrel_sql.plugins.graph.ConstraintView,ConstraintViewAdapter uses ConstraintView [2]
squirrel_sql-3___1___2.net.sourceforge.squirrel_sql.plugins.graph.ColumnTextArea,has param,squirrel_sql-3___1___2.net.sourceforge.squirrel_sql.plugins.graph.ColumnInfo,ColumnTextArea uses ColumnInfo [2]
squirrel_sql-3___1___2.net.sourceforge.squirrel_sql.plugins.graph.GraphDesktopPane,extends,squirrel_sql-3___1___2.net.sourceforge.squirrel_sql.plugins.graph.ConstraintViewAdapter,GraphDesktopPane uses ConstraintViewAdapter [2]
squirrel_sql-3___1___2.net.sourceforge.squirrel_sql.plugins.graph.graphtofiles.GraphToFilesDlg,references,squirrel_sql-3___1___2.net.sourceforge.squirrel_sql.plugins.graph.graphtofiles.GraphToFilesCtrlr,GraphToFilesDlg uses GraphToFilesCtrlr [1]
squirrel_sql-3___1___2.net.sourceforge.squirrel_sql.plugins.graph.GraphDesktopController,references,squirrel_sql-3___1___2.net.sourceforge.squirrel_sql.plugins.graph.ZoomPrintPanel,GraphDesktopController uses ZoomPrintPanel [1]
squirrel_sql-3___1___2.net.sourceforge.squirrel_sql.plugins.graph.GraphDesktopController,references,squirrel_sql-3___1___2.net.sourceforge.squirrel_sql.plugins.graph.GraphPrintable,GraphDesktopController uses GraphPrintable [1]
squirrel_sql-3___1___2.net.sourceforge.squirrel_sql.plugins.graph.GraphControllerAccessor,references,squirrel_sql-3___1___2.net.sourceforge.squirrel_sql.plugins.graph.TableFrameController,GraphControllerAccessor uses TableFrameController [1]
squirrel_sql-3___1___2.net.sourceforge.squirrel_sql.plugins.graph.ZoomableColumnTextArea,implements,squirrel_sql-3___1___2.net.sourceforge.squirrel_sql.plugins.graph.DndColumn,ZoomableColumnTextArea uses DndColumn [1]
squirrel_sql-3___1___2.net.sourceforge.squirrel_sql.plugins.graph.GraphDesktopPane,implements,squirrel_sql-3___1___2.net.sourceforge.squirrel_sql.plugins.graph.GraphPrintable,GraphDesktopPane uses GraphPrintable [1]
squirrel_sql-3___1___2.net.sourceforge.squirrel_sql.plugins.graph.EdgesGraphComponent,implements,squirrel_sql-3___1___2.net.sourceforge.squirrel_sql.plugins.graph.GraphComponent,EdgesGraphComponent uses GraphComponent [1]
squirrel_sql-3___1___2.net.sourceforge.squirrel_sql.plugins.graph.ConstraintViewAdapter,implements,squirrel_sql-3___1___2.net.sourceforge.squirrel_sql.plugins.graph.ConstraintViewListener,ConstraintViewAdapter uses ConstraintViewListener [1]
squirrel_sql-3___1___2.net.sourceforge.squirrel_sql.plugins.graph.ConstraintView,implements,squirrel_sql-3___1___2.net.sourceforge.squirrel_sql.plugins.graph.GraphComponent,ConstraintView uses GraphComponent [1]
squirrel_sql-3___1___2.net.sourceforge.squirrel_sql.plugins.graph.ColumnTextArea,implements,squirrel_sql-3___1___2.net.sourceforge.squirrel_sql.plugins.graph.DndColumn,ColumnTextArea uses DndColumn [1]
squirrel_sql-3___1___2.net.sourceforge.squirrel_sql.plugins.graph.graphtofiles.SaveToFilePageFormat,has param,squirrel_sql-3___1___2.net.sourceforge.squirrel_sql.plugins.graph.xmlbeans.FormatXmlBean,SaveToFilePageFormat uses FormatXmlBean [1]
squirrel_sql-3___1___2.net.sourceforge.squirrel_sql.plugins.graph.ZoomableColumnTextArea,has param,squirrel_sql-3___1___2.net.sourceforge.squirrel_sql.plugins.graph.DndCallback,ZoomableColumnTextArea uses DndCallback [1]
squirrel_sql-3___1___2.net.sourceforge.squirrel_sql.plugins.graph.TableFrameControllerListener,has param,squirrel_sql-3___1___2.net.sourceforge.squirrel_sql.plugins.graph.TableFrameController,TableFrameControllerListener uses TableFrameController [1]
squirrel_sql-3___1___2.net.sourceforge.squirrel_sql.plugins.graph.TableFrame,has param,squirrel_sql-3___1___2.net.sourceforge.squirrel_sql.plugins.graph.TableToolTipProvider,TableFrame uses TableToolTipProvider [1]
squirrel_sql-3___1___2.net.sourceforge.squirrel_sql.plugins.graph.TableFrame,has param,squirrel_sql-3___1___2.net.sourceforge.squirrel_sql.plugins.graph.DndCallback,TableFrame uses DndCallback [1]
squirrel_sql-3___1___2.net.sourceforge.squirrel_sql.plugins.graph.GraphTextAreaFactory,has param,squirrel_sql-3___1___2.net.sourceforge.squirrel_sql.plugins.graph.Zoomer,GraphTextAreaFactory uses Zoomer [1]
squirrel_sql-3___1___2.net.sourceforge.squirrel_sql.plugins.graph.GraphTextAreaFactory,has param,squirrel_sql-3___1___2.net.sourceforge.squirrel_sql.plugins.graph.TableToolTipProvider,GraphTextAreaFactory uses TableToolTipProvider [1]
squirrel_sql-3___1___2.net.sourceforge.squirrel_sql.plugins.graph.GraphTextAreaFactory,has param,squirrel_sql-3___1___2.net.sourceforge.squirrel_sql.plugins.graph.DndCallback,GraphTextAreaFactory uses DndCallback [1]
squirrel_sql-3___1___2.net.sourceforge.squirrel_sql.plugins.graph.GraphTextAreaFactory,has param,squirrel_sql-3___1___2.net.sourceforge.squirrel_sql.plugins.graph.ColumnInfo,GraphTextAreaFactory uses ColumnInfo [1]
squirrel_sql-3___1___2.net.sourceforge.squirrel_sql.plugins.graph.GraphDesktopController,has param,squirrel_sql-3___1___2.net.sourceforge.squirrel_sql.plugins.graph.xmlbeans.ZoomerXmlBean,GraphDesktopController uses ZoomerXmlBean [1]
squirrel_sql-3___1___2.net.sourceforge.squirrel_sql.plugins.graph.GraphDesktopController,has param,squirrel_sql-3___1___2.net.sourceforge.squirrel_sql.plugins.graph.xmlbeans.PrintXmlBean,GraphDesktopController uses PrintXmlBean [1]
squirrel_sql-3___1___2.net.sourceforge.squirrel_sql.plugins.graph.FormatControllerListener,has param,squirrel_sql-3___1___2.net.sourceforge.squirrel_sql.plugins.graph.xmlbeans.FormatXmlBean,FormatControllerListener uses FormatXmlBean [1]
squirrel_sql-3___1___2.net.sourceforge.squirrel_sql.plugins.graph.EdgesListener,has param,squirrel_sql-3___1___2.net.sourceforge.squirrel_sql.plugins.graph.EdgesGraphComponent,EdgesListener uses EdgesGraphComponent [1]
squirrel_sql-3___1___2.net.sourceforge.squirrel_sql.plugins.graph.ConstraintViewCreator,has param,squirrel_sql-3___1___2.net.sourceforge.squirrel_sql.plugins.graph.GraphDesktopController,ConstraintViewCreator uses GraphDesktopController [1]
squirrel_sql-3___1___2.net.sourceforge.squirrel_sql.plugins.graph.ConstraintView,has param,squirrel_sql-3___1___2.net.sourceforge.squirrel_sql.plugins.graph.ColumnInfo,ConstraintView uses ColumnInfo [1]
squirrel_sql-3___1___2.net.sourceforge.squirrel_sql.plugins.graph.ConstraintGraph,has param,squirrel_sql-3___1___2.net.sourceforge.squirrel_sql.plugins.graph.Zoomer,ConstraintGraph uses Zoomer [1]
squirrel_sql-3___1___2.net.sourceforge.squirrel_sql.plugins.graph.ColumnTextArea,has param,squirrel_sql-3___1___2.net.sourceforge.squirrel_sql.plugins.graph.DndCallback,ColumnTextArea uses DndCallback [1]
squirrel_sql-3___1___2.net.sourceforge.squirrel_sql.plugins.graph.TableFrameController,calls,squirrel_sql-3___1___2.net.sourceforge.squirrel_sql.plugins.graph.SqlScriptAcessor,TableFrameController uses SqlScriptAcessor [1]
squirrel_sql-3___1___2.net.sourceforge.squirrel_sql.plugins.graph.TableFrameController,calls,squirrel_sql-3___1___2.net.sourceforge.squirrel_sql.plugins.graph.ConstraintViewCreator,TableFrameController uses ConstraintViewCreator [1]
squirrel_sql-3___1___2.net.sourceforge.squirrel_sql.plugins.graph.GraphController,calls,squirrel_sql-3___1___2.net.sourceforge.squirrel_sql.plugins.graph.SqlScriptAcessor,GraphController uses SqlScriptAcessor [1]