cargotracker.org.eclipse.cargotracker.application.ApplicationEvents,has param,cargotracker.org.eclipse.cargotracker.domain.model.cargo.Cargo,ApplicationEvents uses Cargo [2]
cargotracker.org.eclipse.cargotracker.application.ApplicationEvents,has param,cargotracker.org.eclipse.cargotracker.domain.model.handling.HandlingEvent,ApplicationEvents uses HandlingEvent [1]
cargotracker.org.eclipse.cargotracker.application.ApplicationEvents,has param,cargotracker.org.eclipse.cargotracker.interfaces.handling.HandlingEventRegistrationAttempt,ApplicationEvents uses HandlingEventRegistrationAttempt [1]
cargotracker.org.eclipse.cargotracker.application.BookingService,has param,cargotracker.org.eclipse.cargotracker.domain.model.cargo.Itinerary,BookingService uses Itinerary [2]
cargotracker.org.eclipse.cargotracker.application.BookingService,returns,cargotracker.org.eclipse.cargotracker.domain.model.cargo.TrackingId,BookingService uses TrackingId [5]
cargotracker.org.eclipse.cargotracker.application.BookingService,has param,cargotracker.org.eclipse.cargotracker.domain.model.location.UnLocode,BookingService uses UnLocode [2]
cargotracker.org.eclipse.cargotracker.application.CargoInspectionService,has param,cargotracker.org.eclipse.cargotracker.domain.model.cargo.TrackingId,CargoInspectionService uses TrackingId [1]
cargotracker.org.eclipse.cargotracker.application.HandlingEventService,has param,cargotracker.org.eclipse.cargotracker.domain.model.cargo.TrackingId,HandlingEventService uses TrackingId [1]
cargotracker.org.eclipse.cargotracker.application.HandlingEventService,throws,cargotracker.org.eclipse.cargotracker.domain.model.handling.CannotCreateHandlingEventException,HandlingEventService uses CannotCreateHandlingEventException [1]
cargotracker.org.eclipse.cargotracker.application.HandlingEventService,has param,cargotracker.org.eclipse.cargotracker.domain.model.handling.HandlingEvent,HandlingEventService uses HandlingEvent [1]
cargotracker.org.eclipse.cargotracker.application.HandlingEventService,has param,cargotracker.org.eclipse.cargotracker.domain.model.location.UnLocode,HandlingEventService uses UnLocode [1]
cargotracker.org.eclipse.cargotracker.application.HandlingEventService,has param,cargotracker.org.eclipse.cargotracker.domain.model.voyage.VoyageNumber,HandlingEventService uses VoyageNumber [1]
cargotracker.org.eclipse.cargotracker.application.internal.DefaultBookingService,implements,cargotracker.org.eclipse.cargotracker.application.BookingService,DefaultBookingService uses BookingService [1]
cargotracker.org.eclipse.cargotracker.application.internal.DefaultBookingService,references,cargotracker.org.eclipse.cargotracker.domain.model.cargo.Cargo,DefaultBookingService uses Cargo [15]
cargotracker.org.eclipse.cargotracker.application.internal.DefaultBookingService,calls,cargotracker.org.eclipse.cargotracker.domain.model.cargo.CargoRepository,DefaultBookingService uses CargoRepository [10]
cargotracker.org.eclipse.cargotracker.application.internal.DefaultBookingService,has param,cargotracker.org.eclipse.cargotracker.domain.model.cargo.Itinerary,DefaultBookingService uses Itinerary [2]
cargotracker.org.eclipse.cargotracker.application.internal.DefaultBookingService,references,cargotracker.org.eclipse.cargotracker.domain.model.cargo.RouteSpecification,DefaultBookingService uses RouteSpecification [10]
cargotracker.org.eclipse.cargotracker.application.internal.DefaultBookingService,returns,cargotracker.org.eclipse.cargotracker.domain.model.cargo.TrackingId,DefaultBookingService uses TrackingId [6]
cargotracker.org.eclipse.cargotracker.application.internal.DefaultBookingService,references,cargotracker.org.eclipse.cargotracker.domain.model.location.Location,DefaultBookingService uses Location [3]
cargotracker.org.eclipse.cargotracker.application.internal.DefaultBookingService,calls,cargotracker.org.eclipse.cargotracker.domain.model.location.LocationRepository,DefaultBookingService uses LocationRepository [3]
cargotracker.org.eclipse.cargotracker.application.internal.DefaultBookingService,has param,cargotracker.org.eclipse.cargotracker.domain.model.location.UnLocode,DefaultBookingService uses UnLocode [2]
cargotracker.org.eclipse.cargotracker.application.internal.DefaultBookingService,calls,cargotracker.org.eclipse.cargotracker.domain.service.RoutingService,DefaultBookingService uses RoutingService [2]
cargotracker.org.eclipse.cargotracker.application.internal.DefaultCargoInspectionService,calls,cargotracker.org.eclipse.cargotracker.application.ApplicationEvents,DefaultCargoInspectionService uses ApplicationEvents [3]
cargotracker.org.eclipse.cargotracker.application.internal.DefaultCargoInspectionService,implements,cargotracker.org.eclipse.cargotracker.application.CargoInspectionService,DefaultCargoInspectionService uses CargoInspectionService [1]
cargotracker.org.eclipse.cargotracker.application.internal.DefaultCargoInspectionService,references,cargotracker.org.eclipse.cargotracker.domain.model.cargo.Cargo,DefaultCargoInspectionService uses Cargo [3]
cargotracker.org.eclipse.cargotracker.application.internal.DefaultCargoInspectionService,calls,cargotracker.org.eclipse.cargotracker.domain.model.cargo.CargoRepository,DefaultCargoInspectionService uses CargoRepository [3]
cargotracker.org.eclipse.cargotracker.application.internal.DefaultCargoInspectionService,references,cargotracker.org.eclipse.cargotracker.domain.model.cargo.Delivery,DefaultCargoInspectionService uses Delivery [3]
cargotracker.org.eclipse.cargotracker.application.internal.DefaultCargoInspectionService,has param,cargotracker.org.eclipse.cargotracker.domain.model.cargo.TrackingId,DefaultCargoInspectionService uses TrackingId [1]
cargotracker.org.eclipse.cargotracker.application.internal.DefaultCargoInspectionService,calls,cargotracker.org.eclipse.cargotracker.domain.model.handling.HandlingEventRepository,DefaultCargoInspectionService uses HandlingEventRepository [2]
cargotracker.org.eclipse.cargotracker.application.internal.DefaultCargoInspectionService,references,cargotracker.org.eclipse.cargotracker.domain.model.handling.HandlingHistory,DefaultCargoInspectionService uses HandlingHistory [1]
cargotracker.org.eclipse.cargotracker.application.internal.DefaultHandlingEventService,calls,cargotracker.org.eclipse.cargotracker.application.ApplicationEvents,DefaultHandlingEventService uses ApplicationEvents [2]
cargotracker.org.eclipse.cargotracker.application.internal.DefaultHandlingEventService,implements,cargotracker.org.eclipse.cargotracker.application.HandlingEventService,DefaultHandlingEventService uses HandlingEventService [1]
cargotracker.org.eclipse.cargotracker.application.internal.DefaultHandlingEventService,has param,cargotracker.org.eclipse.cargotracker.domain.model.cargo.TrackingId,DefaultHandlingEventService uses TrackingId [1]
cargotracker.org.eclipse.cargotracker.application.internal.DefaultHandlingEventService,throws,cargotracker.org.eclipse.cargotracker.domain.model.handling.CannotCreateHandlingEventException,DefaultHandlingEventService uses CannotCreateHandlingEventException [1]
cargotracker.org.eclipse.cargotracker.application.internal.DefaultHandlingEventService,has param,cargotracker.org.eclipse.cargotracker.domain.model.handling.HandlingEvent,DefaultHandlingEventService uses HandlingEvent [2]
cargotracker.org.eclipse.cargotracker.application.internal.DefaultHandlingEventService,calls,cargotracker.org.eclipse.cargotracker.domain.model.handling.HandlingEventFactory,DefaultHandlingEventService uses HandlingEventFactory [2]
cargotracker.org.eclipse.cargotracker.application.internal.DefaultHandlingEventService,calls,cargotracker.org.eclipse.cargotracker.domain.model.handling.HandlingEventRepository,DefaultHandlingEventService uses HandlingEventRepository [2]
cargotracker.org.eclipse.cargotracker.application.internal.DefaultHandlingEventService,has param,cargotracker.org.eclipse.cargotracker.domain.model.location.UnLocode,DefaultHandlingEventService uses UnLocode [1]
cargotracker.org.eclipse.cargotracker.application.internal.DefaultHandlingEventService,has param,cargotracker.org.eclipse.cargotracker.domain.model.voyage.VoyageNumber,DefaultHandlingEventService uses VoyageNumber [1]
cargotracker.org.eclipse.cargotracker.application.util.SampleDataGenerator,references,cargotracker.org.eclipse.cargotracker.application.util.ApplicationSettings,SampleDataGenerator uses ApplicationSettings [3]
cargotracker.org.eclipse.cargotracker.application.util.SampleDataGenerator,references,cargotracker.org.eclipse.cargotracker.domain.model.cargo.Cargo,SampleDataGenerator uses Cargo [4]
cargotracker.org.eclipse.cargotracker.application.util.SampleDataGenerator,references,cargotracker.org.eclipse.cargotracker.domain.model.cargo.Itinerary,SampleDataGenerator uses Itinerary [2]
cargotracker.org.eclipse.cargotracker.application.util.SampleDataGenerator,references,cargotracker.org.eclipse.cargotracker.domain.model.cargo.Leg,SampleDataGenerator uses Leg [2]
cargotracker.org.eclipse.cargotracker.application.util.SampleDataGenerator,references,cargotracker.org.eclipse.cargotracker.domain.model.cargo.RouteSpecification,SampleDataGenerator uses RouteSpecification [2]
cargotracker.org.eclipse.cargotracker.application.util.SampleDataGenerator,references,cargotracker.org.eclipse.cargotracker.domain.model.cargo.TrackingId,SampleDataGenerator uses TrackingId [2]
cargotracker.org.eclipse.cargotracker.application.util.SampleDataGenerator,references,cargotracker.org.eclipse.cargotracker.domain.model.handling.CannotCreateHandlingEventException,SampleDataGenerator uses CannotCreateHandlingEventException [1]
cargotracker.org.eclipse.cargotracker.application.util.SampleDataGenerator,references,cargotracker.org.eclipse.cargotracker.domain.model.handling.HandlingEvent,SampleDataGenerator uses HandlingEvent [7]
cargotracker.org.eclipse.cargotracker.application.util.SampleDataGenerator,calls,cargotracker.org.eclipse.cargotracker.domain.model.handling.HandlingEventFactory,SampleDataGenerator uses HandlingEventFactory [2]
cargotracker.org.eclipse.cargotracker.application.util.SampleDataGenerator,calls,cargotracker.org.eclipse.cargotracker.domain.model.handling.HandlingEventRepository,SampleDataGenerator uses HandlingEventRepository [2]
cargotracker.org.eclipse.cargotracker.application.util.SampleDataGenerator,references,cargotracker.org.eclipse.cargotracker.domain.model.handling.HandlingHistory,SampleDataGenerator uses HandlingHistory [1]
cargotracker.org.eclipse.cargotracker.application.util.SampleDataGenerator,references,cargotracker.org.eclipse.cargotracker.domain.model.location.Location,SampleDataGenerator uses Location [2]
cargotracker.org.eclipse.cargotracker.application.util.SampleDataGenerator,references,cargotracker.org.eclipse.cargotracker.domain.model.location.SampleLocations,SampleDataGenerator uses SampleLocations [20]
cargotracker.org.eclipse.cargotracker.application.util.SampleDataGenerator,references,cargotracker.org.eclipse.cargotracker.domain.model.location.UnLocode,SampleDataGenerator uses UnLocode [1]
cargotracker.org.eclipse.cargotracker.application.util.SampleDataGenerator,references,cargotracker.org.eclipse.cargotracker.domain.model.voyage.SampleVoyages,SampleDataGenerator uses SampleVoyages [8]
cargotracker.org.eclipse.cargotracker.application.util.SampleDataGenerator,references,cargotracker.org.eclipse.cargotracker.domain.model.voyage.Voyage,SampleDataGenerator uses Voyage [2]
cargotracker.org.eclipse.cargotracker.application.util.SampleDataGenerator,references,cargotracker.org.eclipse.cargotracker.domain.model.voyage.VoyageNumber,SampleDataGenerator uses VoyageNumber [1]
cargotracker.org.eclipse.cargotracker.domain.model.cargo.Cargo,returns,cargotracker.org.eclipse.cargotracker.domain.model.cargo.Delivery,Cargo uses Delivery [10]
cargotracker.org.eclipse.cargotracker.domain.model.cargo.Cargo,returns,cargotracker.org.eclipse.cargotracker.domain.model.cargo.Itinerary,Cargo uses Itinerary [8]
cargotracker.org.eclipse.cargotracker.domain.model.cargo.Cargo,returns,cargotracker.org.eclipse.cargotracker.domain.model.cargo.RouteSpecification,Cargo uses RouteSpecification [7]
cargotracker.org.eclipse.cargotracker.domain.model.cargo.Cargo,returns,cargotracker.org.eclipse.cargotracker.domain.model.cargo.TrackingId,Cargo uses TrackingId [7]
cargotracker.org.eclipse.cargotracker.domain.model.cargo.Cargo,has param,cargotracker.org.eclipse.cargotracker.domain.model.handling.HandlingHistory,Cargo uses HandlingHistory [3]
cargotracker.org.eclipse.cargotracker.domain.model.cargo.Cargo,returns,cargotracker.org.eclipse.cargotracker.domain.model.location.Location,Cargo uses Location [4]
cargotracker.org.eclipse.cargotracker.domain.model.cargo.Cargo,calls,cargotracker.org.eclipse.cargotracker.domain.shared.DomainObjectUtils,Cargo uses DomainObjectUtils [1]
cargotracker.org.eclipse.cargotracker.domain.model.cargo.CargoRepository,returns,cargotracker.org.eclipse.cargotracker.domain.model.cargo.Cargo,CargoRepository uses Cargo [3]
cargotracker.org.eclipse.cargotracker.domain.model.cargo.CargoRepository,returns,cargotracker.org.eclipse.cargotracker.domain.model.cargo.TrackingId,CargoRepository uses TrackingId [2]
cargotracker.org.eclipse.cargotracker.domain.model.cargo.Delivery,returns,cargotracker.org.eclipse.cargotracker.domain.model.cargo.HandlingActivity,Delivery uses HandlingActivity [9]
cargotracker.org.eclipse.cargotracker.domain.model.cargo.Delivery,has param,cargotracker.org.eclipse.cargotracker.domain.model.cargo.Itinerary,Delivery uses Itinerary [11]
cargotracker.org.eclipse.cargotracker.domain.model.cargo.Delivery,references,cargotracker.org.eclipse.cargotracker.domain.model.cargo.Leg,Delivery uses Leg [4]
cargotracker.org.eclipse.cargotracker.domain.model.cargo.Delivery,has param,cargotracker.org.eclipse.cargotracker.domain.model.cargo.RouteSpecification,Delivery uses RouteSpecification [9]
cargotracker.org.eclipse.cargotracker.domain.model.cargo.Delivery,returns,cargotracker.org.eclipse.cargotracker.domain.model.cargo.RoutingStatus,Delivery uses RoutingStatus [10]
cargotracker.org.eclipse.cargotracker.domain.model.cargo.Delivery,returns,cargotracker.org.eclipse.cargotracker.domain.model.cargo.TransportStatus,Delivery uses TransportStatus [12]
cargotracker.org.eclipse.cargotracker.domain.model.cargo.Delivery,has param,cargotracker.org.eclipse.cargotracker.domain.model.handling.HandlingEvent,Delivery uses HandlingEvent [30]
cargotracker.org.eclipse.cargotracker.domain.model.cargo.Delivery,has param,cargotracker.org.eclipse.cargotracker.domain.model.handling.HandlingHistory,Delivery uses HandlingHistory [2]
cargotracker.org.eclipse.cargotracker.domain.model.cargo.Delivery,returns,cargotracker.org.eclipse.cargotracker.domain.model.location.Location,Delivery uses Location [10]
cargotracker.org.eclipse.cargotracker.domain.model.cargo.Delivery,returns,cargotracker.org.eclipse.cargotracker.domain.model.voyage.Voyage,Delivery uses Voyage [6]
cargotracker.org.eclipse.cargotracker.domain.model.cargo.Delivery,calls,cargotracker.org.eclipse.cargotracker.domain.shared.DomainObjectUtils,Delivery uses DomainObjectUtils [2]
cargotracker.org.eclipse.cargotracker.domain.model.cargo.HandlingActivity,returns,cargotracker.org.eclipse.cargotracker.domain.model.handling.HandlingEvent,HandlingActivity uses HandlingEvent [4]
cargotracker.org.eclipse.cargotracker.domain.model.cargo.HandlingActivity,returns,cargotracker.org.eclipse.cargotracker.domain.model.location.Location,HandlingActivity uses Location [4]
cargotracker.org.eclipse.cargotracker.domain.model.cargo.HandlingActivity,returns,cargotracker.org.eclipse.cargotracker.domain.model.voyage.Voyage,HandlingActivity uses Voyage [3]
cargotracker.org.eclipse.cargotracker.domain.model.cargo.Itinerary,returns,cargotracker.org.eclipse.cargotracker.domain.model.cargo.Leg,Itinerary uses Leg [19]
cargotracker.org.eclipse.cargotracker.domain.model.cargo.Itinerary,has param,cargotracker.org.eclipse.cargotracker.domain.model.handling.HandlingEvent,Itinerary uses HandlingEvent [16]
cargotracker.org.eclipse.cargotracker.domain.model.cargo.Itinerary,returns,cargotracker.org.eclipse.cargotracker.domain.model.location.Location,Itinerary uses Location [10]
cargotracker.org.eclipse.cargotracker.domain.model.cargo.Itinerary,references,cargotracker.org.eclipse.cargotracker.domain.model.voyage.Voyage,Itinerary uses Voyage [4]
cargotracker.org.eclipse.cargotracker.domain.model.cargo.Leg,returns,cargotracker.org.eclipse.cargotracker.domain.model.location.Location,Leg uses Location [5]
cargotracker.org.eclipse.cargotracker.domain.model.cargo.Leg,returns,cargotracker.org.eclipse.cargotracker.domain.model.voyage.Voyage,Leg uses Voyage [3]
cargotracker.org.eclipse.cargotracker.domain.model.cargo.RouteSpecification,has param,cargotracker.org.eclipse.cargotracker.domain.model.cargo.Itinerary,RouteSpecification uses Itinerary [6]
cargotracker.org.eclipse.cargotracker.domain.model.cargo.RouteSpecification,returns,cargotracker.org.eclipse.cargotracker.domain.model.location.Location,RouteSpecification uses Location [8]
cargotracker.org.eclipse.cargotracker.domain.model.cargo.RouteSpecification,extends,cargotracker.org.eclipse.cargotracker.domain.shared.AbstractSpecification,RouteSpecification uses AbstractSpecification [3]
cargotracker.org.eclipse.cargotracker.domain.model.handling.HandlingEvent,returns,cargotracker.org.eclipse.cargotracker.domain.model.cargo.Cargo,HandlingEvent uses Cargo [5]
cargotracker.org.eclipse.cargotracker.domain.model.handling.HandlingEvent,references,cargotracker.org.eclipse.cargotracker.domain.model.cargo.TrackingId,HandlingEvent uses TrackingId [1]
cargotracker.org.eclipse.cargotracker.domain.model.handling.HandlingEvent,returns,cargotracker.org.eclipse.cargotracker.domain.model.location.Location,HandlingEvent uses Location [6]
cargotracker.org.eclipse.cargotracker.domain.model.handling.HandlingEvent,returns,cargotracker.org.eclipse.cargotracker.domain.model.voyage.Voyage,HandlingEvent uses Voyage [6]
cargotracker.org.eclipse.cargotracker.domain.model.handling.HandlingEvent,references,cargotracker.org.eclipse.cargotracker.domain.model.voyage.VoyageNumber,HandlingEvent uses VoyageNumber [2]
cargotracker.org.eclipse.cargotracker.domain.model.handling.HandlingEvent,calls,cargotracker.org.eclipse.cargotracker.domain.shared.DomainObjectUtils,HandlingEvent uses DomainObjectUtils [1]
cargotracker.org.eclipse.cargotracker.domain.model.handling.HandlingEventFactory,returns,cargotracker.org.eclipse.cargotracker.domain.model.cargo.Cargo,HandlingEventFactory uses Cargo [2]
cargotracker.org.eclipse.cargotracker.domain.model.handling.HandlingEventFactory,calls,cargotracker.org.eclipse.cargotracker.domain.model.cargo.CargoRepository,HandlingEventFactory uses CargoRepository [2]
cargotracker.org.eclipse.cargotracker.domain.model.handling.HandlingEventFactory,has param,cargotracker.org.eclipse.cargotracker.domain.model.cargo.TrackingId,HandlingEventFactory uses TrackingId [2]
cargotracker.org.eclipse.cargotracker.domain.model.handling.HandlingEventFactory,throws,cargotracker.org.eclipse.cargotracker.domain.model.handling.CannotCreateHandlingEventException,HandlingEventFactory uses CannotCreateHandlingEventException [2]
cargotracker.org.eclipse.cargotracker.domain.model.handling.HandlingEventFactory,returns,cargotracker.org.eclipse.cargotracker.domain.model.handling.HandlingEvent,HandlingEventFactory uses HandlingEvent [4]
cargotracker.org.eclipse.cargotracker.domain.model.handling.HandlingEventFactory,throws,cargotracker.org.eclipse.cargotracker.domain.model.handling.UnknownCargoException,HandlingEventFactory uses UnknownCargoException [2]
cargotracker.org.eclipse.cargotracker.domain.model.handling.HandlingEventFactory,throws,cargotracker.org.eclipse.cargotracker.domain.model.handling.UnknownLocationException,HandlingEventFactory uses UnknownLocationException [2]
cargotracker.org.eclipse.cargotracker.domain.model.handling.HandlingEventFactory,throws,cargotracker.org.eclipse.cargotracker.domain.model.handling.UnknownVoyageException,HandlingEventFactory uses UnknownVoyageException [2]
cargotracker.org.eclipse.cargotracker.domain.model.handling.HandlingEventFactory,returns,cargotracker.org.eclipse.cargotracker.domain.model.location.Location,HandlingEventFactory uses Location [2]
cargotracker.org.eclipse.cargotracker.domain.model.handling.HandlingEventFactory,calls,cargotracker.org.eclipse.cargotracker.domain.model.location.LocationRepository,HandlingEventFactory uses LocationRepository [2]
cargotracker.org.eclipse.cargotracker.domain.model.handling.HandlingEventFactory,has param,cargotracker.org.eclipse.cargotracker.domain.model.location.UnLocode,HandlingEventFactory uses UnLocode [2]
cargotracker.org.eclipse.cargotracker.domain.model.handling.HandlingEventFactory,returns,cargotracker.org.eclipse.cargotracker.domain.model.voyage.Voyage,HandlingEventFactory uses Voyage [2]
cargotracker.org.eclipse.cargotracker.domain.model.handling.HandlingEventFactory,has param,cargotracker.org.eclipse.cargotracker.domain.model.voyage.VoyageNumber,HandlingEventFactory uses VoyageNumber [2]
cargotracker.org.eclipse.cargotracker.domain.model.handling.HandlingEventFactory,calls,cargotracker.org.eclipse.cargotracker.domain.model.voyage.VoyageRepository,HandlingEventFactory uses VoyageRepository [2]
cargotracker.org.eclipse.cargotracker.domain.model.handling.HandlingEventRepository,has param,cargotracker.org.eclipse.cargotracker.domain.model.cargo.TrackingId,HandlingEventRepository uses TrackingId [1]
cargotracker.org.eclipse.cargotracker.domain.model.handling.HandlingEventRepository,has param,cargotracker.org.eclipse.cargotracker.domain.model.handling.HandlingEvent,HandlingEventRepository uses HandlingEvent [1]
cargotracker.org.eclipse.cargotracker.domain.model.handling.HandlingEventRepository,returns,cargotracker.org.eclipse.cargotracker.domain.model.handling.HandlingHistory,HandlingEventRepository uses HandlingHistory [1]
cargotracker.org.eclipse.cargotracker.domain.model.handling.HandlingHistory,returns,cargotracker.org.eclipse.cargotracker.domain.model.handling.HandlingEvent,HandlingHistory uses HandlingEvent [7]
cargotracker.org.eclipse.cargotracker.domain.model.handling.UnknownCargoException,has param,cargotracker.org.eclipse.cargotracker.domain.model.cargo.TrackingId,UnknownCargoException uses TrackingId [3]
cargotracker.org.eclipse.cargotracker.domain.model.handling.UnknownCargoException,extends,cargotracker.org.eclipse.cargotracker.domain.model.handling.CannotCreateHandlingEventException,UnknownCargoException uses CannotCreateHandlingEventException [2]
cargotracker.org.eclipse.cargotracker.domain.model.handling.UnknownLocationException,extends,cargotracker.org.eclipse.cargotracker.domain.model.handling.CannotCreateHandlingEventException,UnknownLocationException uses CannotCreateHandlingEventException [2]
cargotracker.org.eclipse.cargotracker.domain.model.handling.UnknownLocationException,has param,cargotracker.org.eclipse.cargotracker.domain.model.location.UnLocode,UnknownLocationException uses UnLocode [3]
cargotracker.org.eclipse.cargotracker.domain.model.handling.UnknownVoyageException,extends,cargotracker.org.eclipse.cargotracker.domain.model.handling.CannotCreateHandlingEventException,UnknownVoyageException uses CannotCreateHandlingEventException [2]
cargotracker.org.eclipse.cargotracker.domain.model.handling.UnknownVoyageException,has param,cargotracker.org.eclipse.cargotracker.domain.model.voyage.VoyageNumber,UnknownVoyageException uses VoyageNumber [3]
cargotracker.org.eclipse.cargotracker.domain.model.location.Location,returns,cargotracker.org.eclipse.cargotracker.domain.model.location.UnLocode,Location uses UnLocode [8]
cargotracker.org.eclipse.cargotracker.domain.model.location.LocationRepository,returns,cargotracker.org.eclipse.cargotracker.domain.model.location.Location,LocationRepository uses Location [2]
cargotracker.org.eclipse.cargotracker.domain.model.location.LocationRepository,has param,cargotracker.org.eclipse.cargotracker.domain.model.location.UnLocode,LocationRepository uses UnLocode [1]
cargotracker.org.eclipse.cargotracker.domain.model.location.SampleLocations,references,cargotracker.org.eclipse.cargotracker.domain.model.location.Location,SampleLocations uses Location [15]
cargotracker.org.eclipse.cargotracker.domain.model.location.SampleLocations,references,cargotracker.org.eclipse.cargotracker.domain.model.location.UnLocode,SampleLocations uses UnLocode [2]
cargotracker.org.eclipse.cargotracker.domain.model.voyage.CarrierMovement,returns,cargotracker.org.eclipse.cargotracker.domain.model.location.Location,CarrierMovement uses Location [7]
cargotracker.org.eclipse.cargotracker.domain.model.voyage.SampleVoyages,has param,cargotracker.org.eclipse.cargotracker.domain.model.location.Location,SampleVoyages uses Location [2]
cargotracker.org.eclipse.cargotracker.domain.model.voyage.SampleVoyages,references,cargotracker.org.eclipse.cargotracker.domain.model.location.SampleLocations,SampleVoyages uses SampleLocations [12]
cargotracker.org.eclipse.cargotracker.domain.model.voyage.SampleVoyages,references,cargotracker.org.eclipse.cargotracker.domain.model.voyage.CarrierMovement,SampleVoyages uses CarrierMovement [2]
cargotracker.org.eclipse.cargotracker.domain.model.voyage.SampleVoyages,references,cargotracker.org.eclipse.cargotracker.domain.model.voyage.Schedule,SampleVoyages uses Schedule [2]
cargotracker.org.eclipse.cargotracker.domain.model.voyage.SampleVoyages,returns,cargotracker.org.eclipse.cargotracker.domain.model.voyage.Voyage,SampleVoyages uses Voyage [26]
cargotracker.org.eclipse.cargotracker.domain.model.voyage.SampleVoyages,has param,cargotracker.org.eclipse.cargotracker.domain.model.voyage.VoyageNumber,SampleVoyages uses VoyageNumber [6]
cargotracker.org.eclipse.cargotracker.domain.model.voyage.Schedule,references,cargotracker.org.eclipse.cargotracker.domain.model.voyage.CarrierMovement,Schedule uses CarrierMovement [3]
cargotracker.org.eclipse.cargotracker.domain.model.voyage.Voyage,has param,cargotracker.org.eclipse.cargotracker.domain.model.location.Location,Voyage uses Location [3]
cargotracker.org.eclipse.cargotracker.domain.model.voyage.Voyage,references,cargotracker.org.eclipse.cargotracker.domain.model.voyage.CarrierMovement,Voyage uses CarrierMovement [3]
cargotracker.org.eclipse.cargotracker.domain.model.voyage.Voyage,returns,cargotracker.org.eclipse.cargotracker.domain.model.voyage.Schedule,Voyage uses Schedule [7]
cargotracker.org.eclipse.cargotracker.domain.model.voyage.Voyage,returns,cargotracker.org.eclipse.cargotracker.domain.model.voyage.VoyageNumber,Voyage uses VoyageNumber [11]
cargotracker.org.eclipse.cargotracker.domain.model.voyage.VoyageRepository,returns,cargotracker.org.eclipse.cargotracker.domain.model.voyage.Voyage,VoyageRepository uses Voyage [2]
cargotracker.org.eclipse.cargotracker.domain.model.voyage.VoyageRepository,has param,cargotracker.org.eclipse.cargotracker.domain.model.voyage.VoyageNumber,VoyageRepository uses VoyageNumber [1]
cargotracker.org.eclipse.cargotracker.domain.service.RoutingService,references,cargotracker.org.eclipse.cargotracker.domain.model.cargo.Itinerary,RoutingService uses Itinerary [1]
cargotracker.org.eclipse.cargotracker.domain.service.RoutingService,has param,cargotracker.org.eclipse.cargotracker.domain.model.cargo.RouteSpecification,RoutingService uses RouteSpecification [1]
cargotracker.org.eclipse.cargotracker.domain.shared.AbstractSpecification,references,cargotracker.org.eclipse.cargotracker.domain.shared.AndSpecification,AbstractSpecification uses AndSpecification [2]
cargotracker.org.eclipse.cargotracker.domain.shared.AbstractSpecification,references,cargotracker.org.eclipse.cargotracker.domain.shared.NotSpecification,AbstractSpecification uses NotSpecification [2]
cargotracker.org.eclipse.cargotracker.domain.shared.AbstractSpecification,references,cargotracker.org.eclipse.cargotracker.domain.shared.OrSpecification,AbstractSpecification uses OrSpecification [2]
cargotracker.org.eclipse.cargotracker.domain.shared.AbstractSpecification,implements,cargotracker.org.eclipse.cargotracker.domain.shared.Specification,AbstractSpecification uses Specification [4]
cargotracker.org.eclipse.cargotracker.domain.shared.AndSpecification,extends,cargotracker.org.eclipse.cargotracker.domain.shared.AbstractSpecification,AndSpecification uses AbstractSpecification [2]
cargotracker.org.eclipse.cargotracker.domain.shared.AndSpecification,has param,cargotracker.org.eclipse.cargotracker.domain.shared.Specification,AndSpecification uses Specification [4]
cargotracker.org.eclipse.cargotracker.domain.shared.NotSpecification,extends,cargotracker.org.eclipse.cargotracker.domain.shared.AbstractSpecification,NotSpecification uses AbstractSpecification [2]
cargotracker.org.eclipse.cargotracker.domain.shared.NotSpecification,has param,cargotracker.org.eclipse.cargotracker.domain.shared.Specification,NotSpecification uses Specification [3]
cargotracker.org.eclipse.cargotracker.domain.shared.OrSpecification,extends,cargotracker.org.eclipse.cargotracker.domain.shared.AbstractSpecification,OrSpecification uses AbstractSpecification [2]
cargotracker.org.eclipse.cargotracker.domain.shared.OrSpecification,has param,cargotracker.org.eclipse.cargotracker.domain.shared.Specification,OrSpecification uses Specification [4]
cargotracker.org.eclipse.cargotracker.infrastructure.messaging.jms.CargoHandledConsumer,calls,cargotracker.org.eclipse.cargotracker.application.CargoInspectionService,CargoHandledConsumer uses CargoInspectionService [2]
cargotracker.org.eclipse.cargotracker.infrastructure.messaging.jms.CargoHandledConsumer,references,cargotracker.org.eclipse.cargotracker.domain.model.cargo.TrackingId,CargoHandledConsumer uses TrackingId [2]
cargotracker.org.eclipse.cargotracker.infrastructure.messaging.jms.HandlingEventRegistrationAttemptConsumer,calls,cargotracker.org.eclipse.cargotracker.application.HandlingEventService,HandlingEventRegistrationAttemptConsumer uses HandlingEventService [2]
cargotracker.org.eclipse.cargotracker.infrastructure.messaging.jms.HandlingEventRegistrationAttemptConsumer,references,cargotracker.org.eclipse.cargotracker.domain.model.cargo.TrackingId,HandlingEventRegistrationAttemptConsumer uses TrackingId [1]
cargotracker.org.eclipse.cargotracker.infrastructure.messaging.jms.HandlingEventRegistrationAttemptConsumer,references,cargotracker.org.eclipse.cargotracker.domain.model.handling.CannotCreateHandlingEventException,HandlingEventRegistrationAttemptConsumer uses CannotCreateHandlingEventException [1]
cargotracker.org.eclipse.cargotracker.infrastructure.messaging.jms.HandlingEventRegistrationAttemptConsumer,references,cargotracker.org.eclipse.cargotracker.domain.model.handling.HandlingEvent,HandlingEventRegistrationAttemptConsumer uses HandlingEvent [1]
cargotracker.org.eclipse.cargotracker.infrastructure.messaging.jms.HandlingEventRegistrationAttemptConsumer,references,cargotracker.org.eclipse.cargotracker.domain.model.location.UnLocode,HandlingEventRegistrationAttemptConsumer uses UnLocode [1]
cargotracker.org.eclipse.cargotracker.infrastructure.messaging.jms.HandlingEventRegistrationAttemptConsumer,references,cargotracker.org.eclipse.cargotracker.domain.model.voyage.VoyageNumber,HandlingEventRegistrationAttemptConsumer uses VoyageNumber [1]
cargotracker.org.eclipse.cargotracker.infrastructure.messaging.jms.HandlingEventRegistrationAttemptConsumer,references,cargotracker.org.eclipse.cargotracker.interfaces.handling.HandlingEventRegistrationAttempt,HandlingEventRegistrationAttemptConsumer uses HandlingEventRegistrationAttempt [6]
cargotracker.org.eclipse.cargotracker.infrastructure.messaging.jms.JmsApplicationEvents,implements,cargotracker.org.eclipse.cargotracker.application.ApplicationEvents,JmsApplicationEvents uses ApplicationEvents [1]
cargotracker.org.eclipse.cargotracker.infrastructure.messaging.jms.JmsApplicationEvents,has param,cargotracker.org.eclipse.cargotracker.domain.model.cargo.Cargo,JmsApplicationEvents uses Cargo [6]
cargotracker.org.eclipse.cargotracker.infrastructure.messaging.jms.JmsApplicationEvents,references,cargotracker.org.eclipse.cargotracker.domain.model.cargo.TrackingId,JmsApplicationEvents uses TrackingId [6]
cargotracker.org.eclipse.cargotracker.infrastructure.messaging.jms.JmsApplicationEvents,has param,cargotracker.org.eclipse.cargotracker.domain.model.handling.HandlingEvent,JmsApplicationEvents uses HandlingEvent [2]
cargotracker.org.eclipse.cargotracker.infrastructure.messaging.jms.JmsApplicationEvents,has param,cargotracker.org.eclipse.cargotracker.interfaces.handling.HandlingEventRegistrationAttempt,JmsApplicationEvents uses HandlingEventRegistrationAttempt [1]
cargotracker.org.eclipse.cargotracker.infrastructure.persistence.jpa.JpaCargoRepository,returns,cargotracker.org.eclipse.cargotracker.domain.model.cargo.Cargo,JpaCargoRepository uses Cargo [5]
cargotracker.org.eclipse.cargotracker.infrastructure.persistence.jpa.JpaCargoRepository,implements,cargotracker.org.eclipse.cargotracker.domain.model.cargo.CargoRepository,JpaCargoRepository uses CargoRepository [1]
cargotracker.org.eclipse.cargotracker.infrastructure.persistence.jpa.JpaCargoRepository,references,cargotracker.org.eclipse.cargotracker.domain.model.cargo.Itinerary,JpaCargoRepository uses Itinerary [2]
cargotracker.org.eclipse.cargotracker.infrastructure.persistence.jpa.JpaCargoRepository,has param,cargotracker.org.eclipse.cargotracker.domain.model.cargo.Leg,JpaCargoRepository uses Leg [1]
cargotracker.org.eclipse.cargotracker.infrastructure.persistence.jpa.JpaCargoRepository,returns,cargotracker.org.eclipse.cargotracker.domain.model.cargo.TrackingId,JpaCargoRepository uses TrackingId [3]
cargotracker.org.eclipse.cargotracker.infrastructure.persistence.jpa.JpaCargoRepository,references,cargotracker.org.eclipse.cargotracker.infrastructure.events.cdi.CargoUpdated,JpaCargoRepository uses CargoUpdated [1]
cargotracker.org.eclipse.cargotracker.infrastructure.persistence.jpa.JpaHandlingEventRepository,has param,cargotracker.org.eclipse.cargotracker.domain.model.cargo.TrackingId,JpaHandlingEventRepository uses TrackingId [1]
cargotracker.org.eclipse.cargotracker.infrastructure.persistence.jpa.JpaHandlingEventRepository,has param,cargotracker.org.eclipse.cargotracker.domain.model.handling.HandlingEvent,JpaHandlingEventRepository uses HandlingEvent [2]
cargotracker.org.eclipse.cargotracker.infrastructure.persistence.jpa.JpaHandlingEventRepository,implements,cargotracker.org.eclipse.cargotracker.domain.model.handling.HandlingEventRepository,JpaHandlingEventRepository uses HandlingEventRepository [1]
cargotracker.org.eclipse.cargotracker.infrastructure.persistence.jpa.JpaHandlingEventRepository,returns,cargotracker.org.eclipse.cargotracker.domain.model.handling.HandlingHistory,JpaHandlingEventRepository uses HandlingHistory [2]
cargotracker.org.eclipse.cargotracker.infrastructure.persistence.jpa.JpaLocationRepository,returns,cargotracker.org.eclipse.cargotracker.domain.model.location.Location,JpaLocationRepository uses Location [2]
cargotracker.org.eclipse.cargotracker.infrastructure.persistence.jpa.JpaLocationRepository,implements,cargotracker.org.eclipse.cargotracker.domain.model.location.LocationRepository,JpaLocationRepository uses LocationRepository [1]
cargotracker.org.eclipse.cargotracker.infrastructure.persistence.jpa.JpaLocationRepository,has param,cargotracker.org.eclipse.cargotracker.domain.model.location.UnLocode,JpaLocationRepository uses UnLocode [1]
cargotracker.org.eclipse.cargotracker.infrastructure.persistence.jpa.JpaVoyageRepository,returns,cargotracker.org.eclipse.cargotracker.domain.model.voyage.Voyage,JpaVoyageRepository uses Voyage [2]
cargotracker.org.eclipse.cargotracker.infrastructure.persistence.jpa.JpaVoyageRepository,has param,cargotracker.org.eclipse.cargotracker.domain.model.voyage.VoyageNumber,JpaVoyageRepository uses VoyageNumber [1]
cargotracker.org.eclipse.cargotracker.infrastructure.persistence.jpa.JpaVoyageRepository,implements,cargotracker.org.eclipse.cargotracker.domain.model.voyage.VoyageRepository,JpaVoyageRepository uses VoyageRepository [1]
cargotracker.org.eclipse.cargotracker.infrastructure.routing.ExternalRoutingService,returns,cargotracker.org.eclipse.cargotracker.domain.model.cargo.Itinerary,ExternalRoutingService uses Itinerary [4]
cargotracker.org.eclipse.cargotracker.infrastructure.routing.ExternalRoutingService,returns,cargotracker.org.eclipse.cargotracker.domain.model.cargo.Leg,ExternalRoutingService uses Leg [2]
cargotracker.org.eclipse.cargotracker.infrastructure.routing.ExternalRoutingService,has param,cargotracker.org.eclipse.cargotracker.domain.model.cargo.RouteSpecification,ExternalRoutingService uses RouteSpecification [5]
cargotracker.org.eclipse.cargotracker.infrastructure.routing.ExternalRoutingService,references,cargotracker.org.eclipse.cargotracker.domain.model.location.Location,ExternalRoutingService uses Location [3]
cargotracker.org.eclipse.cargotracker.infrastructure.routing.ExternalRoutingService,calls,cargotracker.org.eclipse.cargotracker.domain.model.location.LocationRepository,ExternalRoutingService uses LocationRepository [2]
cargotracker.org.eclipse.cargotracker.infrastructure.routing.ExternalRoutingService,references,cargotracker.org.eclipse.cargotracker.domain.model.location.UnLocode,ExternalRoutingService uses UnLocode [4]
cargotracker.org.eclipse.cargotracker.infrastructure.routing.ExternalRoutingService,references,cargotracker.org.eclipse.cargotracker.domain.model.voyage.Voyage,ExternalRoutingService uses Voyage [1]
cargotracker.org.eclipse.cargotracker.infrastructure.routing.ExternalRoutingService,references,cargotracker.org.eclipse.cargotracker.domain.model.voyage.VoyageNumber,ExternalRoutingService uses VoyageNumber [2]
cargotracker.org.eclipse.cargotracker.infrastructure.routing.ExternalRoutingService,calls,cargotracker.org.eclipse.cargotracker.domain.model.voyage.VoyageRepository,ExternalRoutingService uses VoyageRepository [2]
cargotracker.org.eclipse.cargotracker.infrastructure.routing.ExternalRoutingService,implements,cargotracker.org.eclipse.cargotracker.domain.service.RoutingService,ExternalRoutingService uses RoutingService [1]
cargotracker.org.eclipse.cargotracker.infrastructure.routing.ExternalRoutingService,has param,cargotracker.org.eclipse.pathfinder.api.TransitEdge,ExternalRoutingService uses TransitEdge [6]
cargotracker.org.eclipse.cargotracker.infrastructure.routing.ExternalRoutingService,has param,cargotracker.org.eclipse.pathfinder.api.TransitPath,ExternalRoutingService uses TransitPath [3]
cargotracker.org.eclipse.cargotracker.interfaces.CoordinatesFactory,has param,cargotracker.org.eclipse.cargotracker.domain.model.location.Location,CoordinatesFactory uses Location [4]
cargotracker.org.eclipse.cargotracker.interfaces.CoordinatesFactory,references,cargotracker.org.eclipse.cargotracker.domain.model.location.SampleLocations,CoordinatesFactory uses SampleLocations [13]
cargotracker.org.eclipse.cargotracker.interfaces.CoordinatesFactory,has param,cargotracker.org.eclipse.cargotracker.domain.model.location.UnLocode,CoordinatesFactory uses UnLocode [5]
cargotracker.org.eclipse.cargotracker.interfaces.CoordinatesFactory,returns,cargotracker.org.eclipse.cargotracker.interfaces.Coordinates,CoordinatesFactory uses Coordinates [6]
cargotracker.org.eclipse.cargotracker.interfaces.booking.facade.BookingServiceFacade,returns,cargotracker.org.eclipse.cargotracker.interfaces.booking.facade.dto.CargoRoute,BookingServiceFacade uses CargoRoute [2]
cargotracker.org.eclipse.cargotracker.interfaces.booking.facade.BookingServiceFacade,returns,cargotracker.org.eclipse.cargotracker.interfaces.booking.facade.dto.CargoStatus,BookingServiceFacade uses CargoStatus [1]
cargotracker.org.eclipse.cargotracker.interfaces.booking.facade.BookingServiceFacade,references,cargotracker.org.eclipse.cargotracker.interfaces.booking.facade.dto.Location,BookingServiceFacade uses Location [1]
cargotracker.org.eclipse.cargotracker.interfaces.booking.facade.BookingServiceFacade,has param,cargotracker.org.eclipse.cargotracker.interfaces.booking.facade.dto.RouteCandidate,BookingServiceFacade uses RouteCandidate [2]
cargotracker.org.eclipse.cargotracker.interfaces.booking.facade.dto.CargoRoute,calls,cargotracker.org.eclipse.cargotracker.application.util.DateConverter,CargoRoute uses DateConverter [1]
cargotracker.org.eclipse.cargotracker.interfaces.booking.facade.dto.CargoRoute,references,cargotracker.org.eclipse.cargotracker.interfaces.booking.facade.dto.Leg,CargoRoute uses Leg [3]
cargotracker.org.eclipse.cargotracker.interfaces.booking.facade.dto.CargoRoute,has param,cargotracker.org.eclipse.cargotracker.interfaces.booking.facade.dto.Location,CargoRoute uses Location [13]
cargotracker.org.eclipse.cargotracker.interfaces.booking.facade.dto.CargoStatus,references,cargotracker.org.eclipse.cargotracker.interfaces.booking.facade.dto.TrackingEvents,CargoStatus uses TrackingEvents [3]
cargotracker.org.eclipse.cargotracker.interfaces.booking.facade.dto.Leg,calls,cargotracker.org.eclipse.cargotracker.application.util.DateConverter,Leg uses DateConverter [1]
cargotracker.org.eclipse.cargotracker.interfaces.booking.facade.dto.Leg,has param,cargotracker.org.eclipse.cargotracker.interfaces.booking.facade.dto.Location,Leg uses Location [10]
cargotracker.org.eclipse.cargotracker.interfaces.booking.facade.dto.RouteCandidate,references,cargotracker.org.eclipse.cargotracker.interfaces.booking.facade.dto.Leg,RouteCandidate uses Leg [3]
cargotracker.org.eclipse.cargotracker.interfaces.booking.facade.internal.DefaultBookingServiceFacade,calls,cargotracker.org.eclipse.cargotracker.application.BookingService,DefaultBookingServiceFacade uses BookingService [6]
cargotracker.org.eclipse.cargotracker.interfaces.booking.facade.internal.DefaultBookingServiceFacade,has param,cargotracker.org.eclipse.cargotracker.domain.model.cargo.Cargo,DefaultBookingServiceFacade uses Cargo [4]
cargotracker.org.eclipse.cargotracker.interfaces.booking.facade.internal.DefaultBookingServiceFacade,calls,cargotracker.org.eclipse.cargotracker.domain.model.cargo.CargoRepository,DefaultBookingServiceFacade uses CargoRepository [5]
cargotracker.org.eclipse.cargotracker.interfaces.booking.facade.internal.DefaultBookingServiceFacade,references,cargotracker.org.eclipse.cargotracker.domain.model.cargo.Itinerary,DefaultBookingServiceFacade uses Itinerary [1]
cargotracker.org.eclipse.cargotracker.interfaces.booking.facade.internal.DefaultBookingServiceFacade,references,cargotracker.org.eclipse.cargotracker.domain.model.cargo.TrackingId,DefaultBookingServiceFacade uses TrackingId [16]
cargotracker.org.eclipse.cargotracker.interfaces.booking.facade.internal.DefaultBookingServiceFacade,calls,cargotracker.org.eclipse.cargotracker.domain.model.handling.HandlingEventRepository,DefaultBookingServiceFacade uses HandlingEventRepository [2]
cargotracker.org.eclipse.cargotracker.interfaces.booking.facade.internal.DefaultBookingServiceFacade,references,cargotracker.org.eclipse.cargotracker.domain.model.handling.HandlingHistory,DefaultBookingServiceFacade uses HandlingHistory [2]
cargotracker.org.eclipse.cargotracker.interfaces.booking.facade.internal.DefaultBookingServiceFacade,references,cargotracker.org.eclipse.cargotracker.domain.model.location.LocationRepository,DefaultBookingServiceFacade uses LocationRepository [3]
cargotracker.org.eclipse.cargotracker.interfaces.booking.facade.internal.DefaultBookingServiceFacade,references,cargotracker.org.eclipse.cargotracker.domain.model.location.UnLocode,DefaultBookingServiceFacade uses UnLocode [4]
cargotracker.org.eclipse.cargotracker.interfaces.booking.facade.internal.DefaultBookingServiceFacade,references,cargotracker.org.eclipse.cargotracker.domain.model.voyage.VoyageRepository,DefaultBookingServiceFacade uses VoyageRepository [2]
cargotracker.org.eclipse.cargotracker.interfaces.booking.facade.internal.DefaultBookingServiceFacade,implements,cargotracker.org.eclipse.cargotracker.interfaces.booking.facade.BookingServiceFacade,DefaultBookingServiceFacade uses BookingServiceFacade [1]
cargotracker.org.eclipse.cargotracker.interfaces.booking.facade.internal.DefaultBookingServiceFacade,returns,cargotracker.org.eclipse.cargotracker.interfaces.booking.facade.dto.CargoRoute,DefaultBookingServiceFacade uses CargoRoute [2]
cargotracker.org.eclipse.cargotracker.interfaces.booking.facade.internal.DefaultBookingServiceFacade,returns,cargotracker.org.eclipse.cargotracker.interfaces.booking.facade.dto.CargoStatus,DefaultBookingServiceFacade uses CargoStatus [1]
cargotracker.org.eclipse.cargotracker.interfaces.booking.facade.internal.DefaultBookingServiceFacade,references,cargotracker.org.eclipse.cargotracker.interfaces.booking.facade.dto.Location,DefaultBookingServiceFacade uses Location [1]
cargotracker.org.eclipse.cargotracker.interfaces.booking.facade.internal.DefaultBookingServiceFacade,has param,cargotracker.org.eclipse.cargotracker.interfaces.booking.facade.dto.RouteCandidate,DefaultBookingServiceFacade uses RouteCandidate [2]
cargotracker.org.eclipse.cargotracker.interfaces.booking.facade.internal.DefaultBookingServiceFacade,calls,cargotracker.org.eclipse.cargotracker.interfaces.booking.facade.internal.assembler.CargoRouteDtoAssembler,DefaultBookingServiceFacade uses CargoRouteDtoAssembler [3]
cargotracker.org.eclipse.cargotracker.interfaces.booking.facade.internal.DefaultBookingServiceFacade,calls,cargotracker.org.eclipse.cargotracker.interfaces.booking.facade.internal.assembler.CargoStatusDtoAssembler,DefaultBookingServiceFacade uses CargoStatusDtoAssembler [2]
cargotracker.org.eclipse.cargotracker.interfaces.booking.facade.internal.DefaultBookingServiceFacade,calls,cargotracker.org.eclipse.cargotracker.interfaces.booking.facade.internal.assembler.ItineraryCandidateDtoAssembler,DefaultBookingServiceFacade uses ItineraryCandidateDtoAssembler [3]
cargotracker.org.eclipse.cargotracker.interfaces.booking.facade.internal.DefaultBookingServiceFacade,calls,cargotracker.org.eclipse.cargotracker.interfaces.booking.facade.internal.assembler.LocationDtoAssembler,DefaultBookingServiceFacade uses LocationDtoAssembler [2]
cargotracker.org.eclipse.cargotracker.interfaces.booking.facade.internal.assembler.CargoRouteDtoAssembler,has param,cargotracker.org.eclipse.cargotracker.domain.model.cargo.Cargo,CargoRouteDtoAssembler uses Cargo [6]
cargotracker.org.eclipse.cargotracker.interfaces.booking.facade.internal.assembler.CargoRouteDtoAssembler,references,cargotracker.org.eclipse.cargotracker.domain.model.cargo.Delivery,CargoRouteDtoAssembler uses Delivery [4]
cargotracker.org.eclipse.cargotracker.interfaces.booking.facade.internal.assembler.CargoRouteDtoAssembler,references,cargotracker.org.eclipse.cargotracker.domain.model.cargo.Itinerary,CargoRouteDtoAssembler uses Itinerary [2]
cargotracker.org.eclipse.cargotracker.interfaces.booking.facade.internal.assembler.CargoRouteDtoAssembler,has param,cargotracker.org.eclipse.cargotracker.domain.model.cargo.Leg,CargoRouteDtoAssembler uses Leg [6]
cargotracker.org.eclipse.cargotracker.interfaces.booking.facade.internal.assembler.CargoRouteDtoAssembler,references,cargotracker.org.eclipse.cargotracker.domain.model.cargo.RouteSpecification,CargoRouteDtoAssembler uses RouteSpecification [3]
cargotracker.org.eclipse.cargotracker.interfaces.booking.facade.internal.assembler.CargoRouteDtoAssembler,references,cargotracker.org.eclipse.cargotracker.domain.model.cargo.RoutingStatus,CargoRouteDtoAssembler uses RoutingStatus [3]
cargotracker.org.eclipse.cargotracker.interfaces.booking.facade.internal.assembler.CargoRouteDtoAssembler,references,cargotracker.org.eclipse.cargotracker.domain.model.cargo.TrackingId,CargoRouteDtoAssembler uses TrackingId [2]
cargotracker.org.eclipse.cargotracker.interfaces.booking.facade.internal.assembler.CargoRouteDtoAssembler,uses inherited,cargotracker.org.eclipse.cargotracker.domain.model.cargo.TransportStatus,CargoRouteDtoAssembler uses TransportStatus [3]
cargotracker.org.eclipse.cargotracker.interfaces.booking.facade.internal.assembler.CargoRouteDtoAssembler,references,cargotracker.org.eclipse.cargotracker.domain.model.location.Location,CargoRouteDtoAssembler uses Location [2]
cargotracker.org.eclipse.cargotracker.interfaces.booking.facade.internal.assembler.CargoRouteDtoAssembler,references,cargotracker.org.eclipse.cargotracker.domain.model.voyage.Voyage,CargoRouteDtoAssembler uses Voyage [2]
cargotracker.org.eclipse.cargotracker.interfaces.booking.facade.internal.assembler.CargoRouteDtoAssembler,references,cargotracker.org.eclipse.cargotracker.domain.model.voyage.VoyageNumber,CargoRouteDtoAssembler uses VoyageNumber [2]
cargotracker.org.eclipse.cargotracker.interfaces.booking.facade.internal.assembler.CargoRouteDtoAssembler,returns,cargotracker.org.eclipse.cargotracker.interfaces.booking.facade.dto.CargoRoute,CargoRouteDtoAssembler uses CargoRoute [2]
cargotracker.org.eclipse.cargotracker.interfaces.booking.facade.internal.assembler.CargoRouteDtoAssembler,returns,cargotracker.org.eclipse.cargotracker.interfaces.booking.facade.dto.Leg,CargoRouteDtoAssembler uses Leg [2]
cargotracker.org.eclipse.cargotracker.interfaces.booking.facade.internal.assembler.CargoRouteDtoAssembler,references,cargotracker.org.eclipse.cargotracker.interfaces.booking.facade.dto.Location,CargoRouteDtoAssembler uses Location [2]
cargotracker.org.eclipse.cargotracker.interfaces.booking.facade.internal.assembler.CargoRouteDtoAssembler,calls,cargotracker.org.eclipse.cargotracker.interfaces.booking.facade.internal.assembler.LocationDtoAssembler,CargoRouteDtoAssembler uses LocationDtoAssembler [3]
cargotracker.org.eclipse.cargotracker.interfaces.booking.facade.internal.assembler.CargoStatusDtoAssembler,calls,cargotracker.org.eclipse.cargotracker.application.util.DateConverter,CargoStatusDtoAssembler uses DateConverter [1]
cargotracker.org.eclipse.cargotracker.interfaces.booking.facade.internal.assembler.CargoStatusDtoAssembler,has param,cargotracker.org.eclipse.cargotracker.domain.model.cargo.Cargo,CargoStatusDtoAssembler uses Cargo [11]
cargotracker.org.eclipse.cargotracker.interfaces.booking.facade.internal.assembler.CargoStatusDtoAssembler,references,cargotracker.org.eclipse.cargotracker.domain.model.cargo.Delivery,CargoStatusDtoAssembler uses Delivery [10]
cargotracker.org.eclipse.cargotracker.interfaces.booking.facade.internal.assembler.CargoStatusDtoAssembler,references,cargotracker.org.eclipse.cargotracker.domain.model.cargo.HandlingActivity,CargoStatusDtoAssembler uses HandlingActivity [5]
cargotracker.org.eclipse.cargotracker.interfaces.booking.facade.internal.assembler.CargoStatusDtoAssembler,references,cargotracker.org.eclipse.cargotracker.domain.model.cargo.RouteSpecification,CargoStatusDtoAssembler uses RouteSpecification [2]
cargotracker.org.eclipse.cargotracker.interfaces.booking.facade.internal.assembler.CargoStatusDtoAssembler,references,cargotracker.org.eclipse.cargotracker.domain.model.cargo.TrackingId,CargoStatusDtoAssembler uses TrackingId [2]
cargotracker.org.eclipse.cargotracker.interfaces.booking.facade.internal.assembler.CargoStatusDtoAssembler,uses inherited,cargotracker.org.eclipse.cargotracker.domain.model.cargo.TransportStatus,CargoStatusDtoAssembler uses TransportStatus [7]
cargotracker.org.eclipse.cargotracker.interfaces.booking.facade.internal.assembler.CargoStatusDtoAssembler,has param,cargotracker.org.eclipse.cargotracker.domain.model.handling.HandlingEvent,CargoStatusDtoAssembler uses HandlingEvent [6]
cargotracker.org.eclipse.cargotracker.interfaces.booking.facade.internal.assembler.CargoStatusDtoAssembler,references,cargotracker.org.eclipse.cargotracker.domain.model.location.Location,CargoStatusDtoAssembler uses Location [6]
cargotracker.org.eclipse.cargotracker.interfaces.booking.facade.internal.assembler.CargoStatusDtoAssembler,references,cargotracker.org.eclipse.cargotracker.domain.model.voyage.Voyage,CargoStatusDtoAssembler uses Voyage [4]
cargotracker.org.eclipse.cargotracker.interfaces.booking.facade.internal.assembler.CargoStatusDtoAssembler,references,cargotracker.org.eclipse.cargotracker.domain.model.voyage.VoyageNumber,CargoStatusDtoAssembler uses VoyageNumber [3]
cargotracker.org.eclipse.cargotracker.interfaces.booking.facade.internal.assembler.CargoStatusDtoAssembler,returns,cargotracker.org.eclipse.cargotracker.interfaces.booking.facade.dto.CargoStatus,CargoStatusDtoAssembler uses CargoStatus [2]
cargotracker.org.eclipse.cargotracker.interfaces.booking.facade.internal.assembler.CargoStatusDtoAssembler,returns,cargotracker.org.eclipse.cargotracker.interfaces.booking.facade.dto.TrackingEvents,CargoStatusDtoAssembler uses TrackingEvents [1]
cargotracker.org.eclipse.cargotracker.interfaces.booking.facade.internal.assembler.CargoStatusDtoAssembler,calls,cargotracker.org.eclipse.cargotracker.interfaces.booking.facade.internal.assembler.TrackingEventsDtoAssembler,CargoStatusDtoAssembler uses TrackingEventsDtoAssembler [2]
cargotracker.org.eclipse.cargotracker.interfaces.booking.facade.internal.assembler.ItineraryCandidateDtoAssembler,calls,cargotracker.org.eclipse.cargotracker.application.util.DateConverter,ItineraryCandidateDtoAssembler uses DateConverter [1]
cargotracker.org.eclipse.cargotracker.interfaces.booking.facade.internal.assembler.ItineraryCandidateDtoAssembler,returns,cargotracker.org.eclipse.cargotracker.domain.model.cargo.Itinerary,ItineraryCandidateDtoAssembler uses Itinerary [4]
cargotracker.org.eclipse.cargotracker.interfaces.booking.facade.internal.assembler.ItineraryCandidateDtoAssembler,has param,cargotracker.org.eclipse.cargotracker.domain.model.cargo.Leg,ItineraryCandidateDtoAssembler uses Leg [8]
cargotracker.org.eclipse.cargotracker.interfaces.booking.facade.internal.assembler.ItineraryCandidateDtoAssembler,references,cargotracker.org.eclipse.cargotracker.domain.model.location.Location,ItineraryCandidateDtoAssembler uses Location [2]
cargotracker.org.eclipse.cargotracker.interfaces.booking.facade.internal.assembler.ItineraryCandidateDtoAssembler,has param,cargotracker.org.eclipse.cargotracker.domain.model.location.LocationRepository,ItineraryCandidateDtoAssembler uses LocationRepository [2]
cargotracker.org.eclipse.cargotracker.interfaces.booking.facade.internal.assembler.ItineraryCandidateDtoAssembler,references,cargotracker.org.eclipse.cargotracker.domain.model.location.UnLocode,ItineraryCandidateDtoAssembler uses UnLocode [2]
cargotracker.org.eclipse.cargotracker.interfaces.booking.facade.internal.assembler.ItineraryCandidateDtoAssembler,references,cargotracker.org.eclipse.cargotracker.domain.model.voyage.Voyage,ItineraryCandidateDtoAssembler uses Voyage [3]
cargotracker.org.eclipse.cargotracker.interfaces.booking.facade.internal.assembler.ItineraryCandidateDtoAssembler,references,cargotracker.org.eclipse.cargotracker.domain.model.voyage.VoyageNumber,ItineraryCandidateDtoAssembler uses VoyageNumber [4]
cargotracker.org.eclipse.cargotracker.interfaces.booking.facade.internal.assembler.ItineraryCandidateDtoAssembler,has param,cargotracker.org.eclipse.cargotracker.domain.model.voyage.VoyageRepository,ItineraryCandidateDtoAssembler uses VoyageRepository [2]
cargotracker.org.eclipse.cargotracker.interfaces.booking.facade.internal.assembler.ItineraryCandidateDtoAssembler,returns,cargotracker.org.eclipse.cargotracker.interfaces.booking.facade.dto.Leg,ItineraryCandidateDtoAssembler uses Leg [8]
cargotracker.org.eclipse.cargotracker.interfaces.booking.facade.internal.assembler.ItineraryCandidateDtoAssembler,references,cargotracker.org.eclipse.cargotracker.interfaces.booking.facade.dto.Location,ItineraryCandidateDtoAssembler uses Location [1]
cargotracker.org.eclipse.cargotracker.interfaces.booking.facade.internal.assembler.ItineraryCandidateDtoAssembler,returns,cargotracker.org.eclipse.cargotracker.interfaces.booking.facade.dto.RouteCandidate,ItineraryCandidateDtoAssembler uses RouteCandidate [4]
cargotracker.org.eclipse.cargotracker.interfaces.booking.facade.internal.assembler.ItineraryCandidateDtoAssembler,calls,cargotracker.org.eclipse.cargotracker.interfaces.booking.facade.internal.assembler.LocationDtoAssembler,ItineraryCandidateDtoAssembler uses LocationDtoAssembler [2]
cargotracker.org.eclipse.cargotracker.interfaces.booking.facade.internal.assembler.LocationDtoAssembler,has param,cargotracker.org.eclipse.cargotracker.domain.model.location.Location,LocationDtoAssembler uses Location [4]
cargotracker.org.eclipse.cargotracker.interfaces.booking.facade.internal.assembler.LocationDtoAssembler,references,cargotracker.org.eclipse.cargotracker.domain.model.location.UnLocode,LocationDtoAssembler uses UnLocode [2]
cargotracker.org.eclipse.cargotracker.interfaces.booking.facade.internal.assembler.LocationDtoAssembler,returns,cargotracker.org.eclipse.cargotracker.interfaces.booking.facade.dto.Location,LocationDtoAssembler uses Location [4]
cargotracker.org.eclipse.cargotracker.interfaces.booking.facade.internal.assembler.TrackingEventsDtoAssembler,calls,cargotracker.org.eclipse.cargotracker.application.util.DateConverter,TrackingEventsDtoAssembler uses DateConverter [1]
cargotracker.org.eclipse.cargotracker.interfaces.booking.facade.internal.assembler.TrackingEventsDtoAssembler,has param,cargotracker.org.eclipse.cargotracker.domain.model.cargo.Cargo,TrackingEventsDtoAssembler uses Cargo [2]
cargotracker.org.eclipse.cargotracker.interfaces.booking.facade.internal.assembler.TrackingEventsDtoAssembler,references,cargotracker.org.eclipse.cargotracker.domain.model.cargo.Itinerary,TrackingEventsDtoAssembler uses Itinerary [2]
cargotracker.org.eclipse.cargotracker.interfaces.booking.facade.internal.assembler.TrackingEventsDtoAssembler,has param,cargotracker.org.eclipse.cargotracker.domain.model.handling.HandlingEvent,TrackingEventsDtoAssembler uses HandlingEvent [16]
cargotracker.org.eclipse.cargotracker.interfaces.booking.facade.internal.assembler.TrackingEventsDtoAssembler,references,cargotracker.org.eclipse.cargotracker.domain.model.location.Location,TrackingEventsDtoAssembler uses Location [2]
cargotracker.org.eclipse.cargotracker.interfaces.booking.facade.internal.assembler.TrackingEventsDtoAssembler,references,cargotracker.org.eclipse.cargotracker.domain.model.voyage.Voyage,TrackingEventsDtoAssembler uses Voyage [2]
cargotracker.org.eclipse.cargotracker.interfaces.booking.facade.internal.assembler.TrackingEventsDtoAssembler,references,cargotracker.org.eclipse.cargotracker.domain.model.voyage.VoyageNumber,TrackingEventsDtoAssembler uses VoyageNumber [2]
cargotracker.org.eclipse.cargotracker.interfaces.booking.facade.internal.assembler.TrackingEventsDtoAssembler,returns,cargotracker.org.eclipse.cargotracker.interfaces.booking.facade.dto.TrackingEvents,TrackingEventsDtoAssembler uses TrackingEvents [2]
cargotracker.org.eclipse.cargotracker.interfaces.booking.sse.LocationViewAdapter,has param,cargotracker.org.eclipse.cargotracker.domain.model.location.Location,LocationViewAdapter uses Location [5]
cargotracker.org.eclipse.cargotracker.interfaces.booking.sse.LocationViewAdapter,references,cargotracker.org.eclipse.cargotracker.domain.model.location.UnLocode,LocationViewAdapter uses UnLocode [2]
cargotracker.org.eclipse.cargotracker.interfaces.booking.sse.LocationViewAdapter,returns,cargotracker.org.eclipse.cargotracker.interfaces.Coordinates,LocationViewAdapter uses Coordinates [1]
cargotracker.org.eclipse.cargotracker.interfaces.booking.sse.LocationViewAdapter,calls,cargotracker.org.eclipse.cargotracker.interfaces.CoordinatesFactory,LocationViewAdapter uses CoordinatesFactory [1]
cargotracker.org.eclipse.cargotracker.interfaces.booking.sse.RealtimeCargoTrackingService,has param,cargotracker.org.eclipse.cargotracker.domain.model.cargo.Cargo,RealtimeCargoTrackingService uses Cargo [2]
cargotracker.org.eclipse.cargotracker.interfaces.booking.sse.RealtimeCargoTrackingService,calls,cargotracker.org.eclipse.cargotracker.domain.model.cargo.CargoRepository,RealtimeCargoTrackingService uses CargoRepository [2]
cargotracker.org.eclipse.cargotracker.interfaces.booking.sse.RealtimeCargoTrackingService,references,cargotracker.org.eclipse.cargotracker.infrastructure.events.cdi.CargoUpdated,RealtimeCargoTrackingService uses CargoUpdated [1]
cargotracker.org.eclipse.cargotracker.interfaces.booking.sse.RealtimeCargoTrackingService,references,cargotracker.org.eclipse.cargotracker.interfaces.booking.sse.RealtimeCargoTrackingViewAdapter,RealtimeCargoTrackingService uses RealtimeCargoTrackingViewAdapter [2]
cargotracker.org.eclipse.cargotracker.interfaces.booking.sse.RealtimeCargoTrackingViewAdapter,has param,cargotracker.org.eclipse.cargotracker.domain.model.cargo.Cargo,RealtimeCargoTrackingViewAdapter uses Cargo [11]
cargotracker.org.eclipse.cargotracker.interfaces.booking.sse.RealtimeCargoTrackingViewAdapter,references,cargotracker.org.eclipse.cargotracker.domain.model.cargo.Delivery,RealtimeCargoTrackingViewAdapter uses Delivery [17]
cargotracker.org.eclipse.cargotracker.interfaces.booking.sse.RealtimeCargoTrackingViewAdapter,uses inherited,cargotracker.org.eclipse.cargotracker.domain.model.cargo.RoutingStatus,RealtimeCargoTrackingViewAdapter uses RoutingStatus [9]
cargotracker.org.eclipse.cargotracker.interfaces.booking.sse.RealtimeCargoTrackingViewAdapter,references,cargotracker.org.eclipse.cargotracker.domain.model.cargo.TrackingId,RealtimeCargoTrackingViewAdapter uses TrackingId [2]
cargotracker.org.eclipse.cargotracker.interfaces.booking.sse.RealtimeCargoTrackingViewAdapter,uses inherited,cargotracker.org.eclipse.cargotracker.domain.model.cargo.TransportStatus,RealtimeCargoTrackingViewAdapter uses TransportStatus [11]
cargotracker.org.eclipse.cargotracker.interfaces.booking.sse.RealtimeCargoTrackingViewAdapter,references,cargotracker.org.eclipse.cargotracker.domain.model.location.Location,RealtimeCargoTrackingViewAdapter uses Location [2]
cargotracker.org.eclipse.cargotracker.interfaces.booking.sse.RealtimeCargoTrackingViewAdapter,returns,cargotracker.org.eclipse.cargotracker.interfaces.booking.sse.LocationViewAdapter,RealtimeCargoTrackingViewAdapter uses LocationViewAdapter [5]
cargotracker.org.eclipse.cargotracker.interfaces.booking.web.Booking,calls,cargotracker.org.eclipse.cargotracker.interfaces.booking.facade.BookingServiceFacade,Booking uses BookingServiceFacade [3]
cargotracker.org.eclipse.cargotracker.interfaces.booking.web.Booking,has param,cargotracker.org.eclipse.cargotracker.interfaces.booking.facade.dto.Location,Booking uses Location [11]
cargotracker.org.eclipse.cargotracker.interfaces.booking.web.CargoDetails,calls,cargotracker.org.eclipse.cargotracker.interfaces.booking.facade.BookingServiceFacade,CargoDetails uses BookingServiceFacade [2]
cargotracker.org.eclipse.cargotracker.interfaces.booking.web.CargoDetails,returns,cargotracker.org.eclipse.cargotracker.interfaces.booking.facade.dto.CargoRoute,CargoDetails uses CargoRoute [3]
cargotracker.org.eclipse.cargotracker.interfaces.booking.web.ChangeArrivalDeadline,calls,cargotracker.org.eclipse.cargotracker.application.util.DateConverter,ChangeArrivalDeadline uses DateConverter [1]
cargotracker.org.eclipse.cargotracker.interfaces.booking.web.ChangeArrivalDeadline,calls,cargotracker.org.eclipse.cargotracker.interfaces.booking.facade.BookingServiceFacade,ChangeArrivalDeadline uses BookingServiceFacade [3]
cargotracker.org.eclipse.cargotracker.interfaces.booking.web.ChangeArrivalDeadline,returns,cargotracker.org.eclipse.cargotracker.interfaces.booking.facade.dto.CargoRoute,ChangeArrivalDeadline uses CargoRoute [4]
cargotracker.org.eclipse.cargotracker.interfaces.booking.web.ChangeDestination,calls,cargotracker.org.eclipse.cargotracker.interfaces.booking.facade.BookingServiceFacade,ChangeDestination uses BookingServiceFacade [4]
cargotracker.org.eclipse.cargotracker.interfaces.booking.web.ChangeDestination,returns,cargotracker.org.eclipse.cargotracker.interfaces.booking.facade.dto.CargoRoute,ChangeDestination uses CargoRoute [5]
cargotracker.org.eclipse.cargotracker.interfaces.booking.web.ChangeDestination,has param,cargotracker.org.eclipse.cargotracker.interfaces.booking.facade.dto.Location,ChangeDestination uses Location [5]
cargotracker.org.eclipse.cargotracker.interfaces.booking.web.ItinerarySelection,calls,cargotracker.org.eclipse.cargotracker.interfaces.booking.facade.BookingServiceFacade,ItinerarySelection uses BookingServiceFacade [4]
cargotracker.org.eclipse.cargotracker.interfaces.booking.web.ItinerarySelection,returns,cargotracker.org.eclipse.cargotracker.interfaces.booking.facade.dto.CargoRoute,ItinerarySelection uses CargoRoute [3]
cargotracker.org.eclipse.cargotracker.interfaces.booking.web.ItinerarySelection,references,cargotracker.org.eclipse.cargotracker.interfaces.booking.facade.dto.RouteCandidate,ItinerarySelection uses RouteCandidate [4]
cargotracker.org.eclipse.cargotracker.interfaces.booking.web.ListCargo,calls,cargotracker.org.eclipse.cargotracker.interfaces.booking.facade.BookingServiceFacade,ListCargo uses BookingServiceFacade [2]
cargotracker.org.eclipse.cargotracker.interfaces.booking.web.ListCargo,has param,cargotracker.org.eclipse.cargotracker.interfaces.booking.facade.dto.CargoRoute,ListCargo uses CargoRoute [12]
cargotracker.org.eclipse.cargotracker.interfaces.booking.web.Track,calls,cargotracker.org.eclipse.cargotracker.interfaces.booking.facade.BookingServiceFacade,Track uses BookingServiceFacade [3]
cargotracker.org.eclipse.cargotracker.interfaces.booking.web.Track,returns,cargotracker.org.eclipse.cargotracker.interfaces.booking.facade.dto.CargoStatus,Track uses CargoStatus [3]
cargotracker.org.eclipse.cargotracker.interfaces.handling.HandlingEventRegistrationAttempt,returns,cargotracker.org.eclipse.cargotracker.domain.model.cargo.TrackingId,HandlingEventRegistrationAttempt uses TrackingId [3]
cargotracker.org.eclipse.cargotracker.interfaces.handling.HandlingEventRegistrationAttempt,returns,cargotracker.org.eclipse.cargotracker.domain.model.handling.HandlingEvent,HandlingEventRegistrationAttempt uses HandlingEvent [3]
cargotracker.org.eclipse.cargotracker.interfaces.handling.HandlingEventRegistrationAttempt,returns,cargotracker.org.eclipse.cargotracker.domain.model.location.UnLocode,HandlingEventRegistrationAttempt uses UnLocode [3]
cargotracker.org.eclipse.cargotracker.interfaces.handling.HandlingEventRegistrationAttempt,returns,cargotracker.org.eclipse.cargotracker.domain.model.voyage.VoyageNumber,HandlingEventRegistrationAttempt uses VoyageNumber [3]
cargotracker.org.eclipse.cargotracker.interfaces.handling.file.EventItemReader,calls,cargotracker.org.eclipse.cargotracker.application.util.DateConverter,EventItemReader uses DateConverter [1]
cargotracker.org.eclipse.cargotracker.interfaces.handling.file.EventItemReader,references,cargotracker.org.eclipse.cargotracker.domain.model.cargo.TrackingId,EventItemReader uses TrackingId [2]
cargotracker.org.eclipse.cargotracker.interfaces.handling.file.EventItemReader,references,cargotracker.org.eclipse.cargotracker.domain.model.handling.HandlingEvent,EventItemReader uses HandlingEvent [2]
cargotracker.org.eclipse.cargotracker.interfaces.handling.file.EventItemReader,references,cargotracker.org.eclipse.cargotracker.domain.model.location.UnLocode,EventItemReader uses UnLocode [2]
cargotracker.org.eclipse.cargotracker.interfaces.handling.file.EventItemReader,references,cargotracker.org.eclipse.cargotracker.domain.model.voyage.VoyageNumber,EventItemReader uses VoyageNumber [2]
cargotracker.org.eclipse.cargotracker.interfaces.handling.file.EventItemReader,references,cargotracker.org.eclipse.cargotracker.interfaces.handling.HandlingEventRegistrationAttempt,EventItemReader uses HandlingEventRegistrationAttempt [2]
cargotracker.org.eclipse.cargotracker.interfaces.handling.file.EventItemReader,references,cargotracker.org.eclipse.cargotracker.interfaces.handling.file.EventFilesCheckpoint,EventItemReader uses EventFilesCheckpoint [9]
cargotracker.org.eclipse.cargotracker.interfaces.handling.file.EventItemReader,throws,cargotracker.org.eclipse.cargotracker.interfaces.handling.file.EventLineParseException,EventItemReader uses EventLineParseException [3]
cargotracker.org.eclipse.cargotracker.interfaces.handling.file.EventItemWriter,calls,cargotracker.org.eclipse.cargotracker.application.ApplicationEvents,EventItemWriter uses ApplicationEvents [2]
cargotracker.org.eclipse.cargotracker.interfaces.handling.file.EventItemWriter,calls,cargotracker.org.eclipse.cargotracker.application.util.DateConverter,EventItemWriter uses DateConverter [1]
cargotracker.org.eclipse.cargotracker.interfaces.handling.file.EventItemWriter,references,cargotracker.org.eclipse.cargotracker.domain.model.cargo.TrackingId,EventItemWriter uses TrackingId [1]
cargotracker.org.eclipse.cargotracker.interfaces.handling.file.EventItemWriter,references,cargotracker.org.eclipse.cargotracker.domain.model.handling.HandlingEvent,EventItemWriter uses HandlingEvent [1]
cargotracker.org.eclipse.cargotracker.interfaces.handling.file.EventItemWriter,references,cargotracker.org.eclipse.cargotracker.domain.model.location.UnLocode,EventItemWriter uses UnLocode [1]
cargotracker.org.eclipse.cargotracker.interfaces.handling.file.EventItemWriter,references,cargotracker.org.eclipse.cargotracker.domain.model.voyage.VoyageNumber,EventItemWriter uses VoyageNumber [1]
cargotracker.org.eclipse.cargotracker.interfaces.handling.file.EventItemWriter,returns,cargotracker.org.eclipse.cargotracker.interfaces.handling.HandlingEventRegistrationAttempt,EventItemWriter uses HandlingEventRegistrationAttempt [8]
cargotracker.org.eclipse.cargotracker.interfaces.handling.file.LineParseExceptionListener,references,cargotracker.org.eclipse.cargotracker.interfaces.handling.file.EventLineParseException,LineParseExceptionListener uses EventLineParseException [2]
cargotracker.org.eclipse.cargotracker.interfaces.handling.mobile.EventLogger,calls,cargotracker.org.eclipse.cargotracker.application.ApplicationEvents,EventLogger uses ApplicationEvents [2]
cargotracker.org.eclipse.cargotracker.interfaces.handling.mobile.EventLogger,calls,cargotracker.org.eclipse.cargotracker.application.util.DateConverter,EventLogger uses DateConverter [1]
cargotracker.org.eclipse.cargotracker.interfaces.handling.mobile.EventLogger,has param,cargotracker.org.eclipse.cargotracker.domain.model.cargo.Cargo,EventLogger uses Cargo [5]
cargotracker.org.eclipse.cargotracker.interfaces.handling.mobile.EventLogger,calls,cargotracker.org.eclipse.cargotracker.domain.model.cargo.CargoRepository,EventLogger uses CargoRepository [2]
cargotracker.org.eclipse.cargotracker.interfaces.handling.mobile.EventLogger,references,cargotracker.org.eclipse.cargotracker.domain.model.cargo.Delivery,EventLogger uses Delivery [2]
cargotracker.org.eclipse.cargotracker.interfaces.handling.mobile.EventLogger,references,cargotracker.org.eclipse.cargotracker.domain.model.cargo.Itinerary,EventLogger uses Itinerary [2]
cargotracker.org.eclipse.cargotracker.interfaces.handling.mobile.EventLogger,references,cargotracker.org.eclipse.cargotracker.domain.model.cargo.TrackingId,EventLogger uses TrackingId [4]
cargotracker.org.eclipse.cargotracker.interfaces.handling.mobile.EventLogger,references,cargotracker.org.eclipse.cargotracker.domain.model.cargo.TransportStatus,EventLogger uses TransportStatus [3]
cargotracker.org.eclipse.cargotracker.interfaces.handling.mobile.EventLogger,returns,cargotracker.org.eclipse.cargotracker.domain.model.handling.HandlingEvent,EventLogger uses HandlingEvent [8]
cargotracker.org.eclipse.cargotracker.interfaces.handling.mobile.EventLogger,has param,cargotracker.org.eclipse.cargotracker.domain.model.location.Location,EventLogger uses Location [3]
cargotracker.org.eclipse.cargotracker.interfaces.handling.mobile.EventLogger,calls,cargotracker.org.eclipse.cargotracker.domain.model.location.LocationRepository,EventLogger uses LocationRepository [2]
cargotracker.org.eclipse.cargotracker.interfaces.handling.mobile.EventLogger,references,cargotracker.org.eclipse.cargotracker.domain.model.location.UnLocode,EventLogger uses UnLocode [4]
cargotracker.org.eclipse.cargotracker.interfaces.handling.mobile.EventLogger,has param,cargotracker.org.eclipse.cargotracker.domain.model.voyage.Voyage,EventLogger uses Voyage [2]
cargotracker.org.eclipse.cargotracker.interfaces.handling.mobile.EventLogger,references,cargotracker.org.eclipse.cargotracker.domain.model.voyage.VoyageNumber,EventLogger uses VoyageNumber [4]
cargotracker.org.eclipse.cargotracker.interfaces.handling.mobile.EventLogger,calls,cargotracker.org.eclipse.cargotracker.domain.model.voyage.VoyageRepository,EventLogger uses VoyageRepository [2]
cargotracker.org.eclipse.cargotracker.interfaces.handling.mobile.EventLogger,references,cargotracker.org.eclipse.cargotracker.interfaces.handling.HandlingEventRegistrationAttempt,EventLogger uses HandlingEventRegistrationAttempt [2]
cargotracker.org.eclipse.cargotracker.interfaces.handling.rest.HandlingReportService,calls,cargotracker.org.eclipse.cargotracker.application.ApplicationEvents,HandlingReportService uses ApplicationEvents [2]
cargotracker.org.eclipse.cargotracker.interfaces.handling.rest.HandlingReportService,calls,cargotracker.org.eclipse.cargotracker.application.util.DateConverter,HandlingReportService uses DateConverter [1]
cargotracker.org.eclipse.cargotracker.interfaces.handling.rest.HandlingReportService,references,cargotracker.org.eclipse.cargotracker.domain.model.cargo.TrackingId,HandlingReportService uses TrackingId [2]
cargotracker.org.eclipse.cargotracker.interfaces.handling.rest.HandlingReportService,references,cargotracker.org.eclipse.cargotracker.domain.model.handling.HandlingEvent,HandlingReportService uses HandlingEvent [2]
cargotracker.org.eclipse.cargotracker.interfaces.handling.rest.HandlingReportService,references,cargotracker.org.eclipse.cargotracker.domain.model.location.UnLocode,HandlingReportService uses UnLocode [2]
cargotracker.org.eclipse.cargotracker.interfaces.handling.rest.HandlingReportService,references,cargotracker.org.eclipse.cargotracker.domain.model.voyage.VoyageNumber,HandlingReportService uses VoyageNumber [2]
cargotracker.org.eclipse.cargotracker.interfaces.handling.rest.HandlingReportService,references,cargotracker.org.eclipse.cargotracker.interfaces.handling.HandlingEventRegistrationAttempt,HandlingReportService uses HandlingEventRegistrationAttempt [2]
cargotracker.org.eclipse.cargotracker.interfaces.handling.rest.HandlingReportService,has param,cargotracker.org.eclipse.cargotracker.interfaces.handling.rest.HandlingReport,HandlingReportService uses HandlingReport [6]
cargotracker.org.eclipse.cargotracker.interfaces.tracking.web.CargoTrackingViewAdapter,calls,cargotracker.org.eclipse.cargotracker.application.util.DateConverter,CargoTrackingViewAdapter uses DateConverter [2]
cargotracker.org.eclipse.cargotracker.interfaces.tracking.web.CargoTrackingViewAdapter,has param,cargotracker.org.eclipse.cargotracker.domain.model.cargo.Cargo,CargoTrackingViewAdapter uses Cargo [21]
cargotracker.org.eclipse.cargotracker.interfaces.tracking.web.CargoTrackingViewAdapter,references,cargotracker.org.eclipse.cargotracker.domain.model.cargo.Delivery,CargoTrackingViewAdapter uses Delivery [19]
cargotracker.org.eclipse.cargotracker.interfaces.tracking.web.CargoTrackingViewAdapter,references,cargotracker.org.eclipse.cargotracker.domain.model.cargo.HandlingActivity,CargoTrackingViewAdapter uses HandlingActivity [5]
cargotracker.org.eclipse.cargotracker.interfaces.tracking.web.CargoTrackingViewAdapter,references,cargotracker.org.eclipse.cargotracker.domain.model.cargo.Itinerary,CargoTrackingViewAdapter uses Itinerary [4]
cargotracker.org.eclipse.cargotracker.interfaces.tracking.web.CargoTrackingViewAdapter,references,cargotracker.org.eclipse.cargotracker.domain.model.cargo.RouteSpecification,CargoTrackingViewAdapter uses RouteSpecification [14]
cargotracker.org.eclipse.cargotracker.interfaces.tracking.web.CargoTrackingViewAdapter,references,cargotracker.org.eclipse.cargotracker.domain.model.cargo.TrackingId,CargoTrackingViewAdapter uses TrackingId [2]
cargotracker.org.eclipse.cargotracker.interfaces.tracking.web.CargoTrackingViewAdapter,uses inherited,cargotracker.org.eclipse.cargotracker.domain.model.cargo.TransportStatus,CargoTrackingViewAdapter uses TransportStatus [8]
cargotracker.org.eclipse.cargotracker.interfaces.tracking.web.CargoTrackingViewAdapter,has param,cargotracker.org.eclipse.cargotracker.domain.model.handling.HandlingEvent,CargoTrackingViewAdapter uses HandlingEvent [19]
cargotracker.org.eclipse.cargotracker.interfaces.tracking.web.CargoTrackingViewAdapter,references,cargotracker.org.eclipse.cargotracker.domain.model.location.Location,CargoTrackingViewAdapter uses Location [22]
cargotracker.org.eclipse.cargotracker.interfaces.tracking.web.CargoTrackingViewAdapter,references,cargotracker.org.eclipse.cargotracker.domain.model.location.UnLocode,CargoTrackingViewAdapter uses UnLocode [8]
cargotracker.org.eclipse.cargotracker.interfaces.tracking.web.CargoTrackingViewAdapter,references,cargotracker.org.eclipse.cargotracker.domain.model.voyage.Voyage,CargoTrackingViewAdapter uses Voyage [6]
cargotracker.org.eclipse.cargotracker.interfaces.tracking.web.CargoTrackingViewAdapter,references,cargotracker.org.eclipse.cargotracker.domain.model.voyage.VoyageNumber,CargoTrackingViewAdapter uses VoyageNumber [5]
cargotracker.org.eclipse.cargotracker.interfaces.tracking.web.CargoTrackingViewAdapter,returns,cargotracker.org.eclipse.cargotracker.interfaces.Coordinates,CargoTrackingViewAdapter uses Coordinates [3]
cargotracker.org.eclipse.cargotracker.interfaces.tracking.web.CargoTrackingViewAdapter,calls,cargotracker.org.eclipse.cargotracker.interfaces.CoordinatesFactory,CargoTrackingViewAdapter uses CoordinatesFactory [3]
cargotracker.org.eclipse.cargotracker.interfaces.tracking.web.Track,references,cargotracker.org.eclipse.cargotracker.domain.model.cargo.Cargo,Track uses Cargo [1]
cargotracker.org.eclipse.cargotracker.interfaces.tracking.web.Track,calls,cargotracker.org.eclipse.cargotracker.domain.model.cargo.CargoRepository,Track uses CargoRepository [2]
cargotracker.org.eclipse.cargotracker.interfaces.tracking.web.Track,references,cargotracker.org.eclipse.cargotracker.domain.model.cargo.TrackingId,Track uses TrackingId [2]
cargotracker.org.eclipse.cargotracker.interfaces.tracking.web.Track,calls,cargotracker.org.eclipse.cargotracker.domain.model.handling.HandlingEventRepository,Track uses HandlingEventRepository [2]
cargotracker.org.eclipse.cargotracker.interfaces.tracking.web.Track,references,cargotracker.org.eclipse.cargotracker.domain.model.handling.HandlingHistory,Track uses HandlingHistory [2]
cargotracker.org.eclipse.cargotracker.interfaces.tracking.web.Track,returns,cargotracker.org.eclipse.cargotracker.interfaces.tracking.web.CargoTrackingViewAdapter,Track uses CargoTrackingViewAdapter [4]
cargotracker.org.eclipse.pathfinder.api.GraphTraversalService,references,cargotracker.org.eclipse.pathfinder.api.TransitEdge,GraphTraversalService uses TransitEdge [2]
cargotracker.org.eclipse.pathfinder.api.GraphTraversalService,references,cargotracker.org.eclipse.pathfinder.api.TransitPath,GraphTraversalService uses TransitPath [2]
cargotracker.org.eclipse.pathfinder.api.GraphTraversalService,calls,cargotracker.org.eclipse.pathfinder.internal.GraphDao,GraphTraversalService uses GraphDao [3]
cargotracker.org.eclipse.pathfinder.api.TransitPath,references,cargotracker.org.eclipse.pathfinder.api.TransitEdge,TransitPath uses TransitEdge [4]