junit-4___10.org.junit.runners.BlockJUnit4ClassRunner,references,junit-4___10.org.junit.runners.model.TestClass,BlockJUnit4ClassRunner uses TestClass [23]
junit-4___10.org.junit.runners.BlockJUnit4ClassRunner,has param,junit-4___10.org.junit.runners.model.FrameworkMethod,BlockJUnit4ClassRunner uses FrameworkMethod [22]
junit-4___10.org.junit.runner.notification.RunNotifier,has param,junit-4___10.org.junit.runner.notification.RunListener,RunNotifier uses RunListener [20]
junit-4___10.org.junit.internal.runners.JUnit38ClassRunner,returns,junit-4___10.junit.framework.Test,JUnit38ClassRunner uses Test [19]
junit-4___10.org.junit.experimental.max.MaxHistory,has param,junit-4___10.org.junit.runner.Description,MaxHistory uses Description [19]
junit-4___10.org.junit.experimental.categories.Categories,returns,junit-4___10.org.junit.runner.Description,Categories uses Description [18]
junit-4___10.junit.framework.TestSuite,implements,junit-4___10.junit.framework.Test,TestSuite uses Test [17]
junit-4___10.org.junit.experimental.theories.Theories,has param,junit-4___10.org.junit.runners.model.FrameworkMethod,Theories uses FrameworkMethod [17]
junit-4___10.org.junit.experimental.theories.Theories,has param,junit-4___10.org.junit.experimental.theories.internal.Assignments,Theories uses Assignments [17]
junit-4___10.org.junit.runners.BlockJUnit4ClassRunner,extends,junit-4___10.org.junit.runners.ParentRunner,BlockJUnit4ClassRunner uses ParentRunner [17]
junit-4___10.org.junit.experimental.max.MaxCore,extends,junit-4___10.org.junit.runner.Request,MaxCore uses Request [16]
junit-4___10.org.junit.internal.runners.JUnit4ClassRunner,returns,junit-4___10.org.junit.internal.runners.TestClass,JUnit4ClassRunner uses TestClass [15]
junit-4___10.org.junit.internal.runners.JUnit38ClassRunner,has param,junit-4___10.junit.framework.TestSuite,JUnit38ClassRunner uses TestSuite [15]
junit-4___10.org.junit.runner.notification.RunNotifier,has param,junit-4___10.org.junit.runner.Description,RunNotifier uses Description [14]
junit-4___10.org.junit.experimental.theories.internal.Assignments,has param,junit-4___10.org.junit.experimental.theories.PotentialAssignment,Assignments uses PotentialAssignment [14]
junit-4___10.org.junit.experimental.theories.Theories,extends,junit-4___10.org.junit.runners.model.Statement,Theories uses Statement [14]
junit-4___10.org.junit.runner.JUnitCore,returns,junit-4___10.org.junit.runner.Result,JUnitCore uses Result [13]
junit-4___10.org.junit.experimental.theories.Theories,returns,junit-4___10.org.junit.runners.model.TestClass,Theories uses TestClass [13]
junit-4___10.org.junit.internal.runners.rules.RuleFieldValidator,has param,junit-4___10.org.junit.runners.model.FrameworkField,RuleFieldValidator uses FrameworkField [13]
junit-4___10.org.junit.experimental.max.MaxCore,has param,junit-4___10.org.junit.runner.Description,MaxCore uses Description [13]
junit-4___10.junit.framework.JUnit4TestAdapterCache,has param,junit-4___10.org.junit.runner.Description,JUnit4TestAdapterCache uses Description [13]
junit-4___10.org.junit.runners.ParentRunner,returns,junit-4___10.org.junit.runners.model.TestClass,ParentRunner uses TestClass [12]
junit-4___10.org.junit.internal.runners.JUnit38ClassRunner,returns,junit-4___10.org.junit.runner.Description,JUnit38ClassRunner uses Description [12]
junit-4___10.junit.textui.TestRunner,returns,junit-4___10.junit.framework.TestResult,TestRunner uses TestResult [12]
junit-4___10.junit.textui.ResultPrinter,has param,junit-4___10.junit.framework.TestResult,ResultPrinter uses TestResult [12]
junit-4___10.junit.framework.TestResult,has param,junit-4___10.junit.framework.TestListener,TestResult uses TestListener [12]
junit-4___10.org.junit.experimental.theories.internal.AllMembersSupplier,extends,junit-4___10.org.junit.experimental.theories.PotentialAssignment,AllMembersSupplier uses PotentialAssignment [12]
junit-4___10.org.junit.runners.Suite,returns,junit-4___10.org.junit.runner.Runner,Suite uses Runner [11]
junit-4___10.org.junit.runners.ParentRunner,extends,junit-4___10.org.junit.runners.model.Statement,ParentRunner uses Statement [11]
junit-4___10.org.junit.runners.BlockJUnit4ClassRunner,returns,junit-4___10.org.junit.runners.model.Statement,BlockJUnit4ClassRunner uses Statement [10]
junit-4___10.org.junit.internal.runners.JUnit4ClassRunner,returns,junit-4___10.org.junit.runner.Description,JUnit4ClassRunner uses Description [10]
junit-4___10.org.junit.experimental.theories.internal.Assignments,returns,junit-4___10.org.junit.experimental.theories.ParameterSignature,Assignments uses ParameterSignature [10]
junit-4___10.junit.framework.JUnit4TestAdapter,returns,junit-4___10.org.junit.runner.Description,JUnit4TestAdapter uses Description [10]
junit-4___10.org.junit.runners.ParentRunner,references,junit-4___10.org.junit.internal.runners.model.EachTestNotifier,ParentRunner uses EachTestNotifier [10]
junit-4___10.org.junit.runners.ParentRunner,has param,junit-4___10.org.junit.runner.notification.RunNotifier,ParentRunner uses RunNotifier [10]
junit-4___10.org.junit.runners.Parameterized,has param,junit-4___10.org.junit.runners.model.TestClass,Parameterized uses TestClass [10]
junit-4___10.org.junit.runners.BlockJUnit4ClassRunner,has param,junit-4___10.org.junit.Test,BlockJUnit4ClassRunner uses Test [10]
junit-4___10.org.junit.runner.manipulation.Filter,has param,junit-4___10.org.junit.runner.Description,Filter uses Description [10]
junit-4___10.org.junit.internal.runners.MethodRoadie,has param,junit-4___10.org.junit.internal.runners.TestMethod,MethodRoadie uses TestMethod [10]
junit-4___10.org.junit.experimental.theories.internal.AllMembersSupplier,has param,junit-4___10.org.junit.runners.model.FrameworkMethod,AllMembersSupplier uses FrameworkMethod [10]
junit-4___10.org.junit.Assert,throws,junit-4___10.org.junit.internal.ArrayComparisonFailure,Assert uses ArrayComparisonFailure [9]
junit-4___10.org.junit.runners.ParentRunner,returns,junit-4___10.org.junit.runner.Description,ParentRunner uses Description [9]
junit-4___10.org.junit.runner.JUnitCore,references,junit-4___10.org.junit.runner.notification.RunNotifier,JUnitCore uses RunNotifier [9]
junit-4___10.org.junit.internal.runners.JUnit4ClassRunner,has param,junit-4___10.org.junit.runner.notification.RunNotifier,JUnit4ClassRunner uses RunNotifier [9]
junit-4___10.junit.textui.TestRunner,has param,junit-4___10.junit.framework.Test,TestRunner uses Test [9]
junit-4___10.org.junit.runners.Suite,throws,junit-4___10.org.junit.runners.model.InitializationError,Suite uses InitializationError [8]
junit-4___10.org.junit.runners.Parameterized,returns,junit-4___10.org.junit.runners.model.FrameworkMethod,Parameterized uses FrameworkMethod [8]
junit-4___10.junit.framework.TestResult,references,junit-4___10.junit.framework.TestFailure,TestResult uses TestFailure [8]
junit-4___10.org.junit.runner.notification.RunNotifier,has param,junit-4___10.org.junit.runner.notification.Failure,RunNotifier uses Failure [8]
junit-4___10.org.junit.runner.manipulation.Sorter,has param,junit-4___10.org.junit.runner.Description,Sorter uses Description [8]
junit-4___10.org.junit.internal.runners.JUnit38ClassRunner,has param,junit-4___10.org.junit.runner.notification.RunNotifier,JUnit38ClassRunner uses RunNotifier [8]
junit-4___10.org.junit.internal.TextListener,has param,junit-4___10.org.junit.runner.Result,TextListener uses Result [8]
junit-4___10.org.junit.experimental.results.ResultMatchers,has param,junit-4___10.org.junit.experimental.results.PrintableResult,ResultMatchers uses PrintableResult [8]
junit-4___10.org.junit.internal.runners.statements.FailOnTimeout,extends,junit-4___10.org.junit.runners.model.Statement,FailOnTimeout uses Statement [8]
junit-4___10.org.junit.experimental.theories.Theories,extends,junit-4___10.org.junit.runners.BlockJUnit4ClassRunner,Theories uses BlockJUnit4ClassRunner [8]
junit-4___10.junit.framework.TestSuite,extends,junit-4___10.junit.framework.TestCase,TestSuite uses TestCase [8]
junit-4___10.junit.framework.JUnit4TestAdapterCache,returns,junit-4___10.junit.framework.Test,JUnit4TestAdapterCache uses Test [7]
junit-4___10.org.junit.rules.RuleChain,implements,junit-4___10.org.junit.rules.TestRule,RuleChain uses TestRule [7]
junit-4___10.org.junit.rules.TestWatchman,has param,junit-4___10.org.junit.runners.model.FrameworkMethod,TestWatchman uses FrameworkMethod [7]
junit-4___10.org.junit.rules.TestWatcher,has param,junit-4___10.org.junit.runner.Description,TestWatcher uses Description [7]
junit-4___10.org.junit.internal.runners.model.EachTestNotifier,has param,junit-4___10.org.junit.runner.notification.RunNotifier,EachTestNotifier uses RunNotifier [7]
junit-4___10.org.junit.internal.runners.model.EachTestNotifier,has param,junit-4___10.org.junit.runner.Description,EachTestNotifier uses Description [7]
junit-4___10.org.junit.experimental.theories.internal.Assignments,has param,junit-4___10.org.junit.runners.model.TestClass,Assignments uses TestClass [7]
junit-4___10.junit.textui.TestRunner,has param,junit-4___10.junit.textui.ResultPrinter,TestRunner uses ResultPrinter [7]
junit-4___10.junit.framework.TestResult,has param,junit-4___10.junit.framework.Test,TestResult uses Test [7]
junit-4___10.org.junit.runner.Computer,extends,junit-4___10.org.junit.runners.model.RunnerBuilder,Computer uses RunnerBuilder [7]
junit-4___10.junit.extensions.ActiveTestSuite,extends,junit-4___10.junit.framework.TestSuite,ActiveTestSuite uses TestSuite [7]
junit-4___10.org.junit.runner.Request,returns,junit-4___10.org.junit.runner.Runner,Request uses Runner [6]
junit-4___10.org.junit.runner.JUnitCore,returns,junit-4___10.org.junit.runner.Computer,JUnitCore uses Computer [6]
junit-4___10.org.junit.internal.runners.ErrorReportingRunner,returns,junit-4___10.org.junit.runner.Description,ErrorReportingRunner uses Description [6]
junit-4___10.org.junit.experimental.max.MaxCore,returns,junit-4___10.org.junit.runner.Runner,MaxCore uses Runner [6]
junit-4___10.junit.runner.BaseTestRunner,returns,junit-4___10.junit.framework.Test,BaseTestRunner uses Test [6]
junit-4___10.org.junit.runners.model.TestClass,references,junit-4___10.org.junit.runners.model.FrameworkField,TestClass uses FrameworkField [6]
junit-4___10.junit.extensions.TestDecorator,implements,junit-4___10.junit.framework.Test,TestDecorator uses Test [6]
junit-4___10.org.junit.runners.Suite,has param,junit-4___10.org.junit.runners.model.RunnerBuilder,Suite uses RunnerBuilder [6]
junit-4___10.org.junit.runners.ParentRunner,has param,junit-4___10.org.junit.runner.manipulation.Sorter,ParentRunner uses Sorter [6]
junit-4___10.org.junit.runner.JUnitCore,has param,junit-4___10.org.junit.runner.Request,JUnitCore uses Request [6]
junit-4___10.org.junit.internal.runners.MethodRoadie,has param,junit-4___10.org.junit.runner.notification.RunNotifier,MethodRoadie uses RunNotifier [6]
junit-4___10.org.junit.experimental.theories.internal.AllMembersSupplier,has param,junit-4___10.org.junit.experimental.theories.ParameterSignature,AllMembersSupplier uses ParameterSignature [6]
junit-4___10.org.junit.experimental.results.PrintableResult,has param,junit-4___10.org.junit.runner.Result,PrintableResult uses Result [6]
junit-4___10.junit.textui.ResultPrinter,has param,junit-4___10.junit.framework.TestFailure,ResultPrinter uses TestFailure [6]
junit-4___10.junit.framework.JUnit4TestAdapter,has param,junit-4___10.junit.framework.JUnit4TestAdapterCache,JUnit4TestAdapter uses JUnit4TestAdapterCache [6]
junit-4___10.org.junit.rules.RunRules,extends,junit-4___10.org.junit.runners.model.Statement,RunRules uses Statement [6]
junit-4___10.org.junit.rules.ExternalResource,extends,junit-4___10.org.junit.runners.model.Statement,ExternalResource uses Statement [6]
junit-4___10.org.junit.rules.ExpectedException,extends,junit-4___10.org.junit.runners.model.Statement,ExpectedException uses Statement [6]
junit-4___10.org.junit.internal.builders.AllDefaultPossibilitiesBuilder,extends,junit-4___10.org.junit.runners.model.RunnerBuilder,AllDefaultPossibilitiesBuilder uses RunnerBuilder [6]
junit-4___10.org.junit.experimental.ParallelComputer,extends,junit-4___10.org.junit.runner.Computer,ParallelComputer uses Computer [6]
junit-4___10.org.junit.experimental.categories.Categories,throws,junit-4___10.org.junit.runners.model.InitializationError,Categories uses InitializationError [5]
junit-4___10.org.junit.runners.model.RunnerBuilder,returns,junit-4___10.org.junit.runner.Runner,RunnerBuilder uses Runner [5]
junit-4___10.org.junit.runners.BlockJUnit4ClassRunner,returns,junit-4___10.org.junit.runner.Description,BlockJUnit4ClassRunner uses Description [5]
junit-4___10.junit.framework.TestCase,returns,junit-4___10.junit.framework.TestResult,TestCase uses TestResult [5]
junit-4___10.junit.framework.JUnit4TestCaseFacade,returns,junit-4___10.org.junit.runner.Description,JUnit4TestCaseFacade uses Description [5]
junit-4___10.org.junit.internal.runners.TestMethod,references,junit-4___10.org.junit.Test,TestMethod uses Test [5]
junit-4___10.org.junit.internal.runners.JUnit38ClassRunner,references,junit-4___10.junit.framework.TestCase,JUnit38ClassRunner uses TestCase [5]
junit-4___10.org.junit.experimental.max.MaxCore,references,junit-4___10.org.junit.experimental.max.MaxHistory,MaxCore uses MaxHistory [5]
junit-4___10.junit.framework.JUnit4TestAdapter,references,junit-4___10.org.junit.runner.Runner,JUnit4TestAdapter uses Runner [5]
junit-4___10.org.junit.runners.ParentRunner,implements,junit-4___10.org.junit.runners.model.RunnerScheduler,ParentRunner uses RunnerScheduler [5]
junit-4___10.org.junit.runner.JUnitCore,has param,junit-4___10.org.junit.runner.Runner,JUnitCore uses Runner [5]
junit-4___10.org.junit.runner.JUnitCore,has param,junit-4___10.org.junit.internal.JUnitSystem,JUnitCore uses JUnitSystem [5]
junit-4___10.org.junit.internal.runners.MethodValidator,has param,junit-4___10.org.junit.internal.runners.TestClass,MethodValidator uses TestClass [5]
junit-4___10.org.junit.internal.runners.ErrorReportingRunner,has param,junit-4___10.org.junit.runner.notification.RunNotifier,ErrorReportingRunner uses RunNotifier [5]
junit-4___10.org.junit.internal.requests.FilterRequest,has param,junit-4___10.org.junit.runner.manipulation.Filter,FilterRequest uses Filter [5]
junit-4___10.org.junit.internal.TextListener,has param,junit-4___10.org.junit.runner.notification.Failure,TextListener uses Failure [5]
junit-4___10.org.junit.experimental.theories.internal.AllMembersSupplier,has param,junit-4___10.org.junit.runners.model.TestClass,AllMembersSupplier uses TestClass [5]
junit-4___10.org.junit.experimental.max.MaxCore,has param,junit-4___10.org.junit.runner.JUnitCore,MaxCore uses JUnitCore [5]
junit-4___10.junit.textui.ResultPrinter,has param,junit-4___10.junit.framework.Test,ResultPrinter uses Test [5]
junit-4___10.junit.framework.JUnit4TestAdapterCache,has param,junit-4___10.junit.framework.TestResult,JUnit4TestAdapterCache uses TestResult [5]
junit-4___10.org.junit.rules.Verifier,extends,junit-4___10.org.junit.runners.model.Statement,Verifier uses Statement [5]
junit-4___10.org.junit.rules.TestWatchman,extends,junit-4___10.org.junit.runners.model.Statement,TestWatchman uses Statement [5]
junit-4___10.org.junit.rules.TestWatcher,extends,junit-4___10.org.junit.runners.model.Statement,TestWatcher uses Statement [5]
junit-4___10.org.junit.internal.runners.statements.RunBefores,extends,junit-4___10.org.junit.runners.model.Statement,RunBefores uses Statement [5]
junit-4___10.org.junit.internal.runners.statements.RunAfters,extends,junit-4___10.org.junit.runners.model.Statement,RunAfters uses Statement [5]
junit-4___10.org.junit.internal.runners.statements.ExpectException,extends,junit-4___10.org.junit.runners.model.Statement,ExpectException uses Statement [5]
junit-4___10.org.junit.internal.requests.SortingRequest,extends,junit-4___10.org.junit.runner.Request,SortingRequest uses Request [5]
junit-4___10.org.junit.internal.requests.FilterRequest,extends,junit-4___10.org.junit.runner.Request,FilterRequest uses Request [5]
junit-4___10.org.junit.internal.builders.AnnotatedBuilder,extends,junit-4___10.org.junit.runners.model.RunnerBuilder,AnnotatedBuilder uses RunnerBuilder [5]
junit-4___10.junit.textui.TestRunner,extends,junit-4___10.junit.runner.BaseTestRunner,TestRunner uses BaseTestRunner [5]
junit-4___10.junit.framework.TestCase,extends,junit-4___10.junit.framework.Assert,TestCase uses Assert [5]
junit-4___10.junit.extensions.RepeatedTest,extends,junit-4___10.junit.extensions.TestDecorator,RepeatedTest uses TestDecorator [5]
junit-4___10.org.junit.runners.model.RunnerBuilder,throws,junit-4___10.org.junit.runners.model.InitializationError,RunnerBuilder uses InitializationError [4]
junit-4___10.org.junit.runner.notification.Failure,returns,junit-4___10.org.junit.runner.Description,Failure uses Description [4]
junit-4___10.org.junit.matchers.JUnitMatchers,returns,junit-4___10.org.junit.internal.matchers.CombinableMatcher,JUnitMatchers uses CombinableMatcher [4]
junit-4___10.org.junit.experimental.theories.internal.Assignments,returns,junit-4___10.org.junit.experimental.theories.ParameterSupplier,Assignments uses ParameterSupplier [4]
junit-4___10.org.junit.runners.model.TestClass,references,junit-4___10.org.junit.runners.model.FrameworkMethod,TestClass uses FrameworkMethod [4]
junit-4___10.org.junit.runners.BlockJUnit4ClassRunner,references,junit-4___10.org.junit.rules.MethodRule,BlockJUnit4ClassRunner uses MethodRule [4]
junit-4___10.org.junit.runner.Request,references,junit-4___10.org.junit.internal.requests.ClassRequest,Request uses ClassRequest [4]
junit-4___10.org.junit.internal.runners.statements.RunBefores,references,junit-4___10.org.junit.runners.model.FrameworkMethod,RunBefores uses FrameworkMethod [4]
junit-4___10.org.junit.internal.runners.statements.RunAfters,references,junit-4___10.org.junit.runners.model.FrameworkMethod,RunAfters uses FrameworkMethod [4]
junit-4___10.org.junit.internal.runners.model.EachTestNotifier,references,junit-4___10.org.junit.runner.notification.Failure,EachTestNotifier uses Failure [4]
junit-4___10.org.junit.internal.runners.JUnit4ClassRunner,references,junit-4___10.org.junit.internal.runners.MethodValidator,JUnit4ClassRunner uses MethodValidator [4]
junit-4___10.org.junit.internal.runners.JUnit38ClassRunner,references,junit-4___10.org.junit.runner.Describable,JUnit38ClassRunner uses Describable [4]
junit-4___10.org.junit.experimental.theories.Theories,references,junit-4___10.org.junit.experimental.theories.Theory,Theories uses Theory [4]
junit-4___10.org.junit.Assert,references,junit-4___10.org.junit.internal.InexactComparisonCriteria,Assert uses InexactComparisonCriteria [4]
junit-4___10.junit.framework.TestResult,implements,junit-4___10.junit.framework.Protectable,TestResult uses Protectable [4]
junit-4___10.org.junit.runners.model.TestClass,has param,junit-4___10.org.junit.runners.model.FrameworkMember,TestClass uses FrameworkMember [4]
junit-4___10.org.junit.runners.ParentRunner,has param,junit-4___10.org.junit.runner.manipulation.Filter,ParentRunner uses Filter [4]
junit-4___10.org.junit.runner.notification.RunListener,has param,junit-4___10.org.junit.runner.Description,RunListener uses Description [4]
junit-4___10.org.junit.runner.Result,has param,junit-4___10.org.junit.runner.notification.Failure,Result uses Failure [4]
junit-4___10.org.junit.runner.Request,has param,junit-4___10.org.junit.runner.Description,Request uses Description [4]
junit-4___10.org.junit.runner.JUnitCore,has param,junit-4___10.org.junit.runner.notification.RunListener,JUnitCore uses RunListener [4]
junit-4___10.org.junit.internal.runners.TestMethod,has param,junit-4___10.org.junit.internal.runners.TestClass,TestMethod uses TestClass [4]
junit-4___10.org.junit.internal.runners.MethodRoadie,has param,junit-4___10.org.junit.runner.Description,MethodRoadie uses Description [4]
junit-4___10.org.junit.internal.runners.ClassRoadie,has param,junit-4___10.org.junit.internal.runners.TestClass,ClassRoadie uses TestClass [4]
junit-4___10.junit.framework.TestListener,has param,junit-4___10.junit.framework.Test,TestListener uses Test [4]
junit-4___10.junit.extensions.TestSetup,has param,junit-4___10.junit.framework.TestResult,TestSetup uses TestResult [4]
junit-4___10.junit.extensions.ActiveTestSuite,has param,junit-4___10.junit.framework.TestResult,ActiveTestSuite uses TestResult [4]
junit-4___10.org.junit.runners.Parameterized,calls,junit-4___10.org.junit.runners.ParentRunner,Parameterized uses ParentRunner [4]
junit-4___10.org.junit.matchers.JUnitMatchers,calls,junit-4___10.org.junit.internal.matchers.IsCollectionContaining,JUnitMatchers uses IsCollectionContaining [4]
junit-4___10.org.junit.experimental.theories.Theories,calls,junit-4___10.org.junit.runners.ParentRunner,Theories uses ParentRunner [4]
junit-4___10.org.junit.runners.ParentRunner,throws,junit-4___10.org.junit.runners.model.InitializationError,ParentRunner uses InitializationError [3]
junit-4___10.org.junit.internal.runners.MethodRoadie,throws,junit-4___10.org.junit.internal.runners.FailedBefore,MethodRoadie uses FailedBefore [3]
junit-4___10.org.junit.internal.runners.ClassRoadie,throws,junit-4___10.org.junit.internal.runners.FailedBefore,ClassRoadie uses FailedBefore [3]
junit-4___10.org.junit.internal.ComparisonCriteria,throws,junit-4___10.org.junit.internal.ArrayComparisonFailure,ComparisonCriteria uses ArrayComparisonFailure [3]
junit-4___10.org.junit.experimental.max.MaxHistory,throws,junit-4___10.org.junit.experimental.max.CouldNotReadCoreException,MaxHistory uses CouldNotReadCoreException [3]
junit-4___10.org.junit.runner.Runner,returns,junit-4___10.org.junit.runner.Description,Runner uses Description [3]
junit-4___10.org.junit.runner.Computer,returns,junit-4___10.org.junit.runner.Runner,Computer uses Runner [3]
junit-4___10.org.junit.internal.runners.JUnit4ClassRunner,returns,junit-4___10.org.junit.internal.runners.TestMethod,JUnit4ClassRunner uses TestMethod [3]
junit-4___10.org.junit.internal.builders.IgnoredClassRunner,returns,junit-4___10.org.junit.runner.Description,IgnoredClassRunner uses Description [3]
junit-4___10.org.junit.internal.builders.AllDefaultPossibilitiesBuilder,returns,junit-4___10.org.junit.internal.builders.JUnit4Builder,AllDefaultPossibilitiesBuilder uses JUnit4Builder [3]
junit-4___10.org.junit.internal.builders.AllDefaultPossibilitiesBuilder,returns,junit-4___10.org.junit.internal.builders.JUnit3Builder,AllDefaultPossibilitiesBuilder uses JUnit3Builder [3]
junit-4___10.org.junit.internal.builders.AllDefaultPossibilitiesBuilder,returns,junit-4___10.org.junit.internal.builders.IgnoredBuilder,AllDefaultPossibilitiesBuilder uses IgnoredBuilder [3]
junit-4___10.org.junit.internal.builders.AllDefaultPossibilitiesBuilder,returns,junit-4___10.org.junit.internal.builders.AnnotatedBuilder,AllDefaultPossibilitiesBuilder uses AnnotatedBuilder [3]
junit-4___10.org.junit.experimental.results.FailureList,returns,junit-4___10.org.junit.runner.Result,FailureList uses Result [3]
junit-4___10.org.junit.experimental.max.MaxCore,returns,junit-4___10.org.junit.runner.Result,MaxCore uses Result [3]
junit-4___10.org.junit.experimental.ParallelComputer,returns,junit-4___10.org.junit.runner.Runner,ParallelComputer uses Runner [3]
junit-4___10.junit.framework.TestFailure,returns,junit-4___10.junit.framework.Test,TestFailure uses Test [3]
junit-4___10.junit.framework.JUnit4TestAdapterCache,returns,junit-4___10.org.junit.runner.notification.RunNotifier,JUnit4TestAdapterCache uses RunNotifier [3]
junit-4___10.org.junit.runners.model.FrameworkMethod,references,junit-4___10.org.junit.runners.model.NoGenericTypeParametersValidator,FrameworkMethod uses NoGenericTypeParametersValidator [3]
junit-4___10.org.junit.runner.JUnitCore,references,junit-4___10.org.junit.runner.Description,JUnitCore uses Description [3]
junit-4___10.org.junit.rules.RunRules,references,junit-4___10.org.junit.rules.TestRule,RunRules uses TestRule [3]
junit-4___10.org.junit.internal.runners.JUnit4ClassRunner,references,junit-4___10.org.junit.internal.runners.MethodRoadie,JUnit4ClassRunner uses MethodRoadie [3]
junit-4___10.org.junit.internal.runners.JUnit4ClassRunner,references,junit-4___10.org.junit.internal.runners.ClassRoadie,JUnit4ClassRunner uses ClassRoadie [3]
junit-4___10.org.junit.internal.runners.JUnit38ClassRunner,references,junit-4___10.junit.framework.TestResult,JUnit38ClassRunner uses TestResult [3]
junit-4___10.org.junit.internal.requests.SortingRequest,references,junit-4___10.org.junit.runner.manipulation.Sorter,SortingRequest uses Sorter [3]
junit-4___10.org.junit.experimental.results.PrintableResult,references,junit-4___10.org.junit.runner.JUnitCore,PrintableResult uses JUnitCore [3]
junit-4___10.org.junit.experimental.results.PrintableResult,references,junit-4___10.org.junit.internal.TextListener,PrintableResult uses TextListener [3]
junit-4___10.org.junit.experimental.results.PrintableResult,references,junit-4___10.org.junit.experimental.results.FailureList,PrintableResult uses FailureList [3]
junit-4___10.org.junit.experimental.results.FailureList,references,junit-4___10.org.junit.runner.notification.Failure,FailureList uses Failure [3]
junit-4___10.org.junit.experimental.categories.Categories,references,junit-4___10.org.junit.experimental.categories.Category,Categories uses Category [3]
junit-4___10.junit.textui.TestRunner,references,junit-4___10.junit.framework.TestSuite,TestRunner uses TestSuite [3]
junit-4___10.junit.framework.JUnit4TestAdapterCache,references,junit-4___10.junit.framework.TestSuite,JUnit4TestAdapterCache uses TestSuite [3]
junit-4___10.junit.framework.JUnit4TestAdapter,references,junit-4___10.org.junit.runner.Request,JUnit4TestAdapter uses Request [3]
junit-4___10.junit.framework.ComparisonFailure,references,junit-4___10.junit.framework.ComparisonCompactor,ComparisonFailure uses ComparisonCompactor [3]
junit-4___10.junit.framework.Assert,references,junit-4___10.junit.framework.AssertionFailedError,Assert uses AssertionFailedError [3]
junit-4___10.org.junit.internal.runners.JUnit38ClassRunner,implements,junit-4___10.org.junit.runner.manipulation.Sortable,JUnit38ClassRunner uses Sortable [3]
junit-4___10.org.junit.internal.runners.JUnit38ClassRunner,implements,junit-4___10.org.junit.runner.manipulation.Filterable,JUnit38ClassRunner uses Filterable [3]
junit-4___10.org.junit.internal.runners.JUnit38ClassRunner,implements,junit-4___10.junit.framework.TestListener,JUnit38ClassRunner uses TestListener [3]
junit-4___10.org.junit.runners.BlockJUnit4ClassRunner,has param,junit-4___10.org.junit.runner.notification.RunNotifier,BlockJUnit4ClassRunner uses RunNotifier [3]
junit-4___10.org.junit.runner.notification.RunNotifier,has param,junit-4___10.org.junit.runner.Result,RunNotifier uses Result [3]
junit-4___10.org.junit.runner.Result,has param,junit-4___10.org.junit.runner.Description,Result uses Description [3]
junit-4___10.org.junit.runner.Request,has param,junit-4___10.org.junit.runner.manipulation.Filter,Request uses Filter [3]
junit-4___10.org.junit.runner.Request,has param,junit-4___10.org.junit.runner.Computer,Request uses Computer [3]
junit-4___10.org.junit.internal.runners.statements.InvokeMethod,has param,junit-4___10.org.junit.runners.model.FrameworkMethod,InvokeMethod uses FrameworkMethod [3]
junit-4___10.org.junit.internal.runners.model.EachTestNotifier,has param,junit-4___10.org.junit.runners.model.MultipleFailureException,EachTestNotifier uses MultipleFailureException [3]
junit-4___10.org.junit.internal.runners.JUnit4ClassRunner,has param,junit-4___10.org.junit.runner.manipulation.Sorter,JUnit4ClassRunner uses Sorter [3]
junit-4___10.org.junit.internal.runners.ClassRoadie,has param,junit-4___10.org.junit.runner.notification.RunNotifier,ClassRoadie uses RunNotifier [3]
junit-4___10.org.junit.internal.runners.ClassRoadie,has param,junit-4___10.org.junit.runner.Description,ClassRoadie uses Description [3]
junit-4___10.org.junit.experimental.theories.Theories,has param,junit-4___10.org.junit.internal.AssumptionViolatedException,Theories uses AssumptionViolatedException [3]
junit-4___10.org.junit.experimental.results.PrintableResult,has param,junit-4___10.org.junit.runner.Request,PrintableResult uses Request [3]
junit-4___10.junit.framework.TestSuite,has param,junit-4___10.junit.framework.TestResult,TestSuite uses TestResult [3]
junit-4___10.junit.framework.TestResult,has param,junit-4___10.junit.framework.TestCase,TestResult uses TestCase [3]
junit-4___10.junit.framework.JUnit4TestAdapterCache,has param,junit-4___10.org.junit.runner.notification.Failure,JUnit4TestAdapterCache uses Failure [3]
junit-4___10.junit.extensions.ActiveTestSuite,has param,junit-4___10.junit.framework.Test,ActiveTestSuite uses Test [3]
junit-4___10.org.junit.runners.model.FrameworkMethod,extends,junit-4___10.org.junit.runners.model.FrameworkMember,FrameworkMethod uses FrameworkMember [3]
junit-4___10.org.junit.runners.model.FrameworkMethod,extends,junit-4___10.org.junit.internal.runners.model.ReflectiveCallable,FrameworkMethod uses ReflectiveCallable [3]
junit-4___10.org.junit.runners.model.FrameworkField,extends,junit-4___10.org.junit.runners.model.FrameworkMember,FrameworkField uses FrameworkMember [3]
junit-4___10.org.junit.runners.Parameterized,extends,junit-4___10.org.junit.runners.BlockJUnit4ClassRunner,Parameterized uses BlockJUnit4ClassRunner [3]
junit-4___10.org.junit.runners.BlockJUnit4ClassRunner,extends,junit-4___10.org.junit.internal.runners.model.ReflectiveCallable,BlockJUnit4ClassRunner uses ReflectiveCallable [3]
junit-4___10.org.junit.runner.Result,extends,junit-4___10.org.junit.runner.notification.RunListener,Result uses RunListener [3]
junit-4___10.org.junit.internal.matchers.StringContains,extends,junit-4___10.org.junit.internal.matchers.SubstringMatcher,StringContains uses SubstringMatcher [3]
junit-4___10.org.junit.experimental.max.MaxHistory,extends,junit-4___10.org.junit.runner.notification.RunListener,MaxHistory uses RunListener [3]
junit-4___10.org.junit.experimental.max.MaxCore,extends,junit-4___10.org.junit.runners.Suite,MaxCore uses Suite [3]
junit-4___10.org.junit.experimental.categories.Categories,extends,junit-4___10.org.junit.runner.manipulation.Filter,Categories uses Filter [3]
junit-4___10.junit.framework.JUnit4TestAdapterCache,extends,junit-4___10.org.junit.runner.notification.RunListener,JUnit4TestAdapterCache uses RunListener [3]
junit-4___10.junit.extensions.TestSetup,extends,junit-4___10.junit.extensions.TestDecorator,TestSetup uses TestDecorator [3]
junit-4___10.org.junit.Assert,calls,junit-4___10.org.junit.internal.ComparisonCriteria,Assert uses ComparisonCriteria [3]
junit-4___10.org.junit.runners.ParentRunner,throws,junit-4___10.org.junit.runner.manipulation.NoTestsRemainException,ParentRunner uses NoTestsRemainException [2]
junit-4___10.org.junit.runner.notification.RunNotifier,throws,junit-4___10.org.junit.runner.notification.StoppedByUserException,RunNotifier uses StoppedByUserException [2]
junit-4___10.org.junit.runner.manipulation.Filter,throws,junit-4___10.org.junit.runner.manipulation.NoTestsRemainException,Filter uses NoTestsRemainException [2]
junit-4___10.org.junit.internal.runners.MethodValidator,throws,junit-4___10.org.junit.internal.runners.InitializationError,MethodValidator uses InitializationError [2]
junit-4___10.org.junit.internal.runners.JUnit4ClassRunner,throws,junit-4___10.org.junit.runner.manipulation.NoTestsRemainException,JUnit4ClassRunner uses NoTestsRemainException [2]
junit-4___10.org.junit.internal.runners.JUnit4ClassRunner,throws,junit-4___10.org.junit.internal.runners.InitializationError,JUnit4ClassRunner uses InitializationError [2]
junit-4___10.org.junit.experimental.theories.Theories,throws,junit-4___10.org.junit.runners.model.InitializationError,Theories uses InitializationError [2]
junit-4___10.org.junit.experimental.max.MaxCore,throws,junit-4___10.org.junit.runners.model.InitializationError,MaxCore uses InitializationError [2]
junit-4___10.org.junit.runners.Suite,returns,junit-4___10.org.junit.runner.Description,Suite uses Description [2]
junit-4___10.org.junit.internal.runners.SuiteMethod,returns,junit-4___10.junit.framework.Test,SuiteMethod uses Test [2]
junit-4___10.org.junit.internal.builders.AnnotatedBuilder,returns,junit-4___10.org.junit.runner.Runner,AnnotatedBuilder uses Runner [2]
junit-4___10.org.junit.runners.model.RunnerBuilder,references,junit-4___10.org.junit.internal.runners.ErrorReportingRunner,RunnerBuilder uses ErrorReportingRunner [2]
junit-4___10.org.junit.runners.model.MultipleFailureException,references,junit-4___10.org.junit.internal.runners.model.MultipleFailureException,MultipleFailureException uses MultipleFailureException [2]
junit-4___10.org.junit.runners.Suite,references,junit-4___10.org.junit.internal.builders.AllDefaultPossibilitiesBuilder,Suite uses AllDefaultPossibilitiesBuilder [2]
junit-4___10.org.junit.runners.ParentRunner,references,junit-4___10.org.junit.runners.model.FrameworkMethod,ParentRunner uses FrameworkMethod [2]
junit-4___10.org.junit.runners.ParentRunner,references,junit-4___10.org.junit.rules.RunRules,ParentRunner uses RunRules [2]
junit-4___10.org.junit.runners.ParentRunner,references,junit-4___10.org.junit.internal.runners.statements.RunBefores,ParentRunner uses RunBefores [2]
junit-4___10.org.junit.runners.ParentRunner,references,junit-4___10.org.junit.internal.runners.statements.RunAfters,ParentRunner uses RunAfters [2]
junit-4___10.org.junit.runners.ParentRunner,references,junit-4___10.org.junit.internal.runners.rules.RuleFieldValidator,ParentRunner uses RuleFieldValidator [2]
junit-4___10.org.junit.runners.ParentRunner,references,junit-4___10.org.junit.internal.AssumptionViolatedException,ParentRunner uses AssumptionViolatedException [2]
junit-4___10.org.junit.runners.ParentRunner,references,junit-4___10.org.junit.BeforeClass,ParentRunner uses BeforeClass [2]
junit-4___10.org.junit.runners.ParentRunner,references,junit-4___10.org.junit.AfterClass,ParentRunner uses AfterClass [2]
junit-4___10.org.junit.runners.Parameterized,references,junit-4___10.org.junit.runner.Runner,Parameterized uses Runner [2]
junit-4___10.org.junit.runners.BlockJUnit4ClassRunner,references,junit-4___10.org.junit.rules.RunRules,BlockJUnit4ClassRunner uses RunRules [2]
junit-4___10.org.junit.runners.BlockJUnit4ClassRunner,references,junit-4___10.org.junit.internal.runners.statements.RunBefores,BlockJUnit4ClassRunner uses RunBefores [2]
junit-4___10.org.junit.runners.BlockJUnit4ClassRunner,references,junit-4___10.org.junit.internal.runners.statements.RunAfters,BlockJUnit4ClassRunner uses RunAfters [2]
junit-4___10.org.junit.runners.BlockJUnit4ClassRunner,references,junit-4___10.org.junit.internal.runners.statements.InvokeMethod,BlockJUnit4ClassRunner uses InvokeMethod [2]
junit-4___10.org.junit.runners.BlockJUnit4ClassRunner,references,junit-4___10.org.junit.internal.runners.statements.FailOnTimeout,BlockJUnit4ClassRunner uses FailOnTimeout [2]
junit-4___10.org.junit.runners.BlockJUnit4ClassRunner,references,junit-4___10.org.junit.internal.runners.statements.Fail,BlockJUnit4ClassRunner uses Fail [2]
junit-4___10.org.junit.runners.BlockJUnit4ClassRunner,references,junit-4___10.org.junit.internal.runners.statements.ExpectException,BlockJUnit4ClassRunner uses ExpectException [2]
junit-4___10.org.junit.runners.BlockJUnit4ClassRunner,references,junit-4___10.org.junit.internal.runners.rules.RuleFieldValidator,BlockJUnit4ClassRunner uses RuleFieldValidator [2]
junit-4___10.org.junit.runners.BlockJUnit4ClassRunner,references,junit-4___10.org.junit.Rule,BlockJUnit4ClassRunner uses Rule [2]
junit-4___10.org.junit.runners.BlockJUnit4ClassRunner,references,junit-4___10.org.junit.Before,BlockJUnit4ClassRunner uses Before [2]
junit-4___10.org.junit.runners.BlockJUnit4ClassRunner,references,junit-4___10.org.junit.After,BlockJUnit4ClassRunner uses After [2]
junit-4___10.org.junit.runner.manipulation.Sorter,references,junit-4___10.org.junit.runner.manipulation.Sortable,Sorter uses Sortable [2]
junit-4___10.org.junit.runner.manipulation.Filter,references,junit-4___10.org.junit.runner.manipulation.Filterable,Filter uses Filterable [2]
junit-4___10.org.junit.runner.Request,references,junit-4___10.org.junit.internal.runners.ErrorReportingRunner,Request uses ErrorReportingRunner [2]
junit-4___10.org.junit.runner.Request,references,junit-4___10.org.junit.internal.requests.SortingRequest,Request uses SortingRequest [2]
junit-4___10.org.junit.runner.Request,references,junit-4___10.org.junit.internal.requests.FilterRequest,Request uses FilterRequest [2]
junit-4___10.org.junit.runner.Request,references,junit-4___10.org.junit.internal.builders.AllDefaultPossibilitiesBuilder,Request uses AllDefaultPossibilitiesBuilder [2]
junit-4___10.org.junit.runner.JUnitCore,references,junit-4___10.org.junit.runner.notification.Failure,JUnitCore uses Failure [2]
junit-4___10.org.junit.runner.JUnitCore,references,junit-4___10.org.junit.internal.runners.JUnit38ClassRunner,JUnitCore uses JUnit38ClassRunner [2]
junit-4___10.org.junit.runner.JUnitCore,references,junit-4___10.org.junit.internal.TextListener,JUnitCore uses TextListener [2]
junit-4___10.org.junit.runner.JUnitCore,references,junit-4___10.org.junit.internal.RealSystem,JUnitCore uses RealSystem [2]
junit-4___10.org.junit.runner.Computer,references,junit-4___10.org.junit.runners.Suite,Computer uses Suite [2]
junit-4___10.org.junit.rules.Timeout,references,junit-4___10.org.junit.internal.runners.statements.FailOnTimeout,Timeout uses FailOnTimeout [2]
junit-4___10.org.junit.rules.ExpectedException,references,junit-4___10.org.junit.internal.matchers.CombinableMatcher,ExpectedException uses CombinableMatcher [2]
junit-4___10.org.junit.internal.runners.TestClass,references,junit-4___10.org.junit.BeforeClass,TestClass uses BeforeClass [2]
junit-4___10.org.junit.internal.runners.MethodRoadie,references,junit-4___10.org.junit.runner.notification.Failure,MethodRoadie uses Failure [2]
junit-4___10.org.junit.internal.runners.MethodRoadie,references,junit-4___10.org.junit.internal.AssumptionViolatedException,MethodRoadie uses AssumptionViolatedException [2]
junit-4___10.org.junit.internal.runners.JUnit4ClassRunner,references,junit-4___10.org.junit.runner.notification.Failure,JUnit4ClassRunner uses Failure [2]
junit-4___10.org.junit.internal.runners.JUnit38ClassRunner,references,junit-4___10.org.junit.runner.notification.Failure,JUnit38ClassRunner uses Failure [2]
junit-4___10.org.junit.internal.runners.JUnit38ClassRunner,references,junit-4___10.junit.extensions.TestDecorator,JUnit38ClassRunner uses TestDecorator [2]
junit-4___10.org.junit.internal.runners.ErrorReportingRunner,references,junit-4___10.org.junit.runners.model.InitializationError,ErrorReportingRunner uses InitializationError [2]
junit-4___10.org.junit.internal.runners.ErrorReportingRunner,references,junit-4___10.org.junit.runner.notification.Failure,ErrorReportingRunner uses Failure [2]
junit-4___10.org.junit.internal.runners.ErrorReportingRunner,references,junit-4___10.org.junit.internal.runners.InitializationError,ErrorReportingRunner uses InitializationError [2]
junit-4___10.org.junit.internal.runners.ClassRoadie,references,junit-4___10.org.junit.runner.notification.Failure,ClassRoadie uses Failure [2]
junit-4___10.org.junit.internal.requests.SortingRequest,references,junit-4___10.org.junit.runner.Description,SortingRequest uses Description [2]
junit-4___10.org.junit.internal.requests.FilterRequest,references,junit-4___10.org.junit.internal.runners.ErrorReportingRunner,FilterRequest uses ErrorReportingRunner [2]
junit-4___10.org.junit.internal.requests.ClassRequest,references,junit-4___10.org.junit.internal.builders.AllDefaultPossibilitiesBuilder,ClassRequest uses AllDefaultPossibilitiesBuilder [2]
junit-4___10.org.junit.internal.builders.SuiteMethodBuilder,references,junit-4___10.org.junit.internal.runners.SuiteMethod,SuiteMethodBuilder uses SuiteMethod [2]
junit-4___10.org.junit.internal.builders.JUnit4Builder,references,junit-4___10.org.junit.runners.BlockJUnit4ClassRunner,JUnit4Builder uses BlockJUnit4ClassRunner [2]
junit-4___10.org.junit.internal.builders.JUnit3Builder,references,junit-4___10.org.junit.internal.runners.JUnit38ClassRunner,JUnit3Builder uses JUnit38ClassRunner [2]
junit-4___10.org.junit.internal.builders.IgnoredBuilder,references,junit-4___10.org.junit.internal.builders.IgnoredClassRunner,IgnoredBuilder uses IgnoredClassRunner [2]
junit-4___10.org.junit.internal.builders.AnnotatedBuilder,references,junit-4___10.org.junit.runners.model.InitializationError,AnnotatedBuilder uses InitializationError [2]
junit-4___10.org.junit.internal.builders.AnnotatedBuilder,references,junit-4___10.org.junit.runner.RunWith,AnnotatedBuilder uses RunWith [2]
junit-4___10.org.junit.internal.builders.AllDefaultPossibilitiesBuilder,references,junit-4___10.org.junit.internal.builders.SuiteMethodBuilder,AllDefaultPossibilitiesBuilder uses SuiteMethodBuilder [2]
junit-4___10.org.junit.internal.builders.AllDefaultPossibilitiesBuilder,references,junit-4___10.org.junit.internal.builders.NullBuilder,AllDefaultPossibilitiesBuilder uses NullBuilder [2]
junit-4___10.org.junit.experimental.theories.suppliers.TestedOnSupplier,references,junit-4___10.org.junit.experimental.theories.suppliers.TestedOn,TestedOnSupplier uses TestedOn [2]
junit-4___10.org.junit.experimental.theories.suppliers.TestedOnSupplier,references,junit-4___10.org.junit.experimental.theories.PotentialAssignment,TestedOnSupplier uses PotentialAssignment [2]
junit-4___10.org.junit.experimental.theories.internal.Assignments,references,junit-4___10.org.junit.experimental.theories.internal.AllMembersSupplier,Assignments uses AllMembersSupplier [2]
junit-4___10.org.junit.experimental.theories.internal.Assignments,references,junit-4___10.org.junit.experimental.theories.ParametersSuppliedBy,Assignments uses ParametersSuppliedBy [2]
junit-4___10.org.junit.experimental.theories.internal.AllMembersSupplier,references,junit-4___10.org.junit.experimental.theories.DataPoints,AllMembersSupplier uses DataPoints [2]
junit-4___10.org.junit.experimental.theories.internal.AllMembersSupplier,references,junit-4___10.org.junit.experimental.theories.DataPoint,AllMembersSupplier uses DataPoint [2]
junit-4___10.org.junit.experimental.theories.Theories,references,junit-4___10.org.junit.experimental.theories.internal.ParameterizedAssertionError,Theories uses ParameterizedAssertionError [2]
junit-4___10.org.junit.experimental.theories.Theories,references,junit-4___10.org.junit.experimental.theories.PotentialAssignment,Theories uses PotentialAssignment [2]
junit-4___10.org.junit.experimental.results.FailureList,references,junit-4___10.org.junit.runner.notification.RunListener,FailureList uses RunListener [2]
junit-4___10.org.junit.experimental.max.MaxCore,references,junit-4___10.org.junit.internal.runners.JUnit38ClassRunner,MaxCore uses JUnit38ClassRunner [2]
junit-4___10.org.junit.experimental.max.MaxCore,references,junit-4___10.org.junit.internal.runners.ErrorReportingRunner,MaxCore uses ErrorReportingRunner [2]
junit-4___10.org.junit.experimental.max.MaxCore,references,junit-4___10.junit.framework.TestSuite,MaxCore uses TestSuite [2]
junit-4___10.org.junit.experimental.ParallelComputer,references,junit-4___10.org.junit.runners.ParentRunner,ParallelComputer uses ParentRunner [2]
junit-4___10.org.junit.Assume,references,junit-4___10.org.junit.internal.AssumptionViolatedException,Assume uses AssumptionViolatedException [2]
junit-4___10.org.junit.Assert,references,junit-4___10.org.junit.internal.ExactComparisonCriteria,Assert uses ExactComparisonCriteria [2]
junit-4___10.org.junit.Assert,references,junit-4___10.org.junit.ComparisonFailure,Assert uses ComparisonFailure [2]
junit-4___10.junit.textui.TestRunner,references,junit-4___10.junit.framework.TestCase,TestRunner uses TestCase [2]
junit-4___10.junit.runner.BaseTestRunner,references,junit-4___10.junit.framework.TestSuite,BaseTestRunner uses TestSuite [2]
junit-4___10.junit.framework.JUnit4TestAdapterCache,references,junit-4___10.junit.framework.JUnit4TestCaseFacade,JUnit4TestAdapterCache uses JUnit4TestCaseFacade [2]
junit-4___10.junit.framework.Assert,references,junit-4___10.junit.framework.ComparisonFailure,Assert uses ComparisonFailure [2]
junit-4___10.junit.extensions.ActiveTestSuite,references,junit-4___10.junit.framework.TestCase,ActiveTestSuite uses TestCase [2]
junit-4___10.org.junit.experimental.ParallelComputer,implements,junit-4___10.org.junit.runners.model.RunnerScheduler,ParallelComputer uses RunnerScheduler [2]
junit-4___10.junit.framework.JUnit4TestAdapter,implements,junit-4___10.junit.framework.Test,JUnit4TestAdapter uses Test [2]
junit-4___10.junit.extensions.TestSetup,implements,junit-4___10.junit.framework.Protectable,TestSetup uses Protectable [2]
junit-4___10.org.junit.runners.Suite,has param,junit-4___10.org.junit.runner.notification.RunNotifier,Suite uses RunNotifier [2]
junit-4___10.org.junit.runner.notification.RunListener,has param,junit-4___10.org.junit.runner.notification.Failure,RunListener uses Failure [2]
junit-4___10.org.junit.rules.TestName,has param,junit-4___10.org.junit.runner.Description,TestName uses Description [2]
junit-4___10.org.junit.rules.RunRules,has param,junit-4___10.org.junit.runner.Description,RunRules uses Description [2]
junit-4___10.org.junit.internal.runners.rules.RuleFieldValidator,has param,junit-4___10.org.junit.runners.model.TestClass,RuleFieldValidator uses TestClass [2]
junit-4___10.org.junit.internal.runners.JUnit4ClassRunner,has param,junit-4___10.org.junit.runner.manipulation.Filter,JUnit4ClassRunner uses Filter [2]
junit-4___10.org.junit.internal.runners.JUnit38ClassRunner,has param,junit-4___10.org.junit.runner.manipulation.Filter,JUnit38ClassRunner uses Filter [2]
junit-4___10.org.junit.internal.builders.IgnoredClassRunner,has param,junit-4___10.org.junit.runner.notification.RunNotifier,IgnoredClassRunner uses RunNotifier [2]
junit-4___10.org.junit.internal.TextListener,has param,junit-4___10.org.junit.runner.Description,TextListener uses Description [2]
junit-4___10.org.junit.internal.TextListener,has param,junit-4___10.org.junit.internal.JUnitSystem,TextListener uses JUnitSystem [2]
junit-4___10.org.junit.experimental.theories.suppliers.TestedOnSupplier,has param,junit-4___10.org.junit.experimental.theories.ParameterSignature,TestedOnSupplier uses ParameterSignature [2]
junit-4___10.org.junit.experimental.max.MaxHistory,has param,junit-4___10.org.junit.runner.notification.Failure,MaxHistory uses Failure [2]
junit-4___10.org.junit.experimental.ParallelComputer,has param,junit-4___10.org.junit.runners.model.RunnerBuilder,ParallelComputer uses RunnerBuilder [2]
junit-4___10.junit.framework.TestResult,has param,junit-4___10.junit.framework.AssertionFailedError,TestResult uses AssertionFailedError [2]
junit-4___10.junit.framework.JUnit4TestAdapter,has param,junit-4___10.org.junit.runner.manipulation.Sorter,JUnit4TestAdapter uses Sorter [2]
junit-4___10.junit.framework.JUnit4TestAdapter,has param,junit-4___10.org.junit.runner.manipulation.Filter,JUnit4TestAdapter uses Filter [2]
junit-4___10.junit.extensions.TestSetup,has param,junit-4___10.junit.framework.Test,TestSetup uses Test [2]
junit-4___10.junit.extensions.TestDecorator,has param,junit-4___10.junit.framework.TestResult,TestDecorator uses TestResult [2]
junit-4___10.junit.extensions.RepeatedTest,has param,junit-4___10.junit.framework.TestResult,RepeatedTest uses TestResult [2]
junit-4___10.org.junit.runners.Suite,extends,junit-4___10.org.junit.runners.ParentRunner,Suite uses ParentRunner [2]
junit-4___10.org.junit.runners.ParentRunner,extends,junit-4___10.org.junit.runner.Runner,ParentRunner uses Runner [2]
junit-4___10.org.junit.runners.Parameterized,extends,junit-4___10.org.junit.runners.Suite,Parameterized uses Suite [2]
junit-4___10.org.junit.runners.JUnit4,extends,junit-4___10.org.junit.runners.BlockJUnit4ClassRunner,JUnit4 uses BlockJUnit4ClassRunner [2]
junit-4___10.org.junit.runners.AllTests,extends,junit-4___10.org.junit.internal.runners.SuiteMethod,AllTests uses SuiteMethod [2]
junit-4___10.org.junit.rules.TestName,extends,junit-4___10.org.junit.rules.TestWatcher,TestName uses TestWatcher [2]
junit-4___10.org.junit.rules.TemporaryFolder,extends,junit-4___10.org.junit.rules.ExternalResource,TemporaryFolder uses ExternalResource [2]
junit-4___10.org.junit.rules.ExpectedException,extends,junit-4___10.org.junit.internal.matchers.TypeSafeMatcher,ExpectedException uses TypeSafeMatcher [2]
junit-4___10.org.junit.rules.ErrorCollector,extends,junit-4___10.org.junit.rules.Verifier,ErrorCollector uses Verifier [2]
junit-4___10.org.junit.internal.runners.statements.InvokeMethod,extends,junit-4___10.org.junit.runners.model.Statement,InvokeMethod uses Statement [2]
junit-4___10.org.junit.internal.runners.statements.Fail,extends,junit-4___10.org.junit.runners.model.Statement,Fail uses Statement [2]
junit-4___10.org.junit.internal.runners.model.MultipleFailureException,extends,junit-4___10.org.junit.runners.model.MultipleFailureException,MultipleFailureException uses MultipleFailureException [2]
junit-4___10.org.junit.internal.runners.SuiteMethod,extends,junit-4___10.org.junit.internal.runners.JUnit38ClassRunner,SuiteMethod uses JUnit38ClassRunner [2]
junit-4___10.org.junit.internal.runners.JUnit4ClassRunner,extends,junit-4___10.org.junit.runner.Runner,JUnit4ClassRunner uses Runner [2]
junit-4___10.org.junit.internal.runners.JUnit38ClassRunner,extends,junit-4___10.org.junit.runner.Runner,JUnit38ClassRunner uses Runner [2]
junit-4___10.org.junit.internal.runners.ErrorReportingRunner,extends,junit-4___10.org.junit.runner.Runner,ErrorReportingRunner uses Runner [2]
junit-4___10.org.junit.internal.requests.ClassRequest,extends,junit-4___10.org.junit.runner.Request,ClassRequest uses Request [2]
junit-4___10.org.junit.internal.matchers.SubstringMatcher,extends,junit-4___10.org.junit.internal.matchers.TypeSafeMatcher,SubstringMatcher uses TypeSafeMatcher [2]
junit-4___10.org.junit.internal.matchers.IsCollectionContaining,extends,junit-4___10.org.junit.internal.matchers.TypeSafeMatcher,IsCollectionContaining uses TypeSafeMatcher [2]
junit-4___10.org.junit.internal.builders.SuiteMethodBuilder,extends,junit-4___10.org.junit.runners.model.RunnerBuilder,SuiteMethodBuilder uses RunnerBuilder [2]
junit-4___10.org.junit.internal.builders.NullBuilder,extends,junit-4___10.org.junit.runners.model.RunnerBuilder,NullBuilder uses RunnerBuilder [2]
junit-4___10.org.junit.internal.builders.JUnit4Builder,extends,junit-4___10.org.junit.runners.model.RunnerBuilder,JUnit4Builder uses RunnerBuilder [2]
junit-4___10.org.junit.internal.builders.JUnit3Builder,extends,junit-4___10.org.junit.runners.model.RunnerBuilder,JUnit3Builder uses RunnerBuilder [2]
junit-4___10.org.junit.internal.builders.IgnoredClassRunner,extends,junit-4___10.org.junit.runner.Runner,IgnoredClassRunner uses Runner [2]
junit-4___10.org.junit.internal.builders.IgnoredBuilder,extends,junit-4___10.org.junit.runners.model.RunnerBuilder,IgnoredBuilder uses RunnerBuilder [2]
junit-4___10.org.junit.internal.TextListener,extends,junit-4___10.org.junit.runner.notification.RunListener,TextListener uses RunListener [2]
junit-4___10.org.junit.internal.InexactComparisonCriteria,extends,junit-4___10.org.junit.internal.ComparisonCriteria,InexactComparisonCriteria uses ComparisonCriteria [2]
junit-4___10.org.junit.internal.ExactComparisonCriteria,extends,junit-4___10.org.junit.internal.ComparisonCriteria,ExactComparisonCriteria uses ComparisonCriteria [2]
junit-4___10.org.junit.experimental.theories.suppliers.TestedOnSupplier,extends,junit-4___10.org.junit.experimental.theories.ParameterSupplier,TestedOnSupplier uses ParameterSupplier [2]
junit-4___10.org.junit.experimental.theories.internal.AllMembersSupplier,extends,junit-4___10.org.junit.experimental.theories.ParameterSupplier,AllMembersSupplier uses ParameterSupplier [2]
junit-4___10.org.junit.experimental.runners.Enclosed,extends,junit-4___10.org.junit.runners.Suite,Enclosed uses Suite [2]
junit-4___10.org.junit.experimental.results.ResultMatchers,extends,junit-4___10.org.junit.internal.matchers.TypeSafeMatcher,ResultMatchers uses TypeSafeMatcher [2]
junit-4___10.org.junit.experimental.categories.Categories,extends,junit-4___10.org.junit.runners.Suite,Categories uses Suite [2]
junit-4___10.junit.framework.ComparisonFailure,extends,junit-4___10.junit.framework.AssertionFailedError,ComparisonFailure uses AssertionFailedError [2]
junit-4___10.junit.extensions.TestDecorator,extends,junit-4___10.junit.framework.Assert,TestDecorator uses Assert [2]
junit-4___10.org.junit.runner.JUnitCore,calls,junit-4___10.junit.runner.Version,JUnitCore uses Version [2]
junit-4___10.org.junit.rules.ExpectedException,calls,junit-4___10.org.junit.matchers.JUnitMatchers,ExpectedException uses JUnitMatchers [2]
junit-4___10.org.junit.experimental.categories.Categories,calls,junit-4___10.org.junit.runners.ParentRunner,Categories uses ParentRunner [2]
junit-4___10.org.junit.runners.Parameterized,throws,junit-4___10.org.junit.runners.model.InitializationError,Parameterized uses InitializationError [1]
junit-4___10.org.junit.runners.JUnit4,throws,junit-4___10.org.junit.runners.model.InitializationError,JUnit4 uses InitializationError [1]
junit-4___10.org.junit.runners.BlockJUnit4ClassRunner,throws,junit-4___10.org.junit.runners.model.InitializationError,BlockJUnit4ClassRunner uses InitializationError [1]
junit-4___10.org.junit.runner.manipulation.Filterable,throws,junit-4___10.org.junit.runner.manipulation.NoTestsRemainException,Filterable uses NoTestsRemainException [1]
junit-4___10.org.junit.runner.Computer,throws,junit-4___10.org.junit.runners.model.InitializationError,Computer uses InitializationError [1]
junit-4___10.org.junit.internal.runners.JUnit38ClassRunner,throws,junit-4___10.org.junit.runner.manipulation.NoTestsRemainException,JUnit38ClassRunner uses NoTestsRemainException [1]
junit-4___10.org.junit.experimental.ParallelComputer,throws,junit-4___10.org.junit.runners.model.InitializationError,ParallelComputer uses InitializationError [1]
junit-4___10.junit.framework.JUnit4TestAdapter,throws,junit-4___10.org.junit.runner.manipulation.NoTestsRemainException,JUnit4TestAdapter uses NoTestsRemainException [1]
junit-4___10.org.junit.runners.Parameterized,returns,junit-4___10.org.junit.runners.model.Statement,Parameterized uses Statement [1]
junit-4___10.org.junit.runner.Describable,returns,junit-4___10.org.junit.runner.Description,Describable uses Description [1]
junit-4___10.org.junit.rules.Timeout,returns,junit-4___10.org.junit.runners.model.Statement,Timeout uses Statement [1]
junit-4___10.org.junit.rules.TestRule,returns,junit-4___10.org.junit.runners.model.Statement,TestRule uses Statement [1]
junit-4___10.org.junit.rules.RuleChain,returns,junit-4___10.org.junit.runners.model.Statement,RuleChain uses Statement [1]
junit-4___10.org.junit.rules.MethodRule,returns,junit-4___10.org.junit.runners.model.Statement,MethodRule uses Statement [1]
junit-4___10.org.junit.internal.requests.SortingRequest,returns,junit-4___10.org.junit.runner.Runner,SortingRequest uses Runner [1]
junit-4___10.org.junit.internal.requests.FilterRequest,returns,junit-4___10.org.junit.runner.Runner,FilterRequest uses Runner [1]
junit-4___10.org.junit.internal.requests.ClassRequest,returns,junit-4___10.org.junit.runner.Runner,ClassRequest uses Runner [1]
junit-4___10.org.junit.internal.builders.SuiteMethodBuilder,returns,junit-4___10.org.junit.runner.Runner,SuiteMethodBuilder uses Runner [1]
junit-4___10.org.junit.internal.builders.NullBuilder,returns,junit-4___10.org.junit.runner.Runner,NullBuilder uses Runner [1]
junit-4___10.org.junit.internal.builders.JUnit4Builder,returns,junit-4___10.org.junit.runner.Runner,JUnit4Builder uses Runner [1]
junit-4___10.org.junit.internal.builders.JUnit3Builder,returns,junit-4___10.org.junit.runner.Runner,JUnit3Builder uses Runner [1]
junit-4___10.org.junit.internal.builders.IgnoredBuilder,returns,junit-4___10.org.junit.runner.Runner,IgnoredBuilder uses Runner [1]
junit-4___10.org.junit.internal.builders.AllDefaultPossibilitiesBuilder,returns,junit-4___10.org.junit.runner.Runner,AllDefaultPossibilitiesBuilder uses Runner [1]
junit-4___10.org.junit.runners.model.TestClass,references,junit-4___10.org.junit.BeforeClass,TestClass uses BeforeClass [1]
junit-4___10.org.junit.runners.model.TestClass,references,junit-4___10.org.junit.Before,TestClass uses Before [1]
junit-4___10.org.junit.runners.ParentRunner,references,junit-4___10.org.junit.runner.notification.StoppedByUserException,ParentRunner uses StoppedByUserException [1]
junit-4___10.org.junit.runners.ParentRunner,references,junit-4___10.org.junit.rules.TestRule,ParentRunner uses TestRule [1]
junit-4___10.org.junit.runners.ParentRunner,references,junit-4___10.org.junit.ClassRule,ParentRunner uses ClassRule [1]
junit-4___10.org.junit.runners.BlockJUnit4ClassRunner,references,junit-4___10.org.junit.rules.TestRule,BlockJUnit4ClassRunner uses TestRule [1]
junit-4___10.org.junit.runners.BlockJUnit4ClassRunner,references,junit-4___10.org.junit.Ignore,BlockJUnit4ClassRunner uses Ignore [1]
junit-4___10.org.junit.runner.RunWith,references,junit-4___10.org.junit.runner.Runner,RunWith uses Runner [1]
junit-4___10.org.junit.runner.Request,references,junit-4___10.org.junit.runners.model.RunnerBuilder,Request uses RunnerBuilder [1]
junit-4___10.org.junit.runner.Request,references,junit-4___10.org.junit.runners.model.InitializationError,Request uses InitializationError [1]
junit-4___10.org.junit.rules.TestWatchman,references,junit-4___10.org.junit.internal.AssumptionViolatedException,TestWatchman uses AssumptionViolatedException [1]
junit-4___10.org.junit.rules.TestWatcher,references,junit-4___10.org.junit.internal.AssumptionViolatedException,TestWatcher uses AssumptionViolatedException [1]
junit-4___10.org.junit.internal.runners.statements.ExpectException,references,junit-4___10.org.junit.internal.AssumptionViolatedException,ExpectException uses AssumptionViolatedException [1]
junit-4___10.org.junit.internal.runners.rules.RuleFieldValidator,references,junit-4___10.org.junit.rules.TestRule,RuleFieldValidator uses TestRule [1]
junit-4___10.org.junit.internal.runners.rules.RuleFieldValidator,references,junit-4___10.org.junit.rules.MethodRule,RuleFieldValidator uses MethodRule [1]
junit-4___10.org.junit.internal.runners.rules.RuleFieldValidator,references,junit-4___10.org.junit.Rule,RuleFieldValidator uses Rule [1]
junit-4___10.org.junit.internal.runners.rules.RuleFieldValidator,references,junit-4___10.org.junit.ClassRule,RuleFieldValidator uses ClassRule [1]
junit-4___10.org.junit.internal.runners.TestMethod,references,junit-4___10.org.junit.Ignore,TestMethod uses Ignore [1]
junit-4___10.org.junit.internal.runners.TestMethod,references,junit-4___10.org.junit.Before,TestMethod uses Before [1]
junit-4___10.org.junit.internal.runners.TestMethod,references,junit-4___10.org.junit.After,TestMethod uses After [1]
junit-4___10.org.junit.internal.runners.TestClass,references,junit-4___10.org.junit.Test,TestClass uses Test [1]
junit-4___10.org.junit.internal.runners.TestClass,references,junit-4___10.org.junit.Before,TestClass uses Before [1]
junit-4___10.org.junit.internal.runners.TestClass,references,junit-4___10.org.junit.AfterClass,TestClass uses AfterClass [1]
junit-4___10.org.junit.internal.runners.MethodValidator,references,junit-4___10.org.junit.Test,MethodValidator uses Test [1]
junit-4___10.org.junit.internal.runners.MethodValidator,references,junit-4___10.org.junit.BeforeClass,MethodValidator uses BeforeClass [1]
junit-4___10.org.junit.internal.runners.MethodValidator,references,junit-4___10.org.junit.Before,MethodValidator uses Before [1]
junit-4___10.org.junit.internal.runners.MethodValidator,references,junit-4___10.org.junit.AfterClass,MethodValidator uses AfterClass [1]
junit-4___10.org.junit.internal.runners.MethodValidator,references,junit-4___10.org.junit.After,MethodValidator uses After [1]
junit-4___10.org.junit.internal.runners.ClassRoadie,references,junit-4___10.org.junit.internal.AssumptionViolatedException,ClassRoadie uses AssumptionViolatedException [1]
junit-4___10.org.junit.internal.requests.FilterRequest,references,junit-4___10.org.junit.runner.manipulation.NoTestsRemainException,FilterRequest uses NoTestsRemainException [1]
junit-4___10.org.junit.internal.builders.JUnit3Builder,references,junit-4___10.junit.framework.TestCase,JUnit3Builder uses TestCase [1]
junit-4___10.org.junit.internal.builders.IgnoredBuilder,references,junit-4___10.org.junit.Ignore,IgnoredBuilder uses Ignore [1]
junit-4___10.org.junit.experimental.theories.suppliers.TestedOn,references,junit-4___10.org.junit.experimental.theories.ParametersSuppliedBy,TestedOn uses ParametersSuppliedBy [1]
junit-4___10.org.junit.experimental.theories.Theories,references,junit-4___10.org.junit.experimental.theories.DataPoint,Theories uses DataPoint [1]
junit-4___10.org.junit.experimental.theories.ParametersSuppliedBy,references,junit-4___10.org.junit.experimental.theories.ParameterSupplier,ParametersSuppliedBy uses ParameterSupplier [1]
junit-4___10.org.junit.experimental.theories.ParameterSupplier,references,junit-4___10.org.junit.experimental.theories.PotentialAssignment,ParameterSupplier uses PotentialAssignment [1]
junit-4___10.org.junit.experimental.results.PrintableResult,references,junit-4___10.org.junit.runner.notification.Failure,PrintableResult uses Failure [1]
junit-4___10.org.junit.experimental.max.MaxCore,references,junit-4___10.org.junit.runner.notification.RunListener,MaxCore uses RunListener [1]
junit-4___10.org.junit.experimental.max.MaxCore,references,junit-4___10.org.junit.internal.requests.SortingRequest,MaxCore uses SortingRequest [1]
junit-4___10.org.junit.experimental.max.MaxCore,references,junit-4___10.junit.framework.Test,MaxCore uses Test [1]
junit-4___10.org.junit.experimental.categories.Categories,references,junit-4___10.org.junit.runner.manipulation.NoTestsRemainException,Categories uses NoTestsRemainException [1]
junit-4___10.junit.textui.TestRunner,references,junit-4___10.junit.framework.TestListener,TestRunner uses TestListener [1]
junit-4___10.junit.framework.TestFailure,references,junit-4___10.junit.framework.AssertionFailedError,TestFailure uses AssertionFailedError [1]
junit-4___10.junit.framework.JUnit4TestAdapter,references,junit-4___10.org.junit.runner.notification.RunNotifier,JUnit4TestAdapter uses RunNotifier [1]
junit-4___10.junit.framework.JUnit4TestAdapter,references,junit-4___10.org.junit.Ignore,JUnit4TestAdapter uses Ignore [1]
junit-4___10.org.junit.runners.ParentRunner,implements,junit-4___10.org.junit.runner.manipulation.Sortable,ParentRunner uses Sortable [1]
junit-4___10.org.junit.runners.ParentRunner,implements,junit-4___10.org.junit.runner.manipulation.Filterable,ParentRunner uses Filterable [1]
junit-4___10.org.junit.runner.Runner,implements,junit-4___10.org.junit.runner.Describable,Runner uses Describable [1]
junit-4___10.org.junit.rules.Verifier,implements,junit-4___10.org.junit.rules.TestRule,Verifier uses TestRule [1]
junit-4___10.org.junit.rules.Timeout,implements,junit-4___10.org.junit.rules.TestRule,Timeout uses TestRule [1]
junit-4___10.org.junit.rules.TestWatchman,implements,junit-4___10.org.junit.rules.MethodRule,TestWatchman uses MethodRule [1]
junit-4___10.org.junit.rules.TestWatcher,implements,junit-4___10.org.junit.rules.TestRule,TestWatcher uses TestRule [1]
junit-4___10.org.junit.rules.ExternalResource,implements,junit-4___10.org.junit.rules.TestRule,ExternalResource uses TestRule [1]
junit-4___10.org.junit.rules.ExpectedException,implements,junit-4___10.org.junit.rules.TestRule,ExpectedException uses TestRule [1]
junit-4___10.org.junit.internal.runners.JUnit4ClassRunner,implements,junit-4___10.org.junit.runner.manipulation.Sortable,JUnit4ClassRunner uses Sortable [1]
junit-4___10.org.junit.internal.runners.JUnit4ClassRunner,implements,junit-4___10.org.junit.runner.manipulation.Filterable,JUnit4ClassRunner uses Filterable [1]
junit-4___10.org.junit.internal.RealSystem,implements,junit-4___10.org.junit.internal.JUnitSystem,RealSystem uses JUnitSystem [1]
junit-4___10.junit.textui.ResultPrinter,implements,junit-4___10.junit.framework.TestListener,ResultPrinter uses TestListener [1]
junit-4___10.junit.runner.BaseTestRunner,implements,junit-4___10.junit.framework.TestListener,BaseTestRunner uses TestListener [1]
junit-4___10.junit.framework.TestCase,implements,junit-4___10.junit.framework.Test,TestCase uses Test [1]
junit-4___10.junit.framework.JUnit4TestCaseFacade,implements,junit-4___10.org.junit.runner.Describable,JUnit4TestCaseFacade uses Describable [1]
junit-4___10.junit.framework.JUnit4TestCaseFacade,implements,junit-4___10.junit.framework.Test,JUnit4TestCaseFacade uses Test [1]
junit-4___10.junit.framework.JUnit4TestAdapter,implements,junit-4___10.org.junit.runner.manipulation.Sortable,JUnit4TestAdapter uses Sortable [1]
junit-4___10.junit.framework.JUnit4TestAdapter,implements,junit-4___10.org.junit.runner.manipulation.Filterable,JUnit4TestAdapter uses Filterable [1]
junit-4___10.junit.framework.JUnit4TestAdapter,implements,junit-4___10.org.junit.runner.Describable,JUnit4TestAdapter uses Describable [1]
junit-4___10.org.junit.runners.Parameterized,has param,junit-4___10.org.junit.runner.notification.RunNotifier,Parameterized uses RunNotifier [1]
junit-4___10.org.junit.runner.notification.RunListener,has param,junit-4___10.org.junit.runner.Result,RunListener uses Result [1]
junit-4___10.org.junit.runner.manipulation.Sortable,has param,junit-4___10.org.junit.runner.manipulation.Sorter,Sortable uses Sorter [1]
junit-4___10.org.junit.runner.manipulation.Filterable,has param,junit-4___10.org.junit.runner.manipulation.Filter,Filterable uses Filter [1]
junit-4___10.org.junit.runner.Runner,has param,junit-4___10.org.junit.runner.notification.RunNotifier,Runner uses RunNotifier [1]
junit-4___10.org.junit.runner.JUnitCore,has param,junit-4___10.junit.framework.Test,JUnitCore uses Test [1]
junit-4___10.org.junit.rules.Verifier,has param,junit-4___10.org.junit.runner.Description,Verifier uses Description [1]
junit-4___10.org.junit.rules.Timeout,has param,junit-4___10.org.junit.runner.Description,Timeout uses Description [1]
junit-4___10.org.junit.rules.TestRule,has param,junit-4___10.org.junit.runner.Description,TestRule uses Description [1]
junit-4___10.org.junit.rules.RuleChain,has param,junit-4___10.org.junit.runner.Description,RuleChain uses Description [1]
junit-4___10.org.junit.rules.MethodRule,has param,junit-4___10.org.junit.runners.model.FrameworkMethod,MethodRule uses FrameworkMethod [1]
junit-4___10.org.junit.rules.ExternalResource,has param,junit-4___10.org.junit.runner.Description,ExternalResource uses Description [1]
junit-4___10.org.junit.rules.ExpectedException,has param,junit-4___10.org.junit.runner.Description,ExpectedException uses Description [1]
junit-4___10.org.junit.internal.runners.model.EachTestNotifier,has param,junit-4___10.org.junit.internal.AssumptionViolatedException,EachTestNotifier uses AssumptionViolatedException [1]
junit-4___10.org.junit.internal.runners.JUnit38ClassRunner,has param,junit-4___10.org.junit.runner.manipulation.Sorter,JUnit38ClassRunner uses Sorter [1]
junit-4___10.org.junit.internal.runners.JUnit38ClassRunner,has param,junit-4___10.junit.framework.AssertionFailedError,JUnit38ClassRunner uses AssertionFailedError [1]
junit-4___10.org.junit.experimental.theories.ParameterSupplier,has param,junit-4___10.org.junit.experimental.theories.ParameterSignature,ParameterSupplier uses ParameterSignature [1]
junit-4___10.org.junit.experimental.runners.Enclosed,has param,junit-4___10.org.junit.runners.model.RunnerBuilder,Enclosed uses RunnerBuilder [1]
junit-4___10.org.junit.experimental.max.MaxHistory,has param,junit-4___10.org.junit.runner.Result,MaxHistory uses Result [1]
junit-4___10.org.junit.experimental.categories.Categories,has param,junit-4___10.org.junit.runners.model.RunnerBuilder,Categories uses RunnerBuilder [1]
junit-4___10.junit.textui.ResultPrinter,has param,junit-4___10.junit.framework.AssertionFailedError,ResultPrinter uses AssertionFailedError [1]
junit-4___10.junit.runner.BaseTestRunner,has param,junit-4___10.junit.framework.AssertionFailedError,BaseTestRunner uses AssertionFailedError [1]
junit-4___10.junit.framework.TestListener,has param,junit-4___10.junit.framework.AssertionFailedError,TestListener uses AssertionFailedError [1]
junit-4___10.junit.framework.Test,has param,junit-4___10.junit.framework.TestResult,Test uses TestResult [1]
junit-4___10.junit.framework.JUnit4TestCaseFacade,has param,junit-4___10.junit.framework.TestResult,JUnit4TestCaseFacade uses TestResult [1]
junit-4___10.junit.framework.JUnit4TestAdapterCache,has param,junit-4___10.junit.framework.JUnit4TestAdapter,JUnit4TestAdapterCache uses JUnit4TestAdapter [1]
junit-4___10.junit.framework.JUnit4TestAdapter,has param,junit-4___10.junit.framework.TestResult,JUnit4TestAdapter uses TestResult [1]
junit-4___10.junit.extensions.RepeatedTest,has param,junit-4___10.junit.framework.Test,RepeatedTest uses Test [1]
junit-4___10.org.junit.runners.model.TestClass,calls,junit-4___10.org.junit.Assert,TestClass uses Assert [1]
junit-4___10.org.junit.runner.Request,calls,junit-4___10.org.junit.runner.JUnitCore,Request uses JUnitCore [1]
junit-4___10.org.junit.rules.ExpectedException,calls,junit-4___10.org.junit.Assert,ExpectedException uses Assert [1]
junit-4___10.org.junit.rules.ErrorCollector,calls,junit-4___10.org.junit.runners.model.MultipleFailureException,ErrorCollector uses MultipleFailureException [1]
junit-4___10.org.junit.rules.ErrorCollector,calls,junit-4___10.org.junit.Assert,ErrorCollector uses Assert [1]
junit-4___10.org.junit.matchers.JUnitMatchers,calls,junit-4___10.org.junit.internal.matchers.StringContains,JUnitMatchers uses StringContains [1]
junit-4___10.org.junit.matchers.JUnitMatchers,calls,junit-4___10.org.junit.internal.matchers.Each,JUnitMatchers uses Each [1]
junit-4___10.org.junit.internal.runners.statements.RunAfters,calls,junit-4___10.org.junit.runners.model.MultipleFailureException,RunAfters uses MultipleFailureException [1]
junit-4___10.org.junit.internal.requests.ClassRequest,calls,junit-4___10.org.junit.runners.model.RunnerBuilder,ClassRequest uses RunnerBuilder [1]
junit-4___10.org.junit.internal.matchers.Each,calls,junit-4___10.org.junit.internal.matchers.IsCollectionContaining,Each uses IsCollectionContaining [1]
junit-4___10.org.junit.internal.InexactComparisonCriteria,calls,junit-4___10.org.junit.Assert,InexactComparisonCriteria uses Assert [1]
junit-4___10.org.junit.internal.ExactComparisonCriteria,calls,junit-4___10.org.junit.Assert,ExactComparisonCriteria uses Assert [1]
junit-4___10.org.junit.internal.ComparisonCriteria,calls,junit-4___10.org.junit.Assert,ComparisonCriteria uses Assert [1]
junit-4___10.org.junit.experimental.theories.Theories,calls,junit-4___10.org.junit.Assert,Theories uses Assert [1]
junit-4___10.org.junit.ComparisonFailure,calls,junit-4___10.org.junit.Assert,ComparisonFailure uses Assert [1]
junit-4___10.org.junit.Assume,calls,junit-4___10.org.junit.internal.matchers.Each,Assume uses Each [1]
junit-4___10.junit.textui.TestRunner,calls,junit-4___10.junit.runner.Version,TestRunner uses Version [1]
junit-4___10.junit.textui.ResultPrinter,calls,junit-4___10.junit.runner.BaseTestRunner,ResultPrinter uses BaseTestRunner [1]
junit-4___10.junit.framework.TestSuite,calls,junit-4___10.junit.framework.Assert,TestSuite uses Assert [1]
junit-4___10.junit.framework.ComparisonCompactor,calls,junit-4___10.junit.framework.Assert,ComparisonCompactor uses Assert [1]