webmail-0___7___10.About,has param,webmail-0___7___10.net.wastl.webmail.server.HTTPSession,About uses HTTPSession [1]
webmail-0___7___10.About,implements,webmail-0___7___10.net.wastl.webmail.server.Plugin,About uses Plugin [5]
webmail-0___7___10.About,references,webmail-0___7___10.net.wastl.webmail.server.PluginHandler,About uses PluginHandler [2]
webmail-0___7___10.About,references,webmail-0___7___10.net.wastl.webmail.server.ToplevelURLHandler,About uses ToplevelURLHandler [2]
webmail-0___7___10.About,implements,webmail-0___7___10.net.wastl.webmail.server.URLHandler,About uses URLHandler [2]
webmail-0___7___10.About,has param,webmail-0___7___10.net.wastl.webmail.server.WebMailServer,About uses WebMailServer [4]
webmail-0___7___10.About,has param,webmail-0___7___10.net.wastl.webmail.server.http.HTTPRequestHeader,About uses HTTPRequestHeader [1]
webmail-0___7___10.About,returns,webmail-0___7___10.net.wastl.webmail.ui.html.HTMLDocument,About uses HTMLDocument [2]
webmail-0___7___10.AdminPlugin,calls,webmail-0___7___10.net.wastl.webmail.config.ConfigStore,AdminPlugin uses ConfigStore [2]
webmail-0___7___10.AdminPlugin,references,webmail-0___7___10.net.wastl.webmail.server.AdminSession,AdminPlugin uses AdminSession [7]
webmail-0___7___10.AdminPlugin,has param,webmail-0___7___10.net.wastl.webmail.server.HTTPSession,AdminPlugin uses HTTPSession [5]
webmail-0___7___10.AdminPlugin,implements,webmail-0___7___10.net.wastl.webmail.server.Plugin,AdminPlugin uses Plugin [1]
webmail-0___7___10.AdminPlugin,references,webmail-0___7___10.net.wastl.webmail.server.Storage,AdminPlugin uses Storage [13]
webmail-0___7___10.AdminPlugin,references,webmail-0___7___10.net.wastl.webmail.server.ToplevelURLHandler,AdminPlugin uses ToplevelURLHandler [2]
webmail-0___7___10.AdminPlugin,implements,webmail-0___7___10.net.wastl.webmail.server.URLHandler,AdminPlugin uses URLHandler [2]
webmail-0___7___10.AdminPlugin,has param,webmail-0___7___10.net.wastl.webmail.server.WebMailServer,AdminPlugin uses WebMailServer [14]
webmail-0___7___10.AdminPlugin,references,webmail-0___7___10.net.wastl.webmail.server.WebMailVirtualDomain,AdminPlugin uses WebMailVirtualDomain [7]
webmail-0___7___10.AdminPlugin,has param,webmail-0___7___10.net.wastl.webmail.server.http.HTTPRequestHeader,AdminPlugin uses HTTPRequestHeader [3]
webmail-0___7___10.AdminPlugin,returns,webmail-0___7___10.net.wastl.webmail.ui.html.HTMLDocument,AdminPlugin uses HTMLDocument [1]
webmail-0___7___10.AdminPlugin,references,webmail-0___7___10.net.wastl.webmail.ui.xml.XHTMLDocument,AdminPlugin uses XHTMLDocument [2]
webmail-0___7___10.AdminPlugin,references,webmail-0___7___10.net.wastl.webmail.xml.XMLGenericModel,AdminPlugin uses XMLGenericModel [3]
webmail-0___7___10.AdminPlugin,references,webmail-0___7___10.net.wastl.webmail.xml.XMLSystemData,AdminPlugin uses XMLSystemData [1]
webmail-0___7___10.ChallengeHandler,references,webmail-0___7___10.net.wastl.webmail.server.Authenticator,ChallengeHandler uses Authenticator [2]
webmail-0___7___10.ChallengeHandler,has param,webmail-0___7___10.net.wastl.webmail.server.HTTPSession,ChallengeHandler uses HTTPSession [1]
webmail-0___7___10.ChallengeHandler,implements,webmail-0___7___10.net.wastl.webmail.server.Plugin,ChallengeHandler uses Plugin [1]
webmail-0___7___10.ChallengeHandler,references,webmail-0___7___10.net.wastl.webmail.server.Storage,ChallengeHandler uses Storage [7]
webmail-0___7___10.ChallengeHandler,references,webmail-0___7___10.net.wastl.webmail.server.ToplevelURLHandler,ChallengeHandler uses ToplevelURLHandler [2]
webmail-0___7___10.ChallengeHandler,implements,webmail-0___7___10.net.wastl.webmail.server.URLHandler,ChallengeHandler uses URLHandler [2]
webmail-0___7___10.ChallengeHandler,references,webmail-0___7___10.net.wastl.webmail.server.UserData,ChallengeHandler uses UserData [1]
webmail-0___7___10.ChallengeHandler,has param,webmail-0___7___10.net.wastl.webmail.server.WebMailServer,ChallengeHandler uses WebMailServer [3]
webmail-0___7___10.ChallengeHandler,has param,webmail-0___7___10.net.wastl.webmail.server.http.HTTPRequestHeader,ChallengeHandler uses HTTPRequestHeader [2]
webmail-0___7___10.ChallengeHandler,returns,webmail-0___7___10.net.wastl.webmail.ui.html.HTMLDocument,ChallengeHandler uses HTMLDocument [1]
webmail-0___7___10.ChallengeHandler,references,webmail-0___7___10.net.wastl.webmail.ui.xml.XHTMLDocument,ChallengeHandler uses XHTMLDocument [2]
webmail-0___7___10.ChallengeHandler,references,webmail-0___7___10.net.wastl.webmail.xml.XMLGenericModel,ChallengeHandler uses XMLGenericModel [3]
webmail-0___7___10.ChallengeHandler,references,webmail-0___7___10.net.wastl.webmail.xml.XMLUserData,ChallengeHandler uses XMLUserData [1]
webmail-0___7___10.ChallengeHandler,references,webmail-0___7___10.org.webengruven.webmail.auth.AuthDisplayMngr,ChallengeHandler uses AuthDisplayMngr [1]
webmail-0___7___10.ChallengeHandler,references,webmail-0___7___10.org.webengruven.webmail.auth.CRAuthDisplayMngr,ChallengeHandler uses CRAuthDisplayMngr [3]
webmail-0___7___10.Composer,has param,webmail-0___7___10.net.wastl.webmail.server.HTTPSession,Composer uses HTTPSession [1]
webmail-0___7___10.Composer,implements,webmail-0___7___10.net.wastl.webmail.server.Plugin,Composer uses Plugin [1]
webmail-0___7___10.Composer,references,webmail-0___7___10.net.wastl.webmail.server.Storage,Composer uses Storage [3]
webmail-0___7___10.Composer,references,webmail-0___7___10.net.wastl.webmail.server.ToplevelURLHandler,Composer uses ToplevelURLHandler [2]
webmail-0___7___10.Composer,implements,webmail-0___7___10.net.wastl.webmail.server.URLHandler,Composer uses URLHandler [2]
webmail-0___7___10.Composer,references,webmail-0___7___10.net.wastl.webmail.server.UserData,Composer uses UserData [3]
webmail-0___7___10.Composer,has param,webmail-0___7___10.net.wastl.webmail.server.WebMailServer,Composer uses WebMailServer [3]
webmail-0___7___10.Composer,references,webmail-0___7___10.net.wastl.webmail.server.WebMailSession,Composer uses WebMailSession [8]
webmail-0___7___10.Composer,has param,webmail-0___7___10.net.wastl.webmail.server.http.HTTPRequestHeader,Composer uses HTTPRequestHeader [3]
webmail-0___7___10.Composer,returns,webmail-0___7___10.net.wastl.webmail.ui.html.HTMLDocument,Composer uses HTMLDocument [1]
webmail-0___7___10.Composer,references,webmail-0___7___10.net.wastl.webmail.ui.xml.XHTMLDocument,Composer uses XHTMLDocument [2]
webmail-0___7___10.ErrorHandler,has param,webmail-0___7___10.net.wastl.webmail.server.HTTPSession,ErrorHandler uses HTTPSession [2]
webmail-0___7___10.ErrorHandler,implements,webmail-0___7___10.net.wastl.webmail.server.Plugin,ErrorHandler uses Plugin [1]
webmail-0___7___10.ErrorHandler,references,webmail-0___7___10.net.wastl.webmail.server.Storage,ErrorHandler uses Storage [3]
webmail-0___7___10.ErrorHandler,references,webmail-0___7___10.net.wastl.webmail.server.ToplevelURLHandler,ErrorHandler uses ToplevelURLHandler [2]
webmail-0___7___10.ErrorHandler,implements,webmail-0___7___10.net.wastl.webmail.server.URLHandler,ErrorHandler uses URLHandler [2]
webmail-0___7___10.ErrorHandler,references,webmail-0___7___10.net.wastl.webmail.server.UserData,ErrorHandler uses UserData [3]
webmail-0___7___10.ErrorHandler,has param,webmail-0___7___10.net.wastl.webmail.server.WebMailServer,ErrorHandler uses WebMailServer [6]
webmail-0___7___10.ErrorHandler,references,webmail-0___7___10.net.wastl.webmail.server.WebMailSession,ErrorHandler uses WebMailSession [2]
webmail-0___7___10.ErrorHandler,has param,webmail-0___7___10.net.wastl.webmail.server.http.HTTPRequestHeader,ErrorHandler uses HTTPRequestHeader [1]
webmail-0___7___10.ErrorHandler,returns,webmail-0___7___10.net.wastl.webmail.ui.html.HTMLDocument,ErrorHandler uses HTMLDocument [1]
webmail-0___7___10.ErrorHandler,references,webmail-0___7___10.net.wastl.webmail.ui.xml.XHTMLDocument,ErrorHandler uses XHTMLDocument [2]
webmail-0___7___10.FileAttacher,references,webmail-0___7___10.net.wastl.webmail.config.ConfigScheme,FileAttacher uses ConfigScheme [2]
webmail-0___7___10.FileAttacher,has param,webmail-0___7___10.net.wastl.webmail.server.HTTPSession,FileAttacher uses HTTPSession [1]
webmail-0___7___10.FileAttacher,implements,webmail-0___7___10.net.wastl.webmail.server.Plugin,FileAttacher uses Plugin [1]
webmail-0___7___10.FileAttacher,references,webmail-0___7___10.net.wastl.webmail.server.Storage,FileAttacher uses Storage [3]
webmail-0___7___10.FileAttacher,references,webmail-0___7___10.net.wastl.webmail.server.ToplevelURLHandler,FileAttacher uses ToplevelURLHandler [2]
webmail-0___7___10.FileAttacher,implements,webmail-0___7___10.net.wastl.webmail.server.URLHandler,FileAttacher uses URLHandler [2]
webmail-0___7___10.FileAttacher,references,webmail-0___7___10.net.wastl.webmail.server.UserData,FileAttacher uses UserData [3]
webmail-0___7___10.FileAttacher,has param,webmail-0___7___10.net.wastl.webmail.server.WebMailServer,FileAttacher uses WebMailServer [4]
webmail-0___7___10.FileAttacher,references,webmail-0___7___10.net.wastl.webmail.server.WebMailSession,FileAttacher uses WebMailSession [5]
webmail-0___7___10.FileAttacher,has param,webmail-0___7___10.net.wastl.webmail.server.http.HTTPRequestHeader,FileAttacher uses HTTPRequestHeader [4]
webmail-0___7___10.FileAttacher,returns,webmail-0___7___10.net.wastl.webmail.ui.html.HTMLDocument,FileAttacher uses HTMLDocument [1]
webmail-0___7___10.FileAttacher,references,webmail-0___7___10.net.wastl.webmail.ui.xml.XHTMLDocument,FileAttacher uses XHTMLDocument [2]
webmail-0___7___10.FolderList,has param,webmail-0___7___10.net.wastl.webmail.server.HTTPSession,FolderList uses HTTPSession [1]
webmail-0___7___10.FolderList,implements,webmail-0___7___10.net.wastl.webmail.server.Plugin,FolderList uses Plugin [1]
webmail-0___7___10.FolderList,references,webmail-0___7___10.net.wastl.webmail.server.Storage,FolderList uses Storage [3]
webmail-0___7___10.FolderList,references,webmail-0___7___10.net.wastl.webmail.server.ToplevelURLHandler,FolderList uses ToplevelURLHandler [2]
webmail-0___7___10.FolderList,implements,webmail-0___7___10.net.wastl.webmail.server.URLHandler,FolderList uses URLHandler [2]
webmail-0___7___10.FolderList,references,webmail-0___7___10.net.wastl.webmail.server.UserData,FolderList uses UserData [3]
webmail-0___7___10.FolderList,has param,webmail-0___7___10.net.wastl.webmail.server.WebMailServer,FolderList uses WebMailServer [5]
webmail-0___7___10.FolderList,references,webmail-0___7___10.net.wastl.webmail.server.WebMailSession,FolderList uses WebMailSession [5]
webmail-0___7___10.FolderList,has param,webmail-0___7___10.net.wastl.webmail.server.http.HTTPRequestHeader,FolderList uses HTTPRequestHeader [3]
webmail-0___7___10.FolderList,returns,webmail-0___7___10.net.wastl.webmail.ui.html.HTMLDocument,FolderList uses HTMLDocument [1]
webmail-0___7___10.FolderList,references,webmail-0___7___10.net.wastl.webmail.ui.xml.XHTMLDocument,FolderList uses XHTMLDocument [2]
webmail-0___7___10.FolderSetup,has param,webmail-0___7___10.net.wastl.webmail.server.HTTPSession,FolderSetup uses HTTPSession [1]
webmail-0___7___10.FolderSetup,implements,webmail-0___7___10.net.wastl.webmail.server.Plugin,FolderSetup uses Plugin [1]
webmail-0___7___10.FolderSetup,references,webmail-0___7___10.net.wastl.webmail.server.Storage,FolderSetup uses Storage [3]
webmail-0___7___10.FolderSetup,references,webmail-0___7___10.net.wastl.webmail.server.ToplevelURLHandler,FolderSetup uses ToplevelURLHandler [2]
webmail-0___7___10.FolderSetup,implements,webmail-0___7___10.net.wastl.webmail.server.URLHandler,FolderSetup uses URLHandler [2]
webmail-0___7___10.FolderSetup,references,webmail-0___7___10.net.wastl.webmail.server.UserData,FolderSetup uses UserData [3]
webmail-0___7___10.FolderSetup,has param,webmail-0___7___10.net.wastl.webmail.server.WebMailServer,FolderSetup uses WebMailServer [3]
webmail-0___7___10.FolderSetup,references,webmail-0___7___10.net.wastl.webmail.server.WebMailSession,FolderSetup uses WebMailSession [11]
webmail-0___7___10.FolderSetup,has param,webmail-0___7___10.net.wastl.webmail.server.http.HTTPRequestHeader,FolderSetup uses HTTPRequestHeader [3]
webmail-0___7___10.FolderSetup,returns,webmail-0___7___10.net.wastl.webmail.ui.html.HTMLDocument,FolderSetup uses HTMLDocument [1]
webmail-0___7___10.FolderSetup,references,webmail-0___7___10.net.wastl.webmail.ui.xml.XHTMLDocument,FolderSetup uses XHTMLDocument [2]
webmail-0___7___10.IMAPAuthenticator,has param,webmail-0___7___10.net.wastl.webmail.config.ConfigScheme,IMAPAuthenticator uses ConfigScheme [2]
webmail-0___7___10.IMAPAuthenticator,extends,webmail-0___7___10.net.wastl.webmail.server.Authenticator,IMAPAuthenticator uses Authenticator [4]
webmail-0___7___10.IMAPAuthenticator,has param,webmail-0___7___10.net.wastl.webmail.server.Storage,IMAPAuthenticator uses Storage [4]
webmail-0___7___10.IMAPAuthenticator,references,webmail-0___7___10.net.wastl.webmail.server.WebMailVirtualDomain,IMAPAuthenticator uses WebMailVirtualDomain [2]
webmail-0___7___10.ImageHandler,references,webmail-0___7___10.net.wastl.webmail.server.AdminSession,ImageHandler uses AdminSession [1]
webmail-0___7___10.ImageHandler,has param,webmail-0___7___10.net.wastl.webmail.server.HTTPSession,ImageHandler uses HTTPSession [1]
webmail-0___7___10.ImageHandler,implements,webmail-0___7___10.net.wastl.webmail.server.Plugin,ImageHandler uses Plugin [1]
webmail-0___7___10.ImageHandler,references,webmail-0___7___10.net.wastl.webmail.server.Storage,ImageHandler uses Storage [3]
webmail-0___7___10.ImageHandler,references,webmail-0___7___10.net.wastl.webmail.server.ToplevelURLHandler,ImageHandler uses ToplevelURLHandler [2]
webmail-0___7___10.ImageHandler,implements,webmail-0___7___10.net.wastl.webmail.server.URLHandler,ImageHandler uses URLHandler [2]
webmail-0___7___10.ImageHandler,references,webmail-0___7___10.net.wastl.webmail.server.UserData,ImageHandler uses UserData [3]
webmail-0___7___10.ImageHandler,has param,webmail-0___7___10.net.wastl.webmail.server.WebMailServer,ImageHandler uses WebMailServer [5]
webmail-0___7___10.ImageHandler,references,webmail-0___7___10.net.wastl.webmail.server.WebMailSession,ImageHandler uses WebMailSession [2]
webmail-0___7___10.ImageHandler,has param,webmail-0___7___10.net.wastl.webmail.server.http.HTTPRequestHeader,ImageHandler uses HTTPRequestHeader [1]
webmail-0___7___10.ImageHandler,returns,webmail-0___7___10.net.wastl.webmail.ui.html.HTMLDocument,ImageHandler uses HTMLDocument [1]
webmail-0___7___10.ImageHandler,references,webmail-0___7___10.net.wastl.webmail.ui.html.HTMLImage,ImageHandler uses HTMLImage [2]
webmail-0___7___10.LogoutSession,has param,webmail-0___7___10.net.wastl.webmail.server.HTTPSession,LogoutSession uses HTTPSession [4]
webmail-0___7___10.LogoutSession,implements,webmail-0___7___10.net.wastl.webmail.server.Plugin,LogoutSession uses Plugin [1]
webmail-0___7___10.LogoutSession,references,webmail-0___7___10.net.wastl.webmail.server.Storage,LogoutSession uses Storage [3]
webmail-0___7___10.LogoutSession,references,webmail-0___7___10.net.wastl.webmail.server.ToplevelURLHandler,LogoutSession uses ToplevelURLHandler [2]
webmail-0___7___10.LogoutSession,implements,webmail-0___7___10.net.wastl.webmail.server.URLHandler,LogoutSession uses URLHandler [2]
webmail-0___7___10.LogoutSession,references,webmail-0___7___10.net.wastl.webmail.server.UserData,LogoutSession uses UserData [3]
webmail-0___7___10.LogoutSession,has param,webmail-0___7___10.net.wastl.webmail.server.WebMailServer,LogoutSession uses WebMailServer [3]
webmail-0___7___10.LogoutSession,references,webmail-0___7___10.net.wastl.webmail.server.WebMailSession,LogoutSession uses WebMailSession [2]
webmail-0___7___10.LogoutSession,has param,webmail-0___7___10.net.wastl.webmail.server.http.HTTPRequestHeader,LogoutSession uses HTTPRequestHeader [1]
webmail-0___7___10.LogoutSession,returns,webmail-0___7___10.net.wastl.webmail.ui.html.HTMLDocument,LogoutSession uses HTMLDocument [1]
webmail-0___7___10.LogoutSession,references,webmail-0___7___10.net.wastl.webmail.ui.xml.XHTMLDocument,LogoutSession uses XHTMLDocument [2]
webmail-0___7___10.MailboxList,has param,webmail-0___7___10.net.wastl.webmail.server.HTTPSession,MailboxList uses HTTPSession [1]
webmail-0___7___10.MailboxList,implements,webmail-0___7___10.net.wastl.webmail.server.Plugin,MailboxList uses Plugin [1]
webmail-0___7___10.MailboxList,references,webmail-0___7___10.net.wastl.webmail.server.Storage,MailboxList uses Storage [3]
webmail-0___7___10.MailboxList,references,webmail-0___7___10.net.wastl.webmail.server.ToplevelURLHandler,MailboxList uses ToplevelURLHandler [2]
webmail-0___7___10.MailboxList,implements,webmail-0___7___10.net.wastl.webmail.server.URLHandler,MailboxList uses URLHandler [2]
webmail-0___7___10.MailboxList,references,webmail-0___7___10.net.wastl.webmail.server.UserData,MailboxList uses UserData [3]
webmail-0___7___10.MailboxList,has param,webmail-0___7___10.net.wastl.webmail.server.WebMailServer,MailboxList uses WebMailServer [3]
webmail-0___7___10.MailboxList,references,webmail-0___7___10.net.wastl.webmail.server.WebMailSession,MailboxList uses WebMailSession [4]
webmail-0___7___10.MailboxList,has param,webmail-0___7___10.net.wastl.webmail.server.http.HTTPRequestHeader,MailboxList uses HTTPRequestHeader [2]
webmail-0___7___10.MailboxList,returns,webmail-0___7___10.net.wastl.webmail.ui.html.HTMLDocument,MailboxList uses HTMLDocument [1]
webmail-0___7___10.MailboxList,references,webmail-0___7___10.net.wastl.webmail.ui.xml.XHTMLDocument,MailboxList uses XHTMLDocument [2]
webmail-0___7___10.NavBar,has param,webmail-0___7___10.net.wastl.webmail.server.HTTPSession,NavBar uses HTTPSession [2]
webmail-0___7___10.NavBar,implements,webmail-0___7___10.net.wastl.webmail.server.Plugin,NavBar uses Plugin [1]
webmail-0___7___10.NavBar,references,webmail-0___7___10.net.wastl.webmail.server.Storage,NavBar uses Storage [3]
webmail-0___7___10.NavBar,references,webmail-0___7___10.net.wastl.webmail.server.ToplevelURLHandler,NavBar uses ToplevelURLHandler [2]
webmail-0___7___10.NavBar,implements,webmail-0___7___10.net.wastl.webmail.server.URLHandler,NavBar uses URLHandler [2]
webmail-0___7___10.NavBar,references,webmail-0___7___10.net.wastl.webmail.server.UserData,NavBar uses UserData [3]
webmail-0___7___10.NavBar,has param,webmail-0___7___10.net.wastl.webmail.server.WebMailServer,NavBar uses WebMailServer [3]
webmail-0___7___10.NavBar,references,webmail-0___7___10.net.wastl.webmail.server.WebMailSession,NavBar uses WebMailSession [2]
webmail-0___7___10.NavBar,has param,webmail-0___7___10.net.wastl.webmail.server.http.HTTPRequestHeader,NavBar uses HTTPRequestHeader [1]
webmail-0___7___10.NavBar,returns,webmail-0___7___10.net.wastl.webmail.ui.html.HTMLDocument,NavBar uses HTMLDocument [1]
webmail-0___7___10.NavBar,references,webmail-0___7___10.net.wastl.webmail.ui.xml.XHTMLDocument,NavBar uses XHTMLDocument [2]
webmail-0___7___10.OTPAuthenticator,has param,webmail-0___7___10.net.wastl.webmail.config.ConfigScheme,OTPAuthenticator uses ConfigScheme [2]
webmail-0___7___10.OTPAuthenticator,calls,webmail-0___7___10.net.wastl.webmail.server.Authenticator,OTPAuthenticator uses Authenticator [2]
webmail-0___7___10.OTPAuthenticator,has param,webmail-0___7___10.net.wastl.webmail.server.Storage,OTPAuthenticator uses Storage [1]
webmail-0___7___10.OTPAuthenticator,has param,webmail-0___7___10.net.wastl.webmail.server.UserData,OTPAuthenticator uses UserData [15]
webmail-0___7___10.OTPAuthenticator,returns,webmail-0___7___10.org.webengruven.webmail.auth.AuthDisplayMngr,OTPAuthenticator uses AuthDisplayMngr [1]
webmail-0___7___10.OTPAuthenticator,references,webmail-0___7___10.org.webengruven.webmail.auth.OTPAuthDisplayMngr,OTPAuthenticator uses OTPAuthDisplayMngr [3]
webmail-0___7___10.OTPAuthenticator,extends,webmail-0___7___10.org.webengruven.webmail.auth.OTPAuthenticatorIface,OTPAuthenticator uses OTPAuthenticatorIface [3]
webmail-0___7___10.OTPAuthenticator,references,webmail-0___7___10.org.webengruven.webmail.auth.OTPCacheNode,OTPAuthenticator uses OTPCacheNode [15]
webmail-0___7___10.POPAuthenticator,has param,webmail-0___7___10.net.wastl.webmail.config.ConfigScheme,POPAuthenticator uses ConfigScheme [2]
webmail-0___7___10.POPAuthenticator,extends,webmail-0___7___10.net.wastl.webmail.server.Authenticator,POPAuthenticator uses Authenticator [4]
webmail-0___7___10.POPAuthenticator,has param,webmail-0___7___10.net.wastl.webmail.server.Storage,POPAuthenticator uses Storage [4]
webmail-0___7___10.POPAuthenticator,references,webmail-0___7___10.net.wastl.webmail.server.WebMailVirtualDomain,POPAuthenticator uses WebMailVirtualDomain [2]
webmail-0___7___10.PassThroughPlugin,references,webmail-0___7___10.net.wastl.webmail.server.AdminSession,PassThroughPlugin uses AdminSession [1]
webmail-0___7___10.PassThroughPlugin,has param,webmail-0___7___10.net.wastl.webmail.server.HTTPSession,PassThroughPlugin uses HTTPSession [1]
webmail-0___7___10.PassThroughPlugin,implements,webmail-0___7___10.net.wastl.webmail.server.Plugin,PassThroughPlugin uses Plugin [1]
webmail-0___7___10.PassThroughPlugin,references,webmail-0___7___10.net.wastl.webmail.server.Storage,PassThroughPlugin uses Storage [3]
webmail-0___7___10.PassThroughPlugin,references,webmail-0___7___10.net.wastl.webmail.server.ToplevelURLHandler,PassThroughPlugin uses ToplevelURLHandler [2]
webmail-0___7___10.PassThroughPlugin,implements,webmail-0___7___10.net.wastl.webmail.server.URLHandler,PassThroughPlugin uses URLHandler [2]
webmail-0___7___10.PassThroughPlugin,references,webmail-0___7___10.net.wastl.webmail.server.UserData,PassThroughPlugin uses UserData [3]
webmail-0___7___10.PassThroughPlugin,has param,webmail-0___7___10.net.wastl.webmail.server.WebMailServer,PassThroughPlugin uses WebMailServer [6]
webmail-0___7___10.PassThroughPlugin,references,webmail-0___7___10.net.wastl.webmail.server.WebMailSession,PassThroughPlugin uses WebMailSession [2]
webmail-0___7___10.PassThroughPlugin,has param,webmail-0___7___10.net.wastl.webmail.server.http.HTTPRequestHeader,PassThroughPlugin uses HTTPRequestHeader [1]
webmail-0___7___10.PassThroughPlugin,returns,webmail-0___7___10.net.wastl.webmail.ui.html.HTMLDocument,PassThroughPlugin uses HTMLDocument [1]
webmail-0___7___10.PassThroughPlugin,references,webmail-0___7___10.net.wastl.webmail.ui.html.HTMLImage,PassThroughPlugin uses HTMLImage [2]
webmail-0___7___10.SendMessage,references,webmail-0___7___10.net.wastl.webmail.config.ConfigScheme,SendMessage uses ConfigScheme [4]
webmail-0___7___10.SendMessage,implements,webmail-0___7___10.net.wastl.webmail.config.ConfigurationListener,SendMessage uses ConfigurationListener [2]
webmail-0___7___10.SendMessage,has param,webmail-0___7___10.net.wastl.webmail.server.HTTPSession,SendMessage uses HTTPSession [1]
webmail-0___7___10.SendMessage,implements,webmail-0___7___10.net.wastl.webmail.server.Plugin,SendMessage uses Plugin [1]
webmail-0___7___10.SendMessage,references,webmail-0___7___10.net.wastl.webmail.server.Storage,SendMessage uses Storage [7]
webmail-0___7___10.SendMessage,references,webmail-0___7___10.net.wastl.webmail.server.ToplevelURLHandler,SendMessage uses ToplevelURLHandler [4]
webmail-0___7___10.SendMessage,implements,webmail-0___7___10.net.wastl.webmail.server.URLHandler,SendMessage uses URLHandler [2]
webmail-0___7___10.SendMessage,references,webmail-0___7___10.net.wastl.webmail.server.UserData,SendMessage uses UserData [7]
webmail-0___7___10.SendMessage,has param,webmail-0___7___10.net.wastl.webmail.server.WebMailServer,SendMessage uses WebMailServer [8]
webmail-0___7___10.SendMessage,references,webmail-0___7___10.net.wastl.webmail.server.WebMailSession,SendMessage uses WebMailSession [11]
webmail-0___7___10.SendMessage,has param,webmail-0___7___10.net.wastl.webmail.server.http.HTTPRequestHeader,SendMessage uses HTTPRequestHeader [3]
webmail-0___7___10.SendMessage,returns,webmail-0___7___10.net.wastl.webmail.ui.html.HTMLDocument,SendMessage uses HTMLDocument [1]
webmail-0___7___10.SendMessage,references,webmail-0___7___10.net.wastl.webmail.ui.xml.XHTMLDocument,SendMessage uses XHTMLDocument [2]
webmail-0___7___10.SendMessage,references,webmail-0___7___10.net.wastl.webmail.xml.XMLMessage,SendMessage uses XMLMessage [1]
webmail-0___7___10.SendMessage,calls,webmail-0___7___10.net.wastl.webmail.xml.XMLMessagePart,SendMessage uses XMLMessagePart [1]
webmail-0___7___10.SendMessage,references,webmail-0___7___10.net.wastl.webmail.xml.XMLUserModel,SendMessage uses XMLUserModel [2]
webmail-0___7___10.SendMessage,calls,webmail-0___7___10.org.bulbul.webmail.util.TranscodeUtil,SendMessage uses TranscodeUtil [1]
webmail-0___7___10.ShowMIME,has param,webmail-0___7___10.net.wastl.webmail.server.HTTPSession,ShowMIME uses HTTPSession [1]
webmail-0___7___10.ShowMIME,implements,webmail-0___7___10.net.wastl.webmail.server.Plugin,ShowMIME uses Plugin [1]
webmail-0___7___10.ShowMIME,references,webmail-0___7___10.net.wastl.webmail.server.Storage,ShowMIME uses Storage [2]
webmail-0___7___10.ShowMIME,references,webmail-0___7___10.net.wastl.webmail.server.ToplevelURLHandler,ShowMIME uses ToplevelURLHandler [2]
webmail-0___7___10.ShowMIME,implements,webmail-0___7___10.net.wastl.webmail.server.URLHandler,ShowMIME uses URLHandler [2]
webmail-0___7___10.ShowMIME,has param,webmail-0___7___10.net.wastl.webmail.server.WebMailServer,ShowMIME uses WebMailServer [3]
webmail-0___7___10.ShowMIME,references,webmail-0___7___10.net.wastl.webmail.server.WebMailSession,ShowMIME uses WebMailSession [2]
webmail-0___7___10.ShowMIME,has param,webmail-0___7___10.net.wastl.webmail.server.http.HTTPRequestHeader,ShowMIME uses HTTPRequestHeader [2]
webmail-0___7___10.ShowMIME,returns,webmail-0___7___10.net.wastl.webmail.ui.html.HTMLDocument,ShowMIME uses HTMLDocument [1]
webmail-0___7___10.ShowMIME,references,webmail-0___7___10.net.wastl.webmail.ui.html.HTMLImage,ShowMIME uses HTMLImage [2]
webmail-0___7___10.ShowMessage,has param,webmail-0___7___10.net.wastl.webmail.server.HTTPSession,ShowMessage uses HTTPSession [1]
webmail-0___7___10.ShowMessage,implements,webmail-0___7___10.net.wastl.webmail.server.Plugin,ShowMessage uses Plugin [1]
webmail-0___7___10.ShowMessage,references,webmail-0___7___10.net.wastl.webmail.server.Storage,ShowMessage uses Storage [3]
webmail-0___7___10.ShowMessage,references,webmail-0___7___10.net.wastl.webmail.server.ToplevelURLHandler,ShowMessage uses ToplevelURLHandler [2]
webmail-0___7___10.ShowMessage,implements,webmail-0___7___10.net.wastl.webmail.server.URLHandler,ShowMessage uses URLHandler [2]
webmail-0___7___10.ShowMessage,references,webmail-0___7___10.net.wastl.webmail.server.UserData,ShowMessage uses UserData [3]
webmail-0___7___10.ShowMessage,has param,webmail-0___7___10.net.wastl.webmail.server.WebMailServer,ShowMessage uses WebMailServer [4]
webmail-0___7___10.ShowMessage,references,webmail-0___7___10.net.wastl.webmail.server.WebMailSession,ShowMessage uses WebMailSession [5]
webmail-0___7___10.ShowMessage,has param,webmail-0___7___10.net.wastl.webmail.server.http.HTTPRequestHeader,ShowMessage uses HTTPRequestHeader [3]
webmail-0___7___10.ShowMessage,returns,webmail-0___7___10.net.wastl.webmail.ui.html.HTMLDocument,ShowMessage uses HTMLDocument [1]
webmail-0___7___10.ShowMessage,references,webmail-0___7___10.net.wastl.webmail.ui.xml.XHTMLDocument,ShowMessage uses XHTMLDocument [2]
webmail-0___7___10.SimpleAuthenticator,has param,webmail-0___7___10.net.wastl.webmail.config.ConfigScheme,SimpleAuthenticator uses ConfigScheme [2]
webmail-0___7___10.SimpleAuthenticator,extends,webmail-0___7___10.net.wastl.webmail.server.Authenticator,SimpleAuthenticator uses Authenticator [3]
webmail-0___7___10.SimpleAuthenticator,has param,webmail-0___7___10.net.wastl.webmail.server.Storage,SimpleAuthenticator uses Storage [1]
webmail-0___7___10.SimpleAuthenticator,has param,webmail-0___7___10.net.wastl.webmail.server.UserData,SimpleAuthenticator uses UserData [4]
webmail-0___7___10.UnixAuthenticator,has param,webmail-0___7___10.net.wastl.webmail.config.ConfigScheme,UnixAuthenticator uses ConfigScheme [2]
webmail-0___7___10.UnixAuthenticator,extends,webmail-0___7___10.net.wastl.webmail.server.Authenticator,UnixAuthenticator uses Authenticator [4]
webmail-0___7___10.UnixAuthenticator,has param,webmail-0___7___10.net.wastl.webmail.server.Storage,UnixAuthenticator uses Storage [3]
webmail-0___7___10.UnixAuthenticator,calls,webmail-0___7___10.net.wastl.webmail.server.WebMailServer,UnixAuthenticator uses WebMailServer [1]
webmail-0___7___10.UserSetup,references,webmail-0___7___10.net.wastl.webmail.server.Authenticator,UserSetup uses Authenticator [2]
webmail-0___7___10.UserSetup,has param,webmail-0___7___10.net.wastl.webmail.server.HTTPSession,UserSetup uses HTTPSession [1]
webmail-0___7___10.UserSetup,implements,webmail-0___7___10.net.wastl.webmail.server.Plugin,UserSetup uses Plugin [1]
webmail-0___7___10.UserSetup,references,webmail-0___7___10.net.wastl.webmail.server.Storage,UserSetup uses Storage [4]
webmail-0___7___10.UserSetup,references,webmail-0___7___10.net.wastl.webmail.server.ToplevelURLHandler,UserSetup uses ToplevelURLHandler [2]
webmail-0___7___10.UserSetup,implements,webmail-0___7___10.net.wastl.webmail.server.URLHandler,UserSetup uses URLHandler [2]
webmail-0___7___10.UserSetup,references,webmail-0___7___10.net.wastl.webmail.server.UserData,UserSetup uses UserData [3]
webmail-0___7___10.UserSetup,has param,webmail-0___7___10.net.wastl.webmail.server.WebMailServer,UserSetup uses WebMailServer [3]
webmail-0___7___10.UserSetup,references,webmail-0___7___10.net.wastl.webmail.server.WebMailSession,UserSetup uses WebMailSession [6]
webmail-0___7___10.UserSetup,has param,webmail-0___7___10.net.wastl.webmail.server.http.HTTPRequestHeader,UserSetup uses HTTPRequestHeader [1]
webmail-0___7___10.UserSetup,returns,webmail-0___7___10.net.wastl.webmail.ui.html.HTMLDocument,UserSetup uses HTMLDocument [1]
webmail-0___7___10.UserSetup,references,webmail-0___7___10.net.wastl.webmail.ui.xml.XHTMLDocument,UserSetup uses XHTMLDocument [2]
webmail-0___7___10.UserSetup,references,webmail-0___7___10.net.wastl.webmail.xml.XMLGenericModel,UserSetup uses XMLGenericModel [2]
webmail-0___7___10.UserSetup,references,webmail-0___7___10.net.wastl.webmail.xml.XMLUserModel,UserSetup uses XMLUserModel [1]
webmail-0___7___10.UserSetup,references,webmail-0___7___10.org.webengruven.webmail.auth.AuthDisplayMngr,UserSetup uses AuthDisplayMngr [3]
webmail-0___7___10.WebMailHelp,has param,webmail-0___7___10.net.wastl.webmail.server.HTTPSession,WebMailHelp uses HTTPSession [2]
webmail-0___7___10.WebMailHelp,implements,webmail-0___7___10.net.wastl.webmail.server.Plugin,WebMailHelp uses Plugin [1]
webmail-0___7___10.WebMailHelp,references,webmail-0___7___10.net.wastl.webmail.server.Storage,WebMailHelp uses Storage [4]
webmail-0___7___10.WebMailHelp,references,webmail-0___7___10.net.wastl.webmail.server.ToplevelURLHandler,WebMailHelp uses ToplevelURLHandler [2]
webmail-0___7___10.WebMailHelp,implements,webmail-0___7___10.net.wastl.webmail.server.URLHandler,WebMailHelp uses URLHandler [2]
webmail-0___7___10.WebMailHelp,references,webmail-0___7___10.net.wastl.webmail.server.UserData,WebMailHelp uses UserData [3]
webmail-0___7___10.WebMailHelp,has param,webmail-0___7___10.net.wastl.webmail.server.WebMailServer,WebMailHelp uses WebMailServer [3]
webmail-0___7___10.WebMailHelp,references,webmail-0___7___10.net.wastl.webmail.server.WebMailSession,WebMailHelp uses WebMailSession [3]
webmail-0___7___10.WebMailHelp,has param,webmail-0___7___10.net.wastl.webmail.server.http.HTTPRequestHeader,WebMailHelp uses HTTPRequestHeader [3]
webmail-0___7___10.WebMailHelp,returns,webmail-0___7___10.net.wastl.webmail.ui.html.HTMLDocument,WebMailHelp uses HTMLDocument [1]
webmail-0___7___10.WebMailHelp,references,webmail-0___7___10.net.wastl.webmail.ui.xml.XHTMLDocument,WebMailHelp uses XHTMLDocument [2]
webmail-0___7___10.WebMailHelp,calls,webmail-0___7___10.net.wastl.webmail.xml.XMLGenericModel,WebMailHelp uses XMLGenericModel [2]
webmail-0___7___10.WebMailHelp,references,webmail-0___7___10.net.wastl.webmail.xml.XMLUserModel,WebMailHelp uses XMLUserModel [1]
webmail-0___7___10.WebMailTitle,has param,webmail-0___7___10.net.wastl.webmail.server.HTTPSession,WebMailTitle uses HTTPSession [2]
webmail-0___7___10.WebMailTitle,implements,webmail-0___7___10.net.wastl.webmail.server.Plugin,WebMailTitle uses Plugin [1]
webmail-0___7___10.WebMailTitle,references,webmail-0___7___10.net.wastl.webmail.server.Storage,WebMailTitle uses Storage [3]
webmail-0___7___10.WebMailTitle,references,webmail-0___7___10.net.wastl.webmail.server.ToplevelURLHandler,WebMailTitle uses ToplevelURLHandler [2]
webmail-0___7___10.WebMailTitle,implements,webmail-0___7___10.net.wastl.webmail.server.URLHandler,WebMailTitle uses URLHandler [2]
webmail-0___7___10.WebMailTitle,references,webmail-0___7___10.net.wastl.webmail.server.UserData,WebMailTitle uses UserData [3]
webmail-0___7___10.WebMailTitle,has param,webmail-0___7___10.net.wastl.webmail.server.WebMailServer,WebMailTitle uses WebMailServer [3]
webmail-0___7___10.WebMailTitle,references,webmail-0___7___10.net.wastl.webmail.server.WebMailSession,WebMailTitle uses WebMailSession [2]
webmail-0___7___10.WebMailTitle,has param,webmail-0___7___10.net.wastl.webmail.server.http.HTTPRequestHeader,WebMailTitle uses HTTPRequestHeader [1]
webmail-0___7___10.WebMailTitle,returns,webmail-0___7___10.net.wastl.webmail.ui.html.HTMLDocument,WebMailTitle uses HTMLDocument [1]
webmail-0___7___10.WebMailTitle,references,webmail-0___7___10.net.wastl.webmail.ui.xml.XHTMLDocument,WebMailTitle uses XHTMLDocument [2]
webmail-0___7___10.net.wastl.webmail.config.ChoiceConfigParameter,extends,webmail-0___7___10.net.wastl.webmail.config.ConfigParameter,ChoiceConfigParameter uses ConfigParameter [3]
webmail-0___7___10.net.wastl.webmail.config.ConfigParameter,has param,webmail-0___7___10.net.wastl.webmail.config.ConfigurationListener,ConfigParameter uses ConfigurationListener [1]
webmail-0___7___10.net.wastl.webmail.config.ConfigScheme,references,webmail-0___7___10.net.wastl.webmail.config.ChoiceConfigParameter,ConfigScheme uses ChoiceConfigParameter [8]
webmail-0___7___10.net.wastl.webmail.config.ConfigScheme,returns,webmail-0___7___10.net.wastl.webmail.config.ConfigParameter,ConfigScheme uses ConfigParameter [37]
webmail-0___7___10.net.wastl.webmail.config.ConfigScheme,references,webmail-0___7___10.net.wastl.webmail.config.ConfigYesNoParameter,ConfigScheme uses ConfigYesNoParameter [4]
webmail-0___7___10.net.wastl.webmail.config.ConfigScheme,has param,webmail-0___7___10.net.wastl.webmail.config.ConfigurationListener,ConfigScheme uses ConfigurationListener [8]
webmail-0___7___10.net.wastl.webmail.config.ConfigScheme,references,webmail-0___7___10.net.wastl.webmail.config.CryptedStringConfigParameter,ConfigScheme uses CryptedStringConfigParameter [4]
webmail-0___7___10.net.wastl.webmail.config.ConfigScheme,references,webmail-0___7___10.net.wastl.webmail.config.IntegerConfigParameter,ConfigScheme uses IntegerConfigParameter [4]
webmail-0___7___10.net.wastl.webmail.config.ConfigScheme,references,webmail-0___7___10.net.wastl.webmail.config.StringConfigParameter,ConfigScheme uses StringConfigParameter [4]
webmail-0___7___10.net.wastl.webmail.config.ConfigStore,returns,webmail-0___7___10.net.wastl.webmail.config.ConfigScheme,ConfigStore uses ConfigScheme [13]
webmail-0___7___10.net.wastl.webmail.config.ConfigStore,has param,webmail-0___7___10.net.wastl.webmail.config.ConfigurationListener,ConfigStore uses ConfigurationListener [1]
webmail-0___7___10.net.wastl.webmail.config.ConfigYesNoParameter,extends,webmail-0___7___10.net.wastl.webmail.config.ChoiceConfigParameter,ConfigYesNoParameter uses ChoiceConfigParameter [3]
webmail-0___7___10.net.wastl.webmail.config.CryptedStringConfigParameter,extends,webmail-0___7___10.net.wastl.webmail.config.StringConfigParameter,CryptedStringConfigParameter uses StringConfigParameter [2]
webmail-0___7___10.net.wastl.webmail.config.IntegerConfigParameter,extends,webmail-0___7___10.net.wastl.webmail.config.ConfigParameter,IntegerConfigParameter uses ConfigParameter [2]
webmail-0___7___10.net.wastl.webmail.config.StringConfigParameter,extends,webmail-0___7___10.net.wastl.webmail.config.ConfigParameter,StringConfigParameter uses ConfigParameter [2]
webmail-0___7___10.net.wastl.webmail.config.UnchangeableStringConfigParameter,extends,webmail-0___7___10.net.wastl.webmail.config.StringConfigParameter,UnchangeableStringConfigParameter uses StringConfigParameter [2]
webmail-0___7___10.net.wastl.webmail.logger.FileLogger,references,webmail-0___7___10.net.wastl.webmail.config.ConfigScheme,FileLogger uses ConfigScheme [3]
webmail-0___7___10.net.wastl.webmail.logger.FileLogger,implements,webmail-0___7___10.net.wastl.webmail.config.ConfigurationListener,FileLogger uses ConfigurationListener [2]
webmail-0___7___10.net.wastl.webmail.logger.FileLogger,implements,webmail-0___7___10.net.wastl.webmail.server.Logger,FileLogger uses Logger [1]
webmail-0___7___10.net.wastl.webmail.logger.FileLogger,has param,webmail-0___7___10.net.wastl.webmail.server.Storage,FileLogger uses Storage [3]
webmail-0___7___10.net.wastl.webmail.logger.FileLogger,has param,webmail-0___7___10.net.wastl.webmail.server.WebMailServer,FileLogger uses WebMailServer [4]
webmail-0___7___10.net.wastl.webmail.logger.ServletLogger,references,webmail-0___7___10.net.wastl.webmail.config.ConfigScheme,ServletLogger uses ConfigScheme [2]
webmail-0___7___10.net.wastl.webmail.logger.ServletLogger,implements,webmail-0___7___10.net.wastl.webmail.config.ConfigurationListener,ServletLogger uses ConfigurationListener [2]
webmail-0___7___10.net.wastl.webmail.logger.ServletLogger,implements,webmail-0___7___10.net.wastl.webmail.server.Logger,ServletLogger uses Logger [1]
webmail-0___7___10.net.wastl.webmail.logger.ServletLogger,has param,webmail-0___7___10.net.wastl.webmail.server.Storage,ServletLogger uses Storage [3]
webmail-0___7___10.net.wastl.webmail.logger.ServletLogger,has param,webmail-0___7___10.net.wastl.webmail.server.WebMailServer,ServletLogger uses WebMailServer [2]
webmail-0___7___10.net.wastl.webmail.logger.ServletLogger,references,webmail-0___7___10.net.wastl.webmail.server.WebMailServlet,ServletLogger uses WebMailServlet [4]
webmail-0___7___10.net.wastl.webmail.server.AdminSession,references,webmail-0___7___10.net.wastl.webmail.server.Authenticator,AdminSession uses Authenticator [5]
webmail-0___7___10.net.wastl.webmail.server.AdminSession,implements,webmail-0___7___10.net.wastl.webmail.server.HTTPSession,AdminSession uses HTTPSession [6]
webmail-0___7___10.net.wastl.webmail.server.AdminSession,references,webmail-0___7___10.net.wastl.webmail.server.StatusServer,AdminSession uses StatusServer [2]
webmail-0___7___10.net.wastl.webmail.server.AdminSession,references,webmail-0___7___10.net.wastl.webmail.server.Storage,AdminSession uses Storage [21]
webmail-0___7___10.net.wastl.webmail.server.AdminSession,references,webmail-0___7___10.net.wastl.webmail.server.UserData,AdminSession uses UserData [2]
webmail-0___7___10.net.wastl.webmail.server.AdminSession,has param,webmail-0___7___10.net.wastl.webmail.server.WebMailServer,AdminSession uses WebMailServer [21]
webmail-0___7___10.net.wastl.webmail.server.AdminSession,references,webmail-0___7___10.net.wastl.webmail.server.WebMailSession,AdminSession uses WebMailSession [6]
webmail-0___7___10.net.wastl.webmail.server.AdminSession,has param,webmail-0___7___10.net.wastl.webmail.server.http.HTTPRequestHeader,AdminSession uses HTTPRequestHeader [8]
webmail-0___7___10.net.wastl.webmail.server.AdminSession,references,webmail-0___7___10.net.wastl.webmail.xml.XMLAdminModel,AdminSession uses XMLAdminModel [6]
webmail-0___7___10.net.wastl.webmail.server.AdminSession,calls,webmail-0___7___10.net.wastl.webmail.xml.XMLCommon,AdminSession uses XMLCommon [1]
webmail-0___7___10.net.wastl.webmail.server.AdminSession,references,webmail-0___7___10.net.wastl.webmail.xml.XMLGenericModel,AdminSession uses XMLGenericModel [15]
webmail-0___7___10.net.wastl.webmail.server.AdminSession,references,webmail-0___7___10.net.wastl.webmail.xml.XMLSystemData,AdminSession uses XMLSystemData [2]
webmail-0___7___10.net.wastl.webmail.server.AdminSession,references,webmail-0___7___10.net.wastl.webmail.xml.XMLUserData,AdminSession uses XMLUserData [11]
webmail-0___7___10.net.wastl.webmail.server.AdminSession,references,webmail-0___7___10.org.webengruven.webmail.auth.AuthDisplayMngr,AdminSession uses AuthDisplayMngr [3]
webmail-0___7___10.net.wastl.webmail.server.Authenticator,has param,webmail-0___7___10.net.wastl.webmail.config.ConfigScheme,Authenticator uses ConfigScheme [1]
webmail-0___7___10.net.wastl.webmail.server.Authenticator,has param,webmail-0___7___10.net.wastl.webmail.server.Storage,Authenticator uses Storage [1]
webmail-0___7___10.net.wastl.webmail.server.Authenticator,has param,webmail-0___7___10.net.wastl.webmail.server.UserData,Authenticator uses UserData [2]
webmail-0___7___10.net.wastl.webmail.server.Authenticator,returns,webmail-0___7___10.org.webengruven.webmail.auth.AuthDisplayMngr,Authenticator uses AuthDisplayMngr [2]
webmail-0___7___10.net.wastl.webmail.server.AuthenticatorHandler,references,webmail-0___7___10.net.wastl.webmail.config.ConfigScheme,AuthenticatorHandler uses ConfigScheme [4]
webmail-0___7___10.net.wastl.webmail.server.AuthenticatorHandler,returns,webmail-0___7___10.net.wastl.webmail.server.Authenticator,AuthenticatorHandler uses Authenticator [4]
webmail-0___7___10.net.wastl.webmail.server.AuthenticatorHandler,has param,webmail-0___7___10.net.wastl.webmail.server.WebMailServer,AuthenticatorHandler uses WebMailServer [5]
webmail-0___7___10.net.wastl.webmail.server.ConnectionTimer,has param,webmail-0___7___10.net.wastl.webmail.server.TimeableConnection,ConnectionTimer uses TimeableConnection [8]
webmail-0___7___10.net.wastl.webmail.server.HTTPSession,extends,webmail-0___7___10.net.wastl.webmail.server.TimeableConnection,HTTPSession uses TimeableConnection [1]
webmail-0___7___10.net.wastl.webmail.server.HTTPSession,has param,webmail-0___7___10.net.wastl.webmail.server.http.HTTPRequestHeader,HTTPSession uses HTTPRequestHeader [1]
webmail-0___7___10.net.wastl.webmail.server.Plugin,has param,webmail-0___7___10.net.wastl.webmail.server.WebMailServer,Plugin uses WebMailServer [1]
webmail-0___7___10.net.wastl.webmail.server.PluginDependencyTree,has param,webmail-0___7___10.net.wastl.webmail.server.Plugin,PluginDependencyTree uses Plugin [6]
webmail-0___7___10.net.wastl.webmail.server.PluginDependencyTree,has param,webmail-0___7___10.net.wastl.webmail.server.WebMailServer,PluginDependencyTree uses WebMailServer [1]
webmail-0___7___10.net.wastl.webmail.server.PluginHandler,references,webmail-0___7___10.net.wastl.webmail.server.Plugin,PluginHandler uses Plugin [1]
webmail-0___7___10.net.wastl.webmail.server.PluginHandler,references,webmail-0___7___10.net.wastl.webmail.server.PluginDependencyTree,PluginHandler uses PluginDependencyTree [4]
webmail-0___7___10.net.wastl.webmail.server.PluginHandler,references,webmail-0___7___10.net.wastl.webmail.server.Storage,PluginHandler uses Storage [2]
webmail-0___7___10.net.wastl.webmail.server.PluginHandler,has param,webmail-0___7___10.net.wastl.webmail.server.WebMailServer,PluginHandler uses WebMailServer [5]
webmail-0___7___10.net.wastl.webmail.server.Storage,references,webmail-0___7___10.net.wastl.webmail.config.ConfigScheme,Storage uses ConfigScheme [6]
webmail-0___7___10.net.wastl.webmail.server.Storage,calls,webmail-0___7___10.net.wastl.webmail.config.ConfigStore,Storage uses ConfigStore [4]
webmail-0___7___10.net.wastl.webmail.server.Storage,returns,webmail-0___7___10.net.wastl.webmail.server.Authenticator,Storage uses Authenticator [1]
webmail-0___7___10.net.wastl.webmail.server.Storage,has param,webmail-0___7___10.net.wastl.webmail.server.UserData,Storage uses UserData [1]
webmail-0___7___10.net.wastl.webmail.server.Storage,has param,webmail-0___7___10.net.wastl.webmail.server.WebMailServer,Storage uses WebMailServer [9]
webmail-0___7___10.net.wastl.webmail.server.Storage,returns,webmail-0___7___10.net.wastl.webmail.server.WebMailVirtualDomain,Storage uses WebMailVirtualDomain [3]
webmail-0___7___10.net.wastl.webmail.server.Storage,returns,webmail-0___7___10.net.wastl.webmail.xml.XMLAdminModel,Storage uses XMLAdminModel [2]
webmail-0___7___10.net.wastl.webmail.server.Storage,returns,webmail-0___7___10.net.wastl.webmail.xml.XMLGenericModel,Storage uses XMLGenericModel [7]
webmail-0___7___10.net.wastl.webmail.server.Storage,returns,webmail-0___7___10.net.wastl.webmail.xml.XMLSystemData,Storage uses XMLSystemData [11]
webmail-0___7___10.net.wastl.webmail.server.Storage,returns,webmail-0___7___10.net.wastl.webmail.xml.XMLUserData,Storage uses XMLUserData [5]
webmail-0___7___10.net.wastl.webmail.server.Storage,returns,webmail-0___7___10.net.wastl.webmail.xml.XMLUserModel,Storage uses XMLUserModel [2]
webmail-0___7___10.net.wastl.webmail.server.SystemCheck,has param,webmail-0___7___10.net.wastl.webmail.server.WebMailServer,SystemCheck uses WebMailServer [5]
webmail-0___7___10.net.wastl.webmail.server.ToplevelURLHandler,references,webmail-0___7___10.net.wastl.webmail.server.Authenticator,ToplevelURLHandler uses Authenticator [2]
webmail-0___7___10.net.wastl.webmail.server.ToplevelURLHandler,has param,webmail-0___7___10.net.wastl.webmail.server.HTTPSession,ToplevelURLHandler uses HTTPSession [5]
webmail-0___7___10.net.wastl.webmail.server.ToplevelURLHandler,references,webmail-0___7___10.net.wastl.webmail.server.Storage,ToplevelURLHandler uses Storage [8]
webmail-0___7___10.net.wastl.webmail.server.ToplevelURLHandler,implements,webmail-0___7___10.net.wastl.webmail.server.URLHandler,ToplevelURLHandler uses URLHandler [5]
webmail-0___7___10.net.wastl.webmail.server.ToplevelURLHandler,references,webmail-0___7___10.net.wastl.webmail.server.URLHandlerTree,ToplevelURLHandler uses URLHandlerTree [6]
webmail-0___7___10.net.wastl.webmail.server.ToplevelURLHandler,calls,webmail-0___7___10.net.wastl.webmail.server.URLHandlerTreeNode,ToplevelURLHandler uses URLHandlerTreeNode [1]
webmail-0___7___10.net.wastl.webmail.server.ToplevelURLHandler,references,webmail-0___7___10.net.wastl.webmail.server.UserData,ToplevelURLHandler uses UserData [6]
webmail-0___7___10.net.wastl.webmail.server.ToplevelURLHandler,has param,webmail-0___7___10.net.wastl.webmail.server.WebMailServer,ToplevelURLHandler uses WebMailServer [7]
webmail-0___7___10.net.wastl.webmail.server.ToplevelURLHandler,references,webmail-0___7___10.net.wastl.webmail.server.WebMailSession,ToplevelURLHandler uses WebMailSession [4]
webmail-0___7___10.net.wastl.webmail.server.ToplevelURLHandler,has param,webmail-0___7___10.net.wastl.webmail.server.http.HTTPRequestHeader,ToplevelURLHandler uses HTTPRequestHeader [3]
webmail-0___7___10.net.wastl.webmail.server.ToplevelURLHandler,returns,webmail-0___7___10.net.wastl.webmail.ui.html.HTMLDocument,ToplevelURLHandler uses HTMLDocument [2]
webmail-0___7___10.net.wastl.webmail.server.ToplevelURLHandler,references,webmail-0___7___10.net.wastl.webmail.ui.xml.XHTMLDocument,ToplevelURLHandler uses XHTMLDocument [4]
webmail-0___7___10.net.wastl.webmail.server.ToplevelURLHandler,references,webmail-0___7___10.net.wastl.webmail.xml.XMLGenericModel,ToplevelURLHandler uses XMLGenericModel [3]
webmail-0___7___10.net.wastl.webmail.server.ToplevelURLHandler,references,webmail-0___7___10.org.webengruven.webmail.auth.AuthDisplayMngr,ToplevelURLHandler uses AuthDisplayMngr [3]
webmail-0___7___10.net.wastl.webmail.server.URLHandler,has param,webmail-0___7___10.net.wastl.webmail.server.HTTPSession,URLHandler uses HTTPSession [1]
webmail-0___7___10.net.wastl.webmail.server.URLHandler,extends,webmail-0___7___10.net.wastl.webmail.server.URLHandlerTreeNode,URLHandler uses URLHandlerTreeNode [1]
webmail-0___7___10.net.wastl.webmail.server.URLHandler,has param,webmail-0___7___10.net.wastl.webmail.server.http.HTTPRequestHeader,URLHandler uses HTTPRequestHeader [1]
webmail-0___7___10.net.wastl.webmail.server.URLHandler,returns,webmail-0___7___10.net.wastl.webmail.ui.html.HTMLDocument,URLHandler uses HTMLDocument [1]
webmail-0___7___10.net.wastl.webmail.server.URLHandlerTree,returns,webmail-0___7___10.net.wastl.webmail.server.URLHandler,URLHandlerTree uses URLHandler [3]
webmail-0___7___10.net.wastl.webmail.server.URLHandlerTree,implements,webmail-0___7___10.net.wastl.webmail.server.URLHandlerTreeNode,URLHandlerTree uses URLHandlerTreeNode [1]
webmail-0___7___10.net.wastl.webmail.server.UserData,returns,webmail-0___7___10.net.wastl.webmail.server.MailHostData,UserData uses MailHostData [1]
webmail-0___7___10.net.wastl.webmail.server.WebMailServer,returns,webmail-0___7___10.net.wastl.webmail.config.ConfigScheme,WebMailServer uses ConfigScheme [10]
webmail-0___7___10.net.wastl.webmail.server.WebMailServer,returns,webmail-0___7___10.net.wastl.webmail.server.AuthenticatorHandler,WebMailServer uses AuthenticatorHandler [4]
webmail-0___7___10.net.wastl.webmail.server.WebMailServer,returns,webmail-0___7___10.net.wastl.webmail.server.ConnectionTimer,WebMailServer uses ConnectionTimer [5]
webmail-0___7___10.net.wastl.webmail.server.WebMailServer,returns,webmail-0___7___10.net.wastl.webmail.server.HTTPSession,WebMailServer uses HTTPSession [7]
webmail-0___7___10.net.wastl.webmail.server.WebMailServer,returns,webmail-0___7___10.net.wastl.webmail.server.PluginHandler,WebMailServer uses PluginHandler [4]
webmail-0___7___10.net.wastl.webmail.server.WebMailServer,returns,webmail-0___7___10.net.wastl.webmail.server.Storage,WebMailServer uses Storage [13]
webmail-0___7___10.net.wastl.webmail.server.WebMailServer,references,webmail-0___7___10.net.wastl.webmail.server.SystemCheck,WebMailServer uses SystemCheck [2]
webmail-0___7___10.net.wastl.webmail.server.WebMailServer,references,webmail-0___7___10.net.wastl.webmail.server.TimeableConnection,WebMailServer uses TimeableConnection [1]
webmail-0___7___10.net.wastl.webmail.server.WebMailServer,returns,webmail-0___7___10.net.wastl.webmail.server.ToplevelURLHandler,WebMailServer uses ToplevelURLHandler [4]
webmail-0___7___10.net.wastl.webmail.server.WebMailServer,has param,webmail-0___7___10.net.wastl.webmail.server.http.HTTPRequestHeader,WebMailServer uses HTTPRequestHeader [2]
webmail-0___7___10.net.wastl.webmail.server.WebMailServlet,returns,webmail-0___7___10.net.wastl.webmail.server.AdminSession,WebMailServlet uses AdminSession [5]
webmail-0___7___10.net.wastl.webmail.server.WebMailServlet,calls,webmail-0___7___10.net.wastl.webmail.server.ConnectionTimer,WebMailServlet uses ConnectionTimer [2]
webmail-0___7___10.net.wastl.webmail.server.WebMailServlet,returns,webmail-0___7___10.net.wastl.webmail.server.HTTPSession,WebMailServlet uses HTTPSession [3]
webmail-0___7___10.net.wastl.webmail.server.WebMailServlet,references,webmail-0___7___10.net.wastl.webmail.server.Storage,WebMailServlet uses Storage [4]
webmail-0___7___10.net.wastl.webmail.server.WebMailServlet,references,webmail-0___7___10.net.wastl.webmail.server.TimeableConnection,WebMailServlet uses TimeableConnection [2]
webmail-0___7___10.net.wastl.webmail.server.WebMailServlet,references,webmail-0___7___10.net.wastl.webmail.server.ToplevelURLHandler,WebMailServlet uses ToplevelURLHandler [3]
webmail-0___7___10.net.wastl.webmail.server.WebMailServlet,extends,webmail-0___7___10.net.wastl.webmail.server.WebMailServer,WebMailServlet uses WebMailServer [16]
webmail-0___7___10.net.wastl.webmail.server.WebMailServlet,returns,webmail-0___7___10.net.wastl.webmail.server.WebMailSession,WebMailServlet uses WebMailSession [5]
webmail-0___7___10.net.wastl.webmail.server.WebMailServlet,has param,webmail-0___7___10.net.wastl.webmail.server.http.HTTPRequestHeader,WebMailServlet uses HTTPRequestHeader [11]
webmail-0___7___10.net.wastl.webmail.server.WebMailServlet,references,webmail-0___7___10.net.wastl.webmail.ui.html.HTMLDocument,WebMailServlet uses HTMLDocument [6]
webmail-0___7___10.net.wastl.webmail.server.WebMailServlet,references,webmail-0___7___10.net.wastl.webmail.ui.html.HTMLImage,WebMailServlet uses HTMLImage [5]
webmail-0___7___10.net.wastl.webmail.server.WebMailSession,references,webmail-0___7___10.net.wastl.webmail.server.Authenticator,WebMailSession uses Authenticator [3]
webmail-0___7___10.net.wastl.webmail.server.WebMailSession,implements,webmail-0___7___10.net.wastl.webmail.server.HTTPSession,WebMailSession uses HTTPSession [2]
webmail-0___7___10.net.wastl.webmail.server.WebMailSession,references,webmail-0___7___10.net.wastl.webmail.server.MailHostData,WebMailSession uses MailHostData [13]
webmail-0___7___10.net.wastl.webmail.server.WebMailSession,references,webmail-0___7___10.net.wastl.webmail.server.Storage,WebMailSession uses Storage [39]
webmail-0___7___10.net.wastl.webmail.server.WebMailSession,returns,webmail-0___7___10.net.wastl.webmail.server.UserData,WebMailSession uses UserData [2]
webmail-0___7___10.net.wastl.webmail.server.WebMailSession,has param,webmail-0___7___10.net.wastl.webmail.server.WebMailServer,WebMailSession uses WebMailServer [29]
webmail-0___7___10.net.wastl.webmail.server.WebMailSession,references,webmail-0___7___10.net.wastl.webmail.server.WebMailVirtualDomain,WebMailSession uses WebMailVirtualDomain [2]
webmail-0___7___10.net.wastl.webmail.server.WebMailSession,has param,webmail-0___7___10.net.wastl.webmail.server.http.HTTPRequestHeader,WebMailSession uses HTTPRequestHeader [20]
webmail-0___7___10.net.wastl.webmail.server.WebMailSession,calls,webmail-0___7___10.net.wastl.webmail.ui.html.Fancyfier,WebMailSession uses Fancyfier [2]
webmail-0___7___10.net.wastl.webmail.server.WebMailSession,calls,webmail-0___7___10.net.wastl.webmail.xml.XMLGenericModel,WebMailSession uses XMLGenericModel [8]
webmail-0___7___10.net.wastl.webmail.server.WebMailSession,references,webmail-0___7___10.net.wastl.webmail.xml.XMLMessage,WebMailSession uses XMLMessage [20]
webmail-0___7___10.net.wastl.webmail.server.WebMailSession,has param,webmail-0___7___10.net.wastl.webmail.xml.XMLMessagePart,WebMailSession uses XMLMessagePart [27]
webmail-0___7___10.net.wastl.webmail.server.WebMailSession,references,webmail-0___7___10.net.wastl.webmail.xml.XMLUserData,WebMailSession uses XMLUserData [56]
webmail-0___7___10.net.wastl.webmail.server.WebMailSession,returns,webmail-0___7___10.net.wastl.webmail.xml.XMLUserModel,WebMailSession uses XMLUserModel [29]
webmail-0___7___10.net.wastl.webmail.storage.FileStorage,calls,webmail-0___7___10.net.wastl.webmail.config.ConfigScheme,FileStorage uses ConfigScheme [6]
webmail-0___7___10.net.wastl.webmail.storage.FileStorage,implements,webmail-0___7___10.net.wastl.webmail.config.ConfigurationListener,FileStorage uses ConfigurationListener [4]
webmail-0___7___10.net.wastl.webmail.storage.FileStorage,references,webmail-0___7___10.net.wastl.webmail.logger.FileLogger,FileStorage uses FileLogger [2]
webmail-0___7___10.net.wastl.webmail.storage.FileStorage,references,webmail-0___7___10.net.wastl.webmail.logger.ServletLogger,FileStorage uses ServletLogger [2]
webmail-0___7___10.net.wastl.webmail.storage.FileStorage,returns,webmail-0___7___10.net.wastl.webmail.server.Authenticator,FileStorage uses Authenticator [5]
webmail-0___7___10.net.wastl.webmail.storage.FileStorage,references,webmail-0___7___10.net.wastl.webmail.server.AuthenticatorHandler,FileStorage uses AuthenticatorHandler [2]
webmail-0___7___10.net.wastl.webmail.storage.FileStorage,calls,webmail-0___7___10.net.wastl.webmail.server.Logger,FileStorage uses Logger [4]
webmail-0___7___10.net.wastl.webmail.storage.FileStorage,extends,webmail-0___7___10.net.wastl.webmail.server.Storage,FileStorage uses Storage [16]
webmail-0___7___10.net.wastl.webmail.storage.FileStorage,has param,webmail-0___7___10.net.wastl.webmail.server.WebMailServer,FileStorage uses WebMailServer [6]
webmail-0___7___10.net.wastl.webmail.storage.simple.SimpleStorage,references,webmail-0___7___10.net.wastl.webmail.config.ConfigScheme,SimpleStorage uses ConfigScheme [2]
webmail-0___7___10.net.wastl.webmail.storage.simple.SimpleStorage,references,webmail-0___7___10.net.wastl.webmail.config.ConfigurationListener,SimpleStorage uses ConfigurationListener [1]
webmail-0___7___10.net.wastl.webmail.storage.simple.SimpleStorage,calls,webmail-0___7___10.net.wastl.webmail.server.Authenticator,SimpleStorage uses Authenticator [2]
webmail-0___7___10.net.wastl.webmail.storage.simple.SimpleStorage,calls,webmail-0___7___10.net.wastl.webmail.server.Storage,SimpleStorage uses Storage [18]
webmail-0___7___10.net.wastl.webmail.storage.simple.SimpleStorage,references,webmail-0___7___10.net.wastl.webmail.server.UserData,SimpleStorage uses UserData [1]
webmail-0___7___10.net.wastl.webmail.storage.simple.SimpleStorage,has param,webmail-0___7___10.net.wastl.webmail.server.WebMailServer,SimpleStorage uses WebMailServer [9]
webmail-0___7___10.net.wastl.webmail.storage.simple.SimpleStorage,references,webmail-0___7___10.net.wastl.webmail.server.WebMailVirtualDomain,SimpleStorage uses WebMailVirtualDomain [2]
webmail-0___7___10.net.wastl.webmail.storage.simple.SimpleStorage,extends,webmail-0___7___10.net.wastl.webmail.storage.FileStorage,SimpleStorage uses FileStorage [12]
webmail-0___7___10.net.wastl.webmail.storage.simple.SimpleStorage,calls,webmail-0___7___10.net.wastl.webmail.xml.XMLCommon,SimpleStorage uses XMLCommon [2]
webmail-0___7___10.net.wastl.webmail.storage.simple.SimpleStorage,references,webmail-0___7___10.net.wastl.webmail.xml.XMLSystemData,SimpleStorage uses XMLSystemData [4]
webmail-0___7___10.net.wastl.webmail.storage.simple.SimpleStorage,returns,webmail-0___7___10.net.wastl.webmail.xml.XMLUserData,SimpleStorage uses XMLUserData [10]
webmail-0___7___10.net.wastl.webmail.ui.html.HTMLDocument,references,webmail-0___7___10.net.wastl.webmail.ui.html.HTMLHeader,HTMLDocument uses HTMLHeader [5]
webmail-0___7___10.net.wastl.webmail.ui.html.HTMLImage,has param,webmail-0___7___10.net.wastl.webmail.server.Storage,HTMLImage uses Storage [3]
webmail-0___7___10.net.wastl.webmail.ui.html.HTMLImage,extends,webmail-0___7___10.net.wastl.webmail.ui.html.HTMLDocument,HTMLImage uses HTMLDocument [3]
webmail-0___7___10.net.wastl.webmail.ui.xml.XHTMLDocument,references,webmail-0___7___10.net.wastl.webmail.server.Storage,XHTMLDocument uses Storage [4]
webmail-0___7___10.net.wastl.webmail.ui.xml.XHTMLDocument,calls,webmail-0___7___10.net.wastl.webmail.server.WebMailServer,XHTMLDocument uses WebMailServer [2]
webmail-0___7___10.net.wastl.webmail.ui.xml.XHTMLDocument,extends,webmail-0___7___10.net.wastl.webmail.ui.html.HTMLDocument,XHTMLDocument uses HTMLDocument [7]
webmail-0___7___10.net.wastl.webmail.xml.XMLAdminModel,has param,webmail-0___7___10.net.wastl.webmail.server.WebMailServer,XMLAdminModel uses WebMailServer [1]
webmail-0___7___10.net.wastl.webmail.xml.XMLAdminModel,calls,webmail-0___7___10.net.wastl.webmail.xml.XMLCommon,XMLAdminModel uses XMLCommon [3]
webmail-0___7___10.net.wastl.webmail.xml.XMLAdminModel,extends,webmail-0___7___10.net.wastl.webmail.xml.XMLGenericModel,XMLAdminModel uses XMLGenericModel [9]
webmail-0___7___10.net.wastl.webmail.xml.XMLGenericModel,has param,webmail-0___7___10.net.wastl.webmail.server.WebMailServer,XMLGenericModel uses WebMailServer [8]
webmail-0___7___10.net.wastl.webmail.xml.XMLGenericModel,calls,webmail-0___7___10.net.wastl.webmail.xml.XMLCommon,XMLGenericModel uses XMLCommon [2]
webmail-0___7___10.net.wastl.webmail.xml.XMLMessage,calls,webmail-0___7___10.net.wastl.webmail.xml.XMLCommon,XMLMessage uses XMLCommon [2]
webmail-0___7___10.net.wastl.webmail.xml.XMLMessage,extends,webmail-0___7___10.net.wastl.webmail.xml.XMLMessagePart,XMLMessage uses XMLMessagePart [25]
webmail-0___7___10.net.wastl.webmail.xml.XMLMessagePart,calls,webmail-0___7___10.net.wastl.webmail.xml.XMLCommon,XMLMessagePart uses XMLCommon [7]
webmail-0___7___10.net.wastl.webmail.xml.XMLResourceBundle,references,webmail-0___7___10.net.wastl.webmail.server.WebMailServer,XMLResourceBundle uses WebMailServer [3]
webmail-0___7___10.net.wastl.webmail.xml.XMLSystemData,references,webmail-0___7___10.net.wastl.webmail.config.ChoiceConfigParameter,XMLSystemData uses ChoiceConfigParameter [4]
webmail-0___7___10.net.wastl.webmail.xml.XMLSystemData,references,webmail-0___7___10.net.wastl.webmail.config.ConfigParameter,XMLSystemData uses ConfigParameter [2]
webmail-0___7___10.net.wastl.webmail.xml.XMLSystemData,has param,webmail-0___7___10.net.wastl.webmail.config.ConfigScheme,XMLSystemData uses ConfigScheme [4]
webmail-0___7___10.net.wastl.webmail.xml.XMLSystemData,extends,webmail-0___7___10.net.wastl.webmail.config.ConfigStore,XMLSystemData uses ConfigStore [5]
webmail-0___7___10.net.wastl.webmail.xml.XMLSystemData,references,webmail-0___7___10.net.wastl.webmail.server.Storage,XMLSystemData uses Storage [4]
webmail-0___7___10.net.wastl.webmail.xml.XMLSystemData,calls,webmail-0___7___10.net.wastl.webmail.server.WebMailServer,XMLSystemData uses WebMailServer [2]
webmail-0___7___10.net.wastl.webmail.xml.XMLSystemData,implements,webmail-0___7___10.net.wastl.webmail.server.WebMailVirtualDomain,XMLSystemData uses WebMailVirtualDomain [4]
webmail-0___7___10.net.wastl.webmail.xml.XMLSystemData,calls,webmail-0___7___10.net.wastl.webmail.xml.XMLCommon,XMLSystemData uses XMLCommon [16]
webmail-0___7___10.net.wastl.webmail.xml.XMLUserData,implements,webmail-0___7___10.net.wastl.webmail.server.MailHostData,XMLUserData uses MailHostData [3]
webmail-0___7___10.net.wastl.webmail.xml.XMLUserData,implements,webmail-0___7___10.net.wastl.webmail.server.UserData,XMLUserData uses UserData [1]
webmail-0___7___10.net.wastl.webmail.xml.XMLUserData,calls,webmail-0___7___10.net.wastl.webmail.server.WebMailServer,XMLUserData uses WebMailServer [4]
webmail-0___7___10.net.wastl.webmail.xml.XMLUserData,calls,webmail-0___7___10.net.wastl.webmail.xml.XMLCommon,XMLUserData uses XMLCommon [33]
webmail-0___7___10.net.wastl.webmail.xml.XMLUserModel,has param,webmail-0___7___10.net.wastl.webmail.server.WebMailServer,XMLUserModel uses WebMailServer [3]
webmail-0___7___10.net.wastl.webmail.xml.XMLUserModel,calls,webmail-0___7___10.net.wastl.webmail.xml.XMLCommon,XMLUserModel uses XMLCommon [3]
webmail-0___7___10.net.wastl.webmail.xml.XMLUserModel,extends,webmail-0___7___10.net.wastl.webmail.xml.XMLGenericModel,XMLUserModel uses XMLGenericModel [15]
webmail-0___7___10.net.wastl.webmail.xml.XMLUserModel,returns,webmail-0___7___10.net.wastl.webmail.xml.XMLMessage,XMLUserModel uses XMLMessage [8]
webmail-0___7___10.net.wastl.webmail.xml.XMLUserModel,references,webmail-0___7___10.net.wastl.webmail.xml.XMLMessagePart,XMLUserModel uses XMLMessagePart [3]
webmail-0___7___10.org.bulbul.webmail.xmlresource.ResourceBase,references,webmail-0___7___10.net.wastl.webmail.server.WebMailServer,ResourceBase uses WebMailServer [3]
webmail-0___7___10.org.bulbul.webmail.xmlresource.Resources,extends,webmail-0___7___10.org.bulbul.webmail.xmlresource.ResourceBase,Resources uses ResourceBase [2]
webmail-0___7___10.org.bulbul.webmail.xmlresource.Resources_en,extends,webmail-0___7___10.org.bulbul.webmail.xmlresource.ResourceBase,Resources_en uses ResourceBase [2]
webmail-0___7___10.org.bulbul.webmail.xmlresource.Resources_en_US,extends,webmail-0___7___10.org.bulbul.webmail.xmlresource.ResourceBase,Resources_en_US uses ResourceBase [2]
webmail-0___7___10.org.bulbul.webmail.xmlresource.Resources_zh_TW,extends,webmail-0___7___10.org.bulbul.webmail.xmlresource.ResourceBase,Resources_zh_TW uses ResourceBase [2]
webmail-0___7___10.org.webengruven.webmail.auth.AuthDisplayMngr,has param,webmail-0___7___10.net.wastl.webmail.server.UserData,AuthDisplayMngr uses UserData [1]
webmail-0___7___10.org.webengruven.webmail.auth.AuthDisplayMngr,has param,webmail-0___7___10.net.wastl.webmail.xml.XMLGenericModel,AuthDisplayMngr uses XMLGenericModel [4]
webmail-0___7___10.org.webengruven.webmail.auth.CRAuthDisplayMngr,has param,webmail-0___7___10.net.wastl.webmail.server.UserData,CRAuthDisplayMngr uses UserData [1]
webmail-0___7___10.org.webengruven.webmail.auth.CRAuthDisplayMngr,has param,webmail-0___7___10.net.wastl.webmail.xml.XMLGenericModel,CRAuthDisplayMngr uses XMLGenericModel [4]
webmail-0___7___10.org.webengruven.webmail.auth.CRAuthDisplayMngr,extends,webmail-0___7___10.org.webengruven.webmail.auth.AuthDisplayMngr,CRAuthDisplayMngr uses AuthDisplayMngr [3]
webmail-0___7___10.org.webengruven.webmail.auth.CRAuthDisplayMngr,has param,webmail-0___7___10.org.webengruven.webmail.auth.CRAuthenticator,CRAuthDisplayMngr uses CRAuthenticator [3]
webmail-0___7___10.org.webengruven.webmail.auth.CRAuthenticator,extends,webmail-0___7___10.net.wastl.webmail.server.Authenticator,CRAuthenticator uses Authenticator [2]
webmail-0___7___10.org.webengruven.webmail.auth.CRAuthenticator,has param,webmail-0___7___10.net.wastl.webmail.server.UserData,CRAuthenticator uses UserData [1]
webmail-0___7___10.org.webengruven.webmail.auth.CRAuthenticator,returns,webmail-0___7___10.org.webengruven.webmail.auth.AuthDisplayMngr,CRAuthenticator uses AuthDisplayMngr [1]
webmail-0___7___10.org.webengruven.webmail.auth.CRAuthenticator,references,webmail-0___7___10.org.webengruven.webmail.auth.CRAuthDisplayMngr,CRAuthenticator uses CRAuthDisplayMngr [2]
webmail-0___7___10.org.webengruven.webmail.auth.OTPAuthDisplayMngr,has param,webmail-0___7___10.net.wastl.webmail.server.UserData,OTPAuthDisplayMngr uses UserData [1]
webmail-0___7___10.org.webengruven.webmail.auth.OTPAuthDisplayMngr,has param,webmail-0___7___10.net.wastl.webmail.xml.XMLGenericModel,OTPAuthDisplayMngr uses XMLGenericModel [2]
webmail-0___7___10.org.webengruven.webmail.auth.OTPAuthDisplayMngr,extends,webmail-0___7___10.org.webengruven.webmail.auth.CRAuthDisplayMngr,OTPAuthDisplayMngr uses CRAuthDisplayMngr [5]
webmail-0___7___10.org.webengruven.webmail.auth.OTPAuthDisplayMngr,references,webmail-0___7___10.org.webengruven.webmail.auth.CRAuthenticator,OTPAuthDisplayMngr uses CRAuthenticator [1]
webmail-0___7___10.org.webengruven.webmail.auth.OTPAuthDisplayMngr,has param,webmail-0___7___10.org.webengruven.webmail.auth.OTPAuthenticatorIface,OTPAuthDisplayMngr uses OTPAuthenticatorIface [3]
webmail-0___7___10.org.webengruven.webmail.auth.OTPAuthenticatorIface,has param,webmail-0___7___10.net.wastl.webmail.server.UserData,OTPAuthenticatorIface uses UserData [1]
webmail-0___7___10.org.webengruven.webmail.auth.OTPAuthenticatorIface,extends,webmail-0___7___10.org.webengruven.webmail.auth.CRAuthenticator,OTPAuthenticatorIface uses CRAuthenticator [2]