displaytag-1___2.org.displaytag.portlet.PortletHrefTest,references,displaytag-1___2.org.displaytag.portlet.PortletHref,PortletHrefTest uses PortletHref [73]
displaytag-1___2.org.displaytag.util.DefaultHrefTest,references,displaytag-1___2.org.displaytag.util.Href,DefaultHrefTest uses Href [49]
displaytag-1___2.org.displaytag.util.DefaultHrefTest,references,displaytag-1___2.org.displaytag.util.DefaultHref,DefaultHrefTest uses DefaultHref [40]
displaytag-1___2.org.displaytag.tags.TableTag,returns,displaytag-1___2.org.displaytag.model.TableModel,TableTag uses TableModel [37]
displaytag-1___2.org.displaytag.render.HtmlTableWriter,has param,displaytag-1___2.org.displaytag.model.TableModel,HtmlTableWriter uses TableModel [33]
displaytag-1___2.org.displaytag.tags.el.ELColumnTag,extends,displaytag-1___2.org.displaytag.tags.ColumnTag,ELColumnTag uses ColumnTag [32]
displaytag-1___2.org.displaytag.decorator.AutolinkColumnDecoratorTest,references,displaytag-1___2.org.displaytag.decorator.AutolinkColumnDecorator,AutolinkColumnDecoratorTest uses AutolinkColumnDecorator [30]
displaytag-1___2.org.displaytag.render.TableWriterTemplate,has param,displaytag-1___2.org.displaytag.model.TableModel,TableWriterTemplate uses TableModel [27]
displaytag-1___2.org.displaytag.tags.el.ELTableTag,extends,displaytag-1___2.org.displaytag.tags.TableTag,ELTableTag uses TableTag [24]
displaytag-1___2.org.displaytag.util.HtmlTagUtilTest,calls,displaytag-1___2.org.displaytag.util.HtmlTagUtil,HtmlTagUtilTest uses HtmlTagUtil [23]
displaytag-1___2.org.displaytag.tags.ColumnTag,references,displaytag-1___2.org.displaytag.model.HeaderCell,ColumnTag uses HeaderCell [20]
displaytag-1___2.org.displaytag.portlet.PortletRequestHelperTest,references,displaytag-1___2.org.displaytag.portlet.PortletRequestHelper,PortletRequestHelperTest uses PortletRequestHelper [20]
displaytag-1___2.org.displaytag.decorator.MultilevelTotalTableDecorator,has param,displaytag-1___2.org.displaytag.model.HeaderCell,MultilevelTotalTableDecorator uses HeaderCell [20]
displaytag-1___2.org.displaytag.tags.TableTag,returns,displaytag-1___2.org.displaytag.properties.TableProperties,TableTag uses TableProperties [19]
displaytag-1___2.org.displaytag.render.HtmlTableWriter,has param,displaytag-1___2.org.displaytag.properties.TableProperties,HtmlTableWriter uses TableProperties [19]
displaytag-1___2.org.displaytag.portlet.PortletRequestHelperTest,references,displaytag-1___2.org.displaytag.portlet.PortletHref,PortletRequestHelperTest uses PortletHref [18]
displaytag-1___2.org.displaytag.util.PostHref,implements,displaytag-1___2.org.displaytag.util.Href,PostHref uses Href [18]
displaytag-1___2.org.displaytag.render.HtmlTableWriter,returns,displaytag-1___2.org.displaytag.util.Href,HtmlTableWriter uses Href [17]
displaytag-1___2.org.displaytag.pagination.SmartListHelper,has param,displaytag-1___2.org.displaytag.properties.TableProperties,SmartListHelper uses TableProperties [17]
displaytag-1___2.org.displaytag.pagination.PaginatedListSmartListHelper,has param,displaytag-1___2.org.displaytag.properties.TableProperties,PaginatedListSmartListHelper uses TableProperties [17]
displaytag-1___2.org.displaytag.properties.MediaTypeEnumTest,references,displaytag-1___2.org.displaytag.properties.MediaTypeEnum,MediaTypeEnumTest uses MediaTypeEnum [16]
displaytag-1___2.org.displaytag.render.ItextTableWriter,has param,displaytag-1___2.org.displaytag.model.TableModel,ItextTableWriter uses TableModel [16]
displaytag-1___2.org.displaytag.render.HssfTableWriter,has param,displaytag-1___2.org.displaytag.model.TableModel,HssfTableWriter uses TableModel [16]
displaytag-1___2.org.displaytag.tags.TableTag,has param,displaytag-1___2.org.displaytag.model.HeaderCell,TableTag uses HeaderCell [15]
displaytag-1___2.org.displaytag.tags.HtmlTableTag,returns,displaytag-1___2.org.displaytag.util.HtmlAttributeMap,HtmlTableTag uses HtmlAttributeMap [14]
displaytag-1___2.org.displaytag.model.Column,returns,displaytag-1___2.org.displaytag.model.HeaderCell,Column uses HeaderCell [14]
displaytag-1___2.org.displaytag.render.HtmlTableWriter,has param,displaytag-1___2.org.displaytag.model.HeaderCell,HtmlTableWriter uses HeaderCell [14]
displaytag-1___2.org.displaytag.pagination.PaginatedListSmartListHelper,has param,displaytag-1___2.org.displaytag.pagination.PaginatedList,PaginatedListSmartListHelper uses PaginatedList [14]
displaytag-1___2.org.displaytag.tags.ColumnTag,uses inherited,displaytag-1___2.org.displaytag.util.HtmlAttributeMap,ColumnTag uses HtmlAttributeMap [13]
displaytag-1___2.org.displaytag.tags.ColumnTag,returns,displaytag-1___2.org.displaytag.tags.TableTag,ColumnTag uses TableTag [13]
displaytag-1___2.org.displaytag.render.TableWriterAdapter,has param,displaytag-1___2.org.displaytag.model.TableModel,TableWriterAdapter uses TableModel [13]
displaytag-1___2.org.displaytag.tags.TableTag,references,displaytag-1___2.org.displaytag.properties.MediaTypeEnum,TableTag uses MediaTypeEnum [12]
displaytag-1___2.org.displaytag.pagination.SmartListHelper,references,displaytag-1___2.org.displaytag.pagination.Pagination,SmartListHelper uses Pagination [12]
displaytag-1___2.org.displaytag.pagination.PaginatedListSmartListHelper,references,displaytag-1___2.org.displaytag.pagination.Pagination,PaginatedListSmartListHelper uses Pagination [12]
displaytag-1___2.org.displaytag.decorator.TableDecoratorTest,calls,displaytag-1___2.org.displaytag.decorator.TableDecorator,TableDecoratorTest uses TableDecorator [12]
displaytag-1___2.org.displaytag.tags.CaptionTag,uses inherited,displaytag-1___2.org.displaytag.util.HtmlAttributeMap,CaptionTag uses HtmlAttributeMap [11]
displaytag-1___2.org.displaytag.portlet.PortletHrefTest,references,displaytag-1___2.org.displaytag.util.Href,PortletHrefTest uses Href [11]
displaytag-1___2.org.displaytag.decorator.TotalTableDecorator,references,displaytag-1___2.org.displaytag.model.HeaderCell,TotalTableDecorator uses HeaderCell [11]
displaytag-1___2.org.displaytag.tags.el.ELCaptionTag,extends,displaytag-1___2.org.displaytag.tags.CaptionTag,ELCaptionTag uses CaptionTag [11]
displaytag-1___2.org.displaytag.decorator.MultilevelTotalTableDecorator,extends,displaytag-1___2.org.displaytag.decorator.TableDecorator,MultilevelTotalTableDecorator uses TableDecorator [11]
displaytag-1___2.org.displaytag.model.TableModel,returns,displaytag-1___2.org.displaytag.model.HeaderCell,TableModel uses HeaderCell [10]
displaytag-1___2.org.displaytag.decorator.AutolinkColumnDecoratorTest,references,displaytag-1___2.org.displaytag.properties.MediaTypeEnum,AutolinkColumnDecoratorTest uses MediaTypeEnum [10]
displaytag-1___2.org.displaytag.properties.TableProperties,has param,displaytag-1___2.org.displaytag.properties.MediaTypeEnum,TableProperties uses MediaTypeEnum [10]
displaytag-1___2.org.displaytag.decorator.MultilevelTotalTableDecorator,has param,displaytag-1___2.org.displaytag.model.TableModel,MultilevelTotalTableDecorator uses TableModel [10]
displaytag-1___2.org.displaytag.decorator.TotalTableDecorator,extends,displaytag-1___2.org.displaytag.decorator.TableDecorator,TotalTableDecorator uses TableDecorator [10]
displaytag-1___2.org.displaytag.decorator.TableDecoratorCssRow,extends,displaytag-1___2.org.displaytag.decorator.TableDecorator,TableDecoratorCssRow uses TableDecorator [10]
displaytag-1___2.org.displaytag.decorator.TableDecorator,extends,displaytag-1___2.org.displaytag.decorator.Decorator,TableDecorator uses Decorator [10]
displaytag-1___2.org.displaytag.decorator.CheckboxTableDecorator,extends,displaytag-1___2.org.displaytag.decorator.TableDecorator,CheckboxTableDecorator uses TableDecorator [10]
displaytag-1___2.org.displaytag.model.HeaderCell,returns,displaytag-1___2.org.displaytag.util.HtmlAttributeMap,HeaderCell uses HtmlAttributeMap [9]
displaytag-1___2.org.displaytag.exception.BaseNestableRuntimeException,returns,displaytag-1___2.org.displaytag.exception.SeverityEnum,BaseNestableRuntimeException uses SeverityEnum [9]
displaytag-1___2.org.displaytag.exception.BaseNestableJspTagException,returns,displaytag-1___2.org.displaytag.exception.SeverityEnum,BaseNestableJspTagException uses SeverityEnum [9]
displaytag-1___2.org.displaytag.util.ParamEncoderTest,references,displaytag-1___2.org.displaytag.util.ParamEncoder,ParamEncoderTest uses ParamEncoder [9]
displaytag-1___2.com.meterware.servletunit.ServletUnitHttpRequest,references,displaytag-1___2.com.meterware.servletunit.RequestContext,ServletUnitHttpRequest uses RequestContext [9]
displaytag-1___2.org.displaytag.render.TableWriterTemplate,has param,displaytag-1___2.org.displaytag.model.Column,TableWriterTemplate uses Column [9]
displaytag-1___2.org.displaytag.decorator.MultilevelTotalTableDecorator,has param,displaytag-1___2.org.displaytag.model.Column,MultilevelTotalTableDecorator uses Column [9]
displaytag-1___2.org.displaytag.tags.TableTag,references,displaytag-1___2.org.displaytag.model.Row,TableTag uses Row [8]
displaytag-1___2.org.displaytag.decorator.TableDecoratorThree,extends,displaytag-1___2.org.displaytag.decorator.TableDecorator,TableDecoratorThree uses TableDecorator [8]
displaytag-1___2.org.displaytag.decorator.TableDecoratorPageContext,extends,displaytag-1___2.org.displaytag.decorator.TableDecorator,TableDecoratorPageContext uses TableDecorator [8]
displaytag-1___2.org.displaytag.decorator.TableDecoratorOne,extends,displaytag-1___2.org.displaytag.decorator.TableDecorator,TableDecoratorOne uses TableDecorator [8]
displaytag-1___2.org.displaytag.decorator.TableDecoratorDate,extends,displaytag-1___2.org.displaytag.decorator.TableDecorator,TableDecoratorDate uses TableDecorator [8]
displaytag-1___2.org.displaytag.decorator.ModelDecorator,extends,displaytag-1___2.org.displaytag.decorator.TableDecorator,ModelDecorator uses TableDecorator [8]
displaytag-1___2.org.displaytag.decorator.ListIndexTableDecorator,extends,displaytag-1___2.org.displaytag.decorator.TableDecorator,ListIndexTableDecorator uses TableDecorator [8]
displaytag-1___2.org.displaytag.tags.el.ELTableTag,calls,displaytag-1___2.org.displaytag.tags.HtmlTableTag,ELTableTag uses HtmlTableTag [8]
displaytag-1___2.org.displaytag.util.Anchor,uses inherited,displaytag-1___2.org.displaytag.util.HtmlAttributeMap,Anchor uses HtmlAttributeMap [7]
displaytag-1___2.org.displaytag.tags.TableTag,returns,displaytag-1___2.org.displaytag.util.Href,TableTag uses Href [7]
displaytag-1___2.org.displaytag.tags.TableTag,references,displaytag-1___2.org.displaytag.util.ParamEncoder,TableTag uses ParamEncoder [7]
displaytag-1___2.org.displaytag.tags.TableTag,references,displaytag-1___2.org.displaytag.properties.SortOrderEnum,TableTag uses SortOrderEnum [7]
displaytag-1___2.org.displaytag.tags.TableTag,references,displaytag-1___2.org.displaytag.pagination.SmartListHelper,TableTag uses SmartListHelper [7]
displaytag-1___2.org.displaytag.tags.TableTag,references,displaytag-1___2.org.displaytag.pagination.PaginatedList,TableTag uses PaginatedList [7]
displaytag-1___2.org.displaytag.tags.TableFooterTag,references,displaytag-1___2.org.displaytag.tags.TableTag,TableFooterTag uses TableTag [7]
displaytag-1___2.org.displaytag.render.TableWriterTemplate,references,displaytag-1___2.org.displaytag.properties.TableProperties,TableWriterTemplate uses TableProperties [7]
displaytag-1___2.org.displaytag.render.HtmlTableWriter,references,displaytag-1___2.org.displaytag.util.ParamEncoder,HtmlTableWriter uses ParamEncoder [7]
displaytag-1___2.org.displaytag.filter.BufferedResponseWrapper13Impl,references,displaytag-1___2.org.displaytag.filter.SimpleServletOutputStream,BufferedResponseWrapper13Impl uses SimpleServletOutputStream [7]
displaytag-1___2.org.displaytag.tags.TableFooterTag,implements,displaytag-1___2.org.displaytag.util.MediaUtil,TableFooterTag uses MediaUtil [7]
displaytag-1___2.org.displaytag.tags.ColumnTag,implements,displaytag-1___2.org.displaytag.util.MediaUtil,ColumnTag uses MediaUtil [7]
displaytag-1___2.org.displaytag.tags.CaptionTag,implements,displaytag-1___2.org.displaytag.util.MediaUtil,CaptionTag uses MediaUtil [7]
displaytag-1___2.org.displaytag.tags.TableTag,has param,displaytag-1___2.org.displaytag.util.RequestHelper,TableTag uses RequestHelper [7]
displaytag-1___2.org.displaytag.properties.TableProperties,throws,displaytag-1___2.org.displaytag.exception.FactoryInstantiationException,TableProperties uses FactoryInstantiationException [6]
displaytag-1___2.org.displaytag.tags.el.ELTableTag,references,displaytag-1___2.org.displaytag.tags.el.ExpressionEvaluator,ELTableTag uses ExpressionEvaluator [6]
displaytag-1___2.org.displaytag.tags.el.ELColumnTag,references,displaytag-1___2.org.displaytag.tags.el.ExpressionEvaluator,ELColumnTag uses ExpressionEvaluator [6]
displaytag-1___2.org.displaytag.render.TableWriterTemplate,references,displaytag-1___2.org.displaytag.decorator.TableDecorator,TableWriterTemplate uses TableDecorator [6]
displaytag-1___2.org.displaytag.render.ItextTableWriter,references,displaytag-1___2.org.displaytag.decorator.TableDecorator,ItextTableWriter uses TableDecorator [6]
displaytag-1___2.org.displaytag.render.HtmlTableWriter,references,displaytag-1___2.org.displaytag.util.Anchor,HtmlTableWriter uses Anchor [6]
displaytag-1___2.org.displaytag.render.HtmlTableWriter,references,displaytag-1___2.org.displaytag.decorator.TableDecorator,HtmlTableWriter uses TableDecorator [6]
displaytag-1___2.org.displaytag.render.HssfTableWriter,references,displaytag-1___2.org.displaytag.decorator.TableDecorator,HssfTableWriter uses TableDecorator [6]
displaytag-1___2.org.displaytag.model.Column,references,displaytag-1___2.org.displaytag.model.TableModel,Column uses TableModel [6]
displaytag-1___2.org.displaytag.decorator.MultilevelTotalTableDecorator,references,displaytag-1___2.org.displaytag.model.ColumnIterator,MultilevelTotalTableDecorator uses ColumnIterator [6]
displaytag-1___2.org.displaytag.decorator.MessageFormatColumnDecoratorTest,references,displaytag-1___2.org.displaytag.decorator.MessageFormatColumnDecorator,MessageFormatColumnDecoratorTest uses MessageFormatColumnDecorator [6]
displaytag-1___2.org.displaytag.properties.TableProperties,implements,displaytag-1___2.org.displaytag.localization.LocaleResolver,TableProperties uses LocaleResolver [6]
displaytag-1___2.org.displaytag.render.TableWriterTemplate,has param,displaytag-1___2.org.displaytag.model.Row,TableWriterTemplate uses Row [6]
displaytag-1___2.org.displaytag.render.ItextTableWriter,has param,displaytag-1___2.org.displaytag.model.HeaderCell,ItextTableWriter uses HeaderCell [6]
displaytag-1___2.org.displaytag.pagination.Pagination,has param,displaytag-1___2.org.displaytag.util.Href,Pagination uses Href [6]
displaytag-1___2.org.displaytag.model.Column,has param,displaytag-1___2.org.displaytag.model.Row,Column uses Row [6]
displaytag-1___2.org.displaytag.export.PdfView,has param,displaytag-1___2.org.displaytag.model.TableModel,PdfView uses TableModel [6]
displaytag-1___2.org.displaytag.export.BaseExportView,has param,displaytag-1___2.org.displaytag.model.TableModel,BaseExportView uses TableModel [6]
displaytag-1___2.org.displaytag.decorator.MultilevelTotalTableDecorator,calls,displaytag-1___2.org.displaytag.decorator.Decorator,MultilevelTotalTableDecorator uses Decorator [6]
displaytag-1___2.org.displaytag.model.TableModel,returns,displaytag-1___2.org.displaytag.decorator.TableDecorator,TableModel uses TableDecorator [5]
displaytag-1___2.org.displaytag.model.Row,returns,displaytag-1___2.org.displaytag.model.TableModel,Row uses TableModel [5]
displaytag-1___2.org.displaytag.tags.TableTag,references,displaytag-1___2.org.displaytag.export.ExportViewFactory,TableTag uses ExportViewFactory [5]
displaytag-1___2.org.displaytag.tags.HtmlTableTag,references,displaytag-1___2.org.displaytag.util.MultipleHtmlAttribute,HtmlTableTag uses MultipleHtmlAttribute [5]
displaytag-1___2.org.displaytag.tags.ColumnTag,references,displaytag-1___2.org.displaytag.util.Href,ColumnTag uses Href [5]
displaytag-1___2.org.displaytag.tags.ColumnTag,references,displaytag-1___2.org.displaytag.properties.TableProperties,ColumnTag uses TableProperties [5]
displaytag-1___2.org.displaytag.tags.CaptionTag,references,displaytag-1___2.org.displaytag.tags.TableTag,CaptionTag uses TableTag [5]
displaytag-1___2.org.displaytag.render.HtmlTableWriter,references,displaytag-1___2.org.displaytag.properties.SortOrderEnum,HtmlTableWriter uses SortOrderEnum [5]
displaytag-1___2.org.displaytag.pagination.Pagination,references,displaytag-1___2.org.displaytag.pagination.NumberedPage,Pagination uses NumberedPage [5]
displaytag-1___2.org.displaytag.render.HtmlTableWriter,has param,displaytag-1___2.org.displaytag.model.Column,HtmlTableWriter uses Column [5]
displaytag-1___2.org.displaytag.decorator.TotalTableDecorator,has param,displaytag-1___2.org.displaytag.model.TableModel,TotalTableDecorator uses TableModel [5]
displaytag-1___2.org.displaytag.tags.el.ELSetPropertyTag,extends,displaytag-1___2.org.displaytag.tags.SetPropertyTag,ELSetPropertyTag uses SetPropertyTag [5]
displaytag-1___2.org.displaytag.tags.TableTag,extends,displaytag-1___2.org.displaytag.tags.HtmlTableTag,TableTag uses HtmlTableTag [5]
displaytag-1___2.org.displaytag.properties.TableProperties,calls,displaytag-1___2.org.displaytag.Messages,TableProperties uses Messages [5]
displaytag-1___2.org.displaytag.model.Column,uses inherited,displaytag-1___2.org.displaytag.util.HtmlAttributeMap,Column uses HtmlAttributeMap [4]
displaytag-1___2.org.displaytag.tags.TableTag,throws,displaytag-1___2.org.displaytag.exception.InvalidTagAttributeValueException,TableTag uses InvalidTagAttributeValueException [4]
displaytag-1___2.org.displaytag.properties.TableProperties,throws,displaytag-1___2.org.displaytag.exception.TablePropertiesLoadException,TableProperties uses TablePropertiesLoadException [4]
displaytag-1___2.org.displaytag.model.Column,throws,displaytag-1___2.org.displaytag.exception.ObjectLookupException,Column uses ObjectLookupException [4]
displaytag-1___2.org.displaytag.decorator.DefaultDecoratorFactory,throws,displaytag-1___2.org.displaytag.exception.DecoratorInstantiationException,DefaultDecoratorFactory uses DecoratorInstantiationException [4]
displaytag-1___2.org.displaytag.tags.TableTag,returns,displaytag-1___2.org.displaytag.tags.CaptionTag,TableTag uses CaptionTag [4]
displaytag-1___2.org.displaytag.model.Column,returns,displaytag-1___2.org.displaytag.util.Href,Column uses Href [4]
displaytag-1___2.org.displaytag.util.ToStringTest,references,displaytag-1___2.org.displaytag.properties.TableProperties,ToStringTest uses TableProperties [4]
displaytag-1___2.org.displaytag.util.ToStringTest,references,displaytag-1___2.org.displaytag.model.HeaderCell,ToStringTest uses HeaderCell [4]
displaytag-1___2.org.displaytag.util.PostHrefTest,references,displaytag-1___2.org.displaytag.util.PostHref,PostHrefTest uses PostHref [4]
displaytag-1___2.org.displaytag.util.PostHrefTest,references,displaytag-1___2.org.displaytag.util.Href,PostHrefTest uses Href [4]
displaytag-1___2.org.displaytag.util.PostHrefTest,references,displaytag-1___2.org.displaytag.util.DefaultHref,PostHrefTest uses DefaultHref [4]
displaytag-1___2.org.displaytag.tags.TableFooterTag,references,displaytag-1___2.org.displaytag.exception.TagStructureException,TableFooterTag uses TagStructureException [4]
displaytag-1___2.org.displaytag.tags.SetPropertyTag,references,displaytag-1___2.org.displaytag.tags.TableTag,SetPropertyTag uses TableTag [4]
displaytag-1___2.org.displaytag.tags.ColumnTag,references,displaytag-1___2.org.displaytag.util.MultipleHtmlAttribute,ColumnTag uses MultipleHtmlAttribute [4]
displaytag-1___2.org.displaytag.tags.ColumnTag,references,displaytag-1___2.org.displaytag.util.DefaultHref,ColumnTag uses DefaultHref [4]
displaytag-1___2.org.displaytag.tags.ColumnTag,references,displaytag-1___2.org.displaytag.properties.SortOrderEnum,ColumnTag uses SortOrderEnum [4]
displaytag-1___2.org.displaytag.tags.ColumnTag,references,displaytag-1___2.org.displaytag.model.Cell,ColumnTag uses Cell [4]
displaytag-1___2.org.displaytag.tags.CaptionTag,references,displaytag-1___2.org.displaytag.exception.TagStructureException,CaptionTag uses TagStructureException [4]
displaytag-1___2.org.displaytag.render.TableWriterTemplate,references,displaytag-1___2.org.displaytag.model.RowIterator,TableWriterTemplate uses RowIterator [4]
displaytag-1___2.org.displaytag.render.HtmlTableWriter,references,displaytag-1___2.org.displaytag.util.PostHref,HtmlTableWriter uses PostHref [4]
displaytag-1___2.org.displaytag.render.HtmlTableWriter,references,displaytag-1___2.org.displaytag.exception.WrappedRuntimeException,HtmlTableWriter uses WrappedRuntimeException [4]
displaytag-1___2.org.displaytag.properties.TitleKeyWebWorkTest,references,displaytag-1___2.org.displaytag.localization.I18nWebworkAdapter,TitleKeyWebWorkTest uses I18nWebworkAdapter [4]
displaytag-1___2.org.displaytag.properties.TitleKeyStrutsTest,references,displaytag-1___2.org.displaytag.localization.I18nStrutsAdapter,TitleKeyStrutsTest uses I18nStrutsAdapter [4]
displaytag-1___2.org.displaytag.properties.TitleKeySpringTest,references,displaytag-1___2.org.displaytag.localization.I18nSpringAdapter,TitleKeySpringTest uses I18nSpringAdapter [4]
displaytag-1___2.org.displaytag.properties.TitleKeyJstlTest,references,displaytag-1___2.org.displaytag.localization.I18nJstlAdapter,TitleKeyJstlTest uses I18nJstlAdapter [4]
displaytag-1___2.org.displaytag.properties.TitleKeyAutoColumnWebworkTest,references,displaytag-1___2.org.displaytag.localization.I18nWebworkAdapter,TitleKeyAutoColumnWebworkTest uses I18nWebworkAdapter [4]
displaytag-1___2.org.displaytag.properties.TitleKeyAutoColumnStrutsTest,references,displaytag-1___2.org.displaytag.localization.I18nStrutsAdapter,TitleKeyAutoColumnStrutsTest uses I18nStrutsAdapter [4]
displaytag-1___2.org.displaytag.properties.TitleKeyAutoColumnSpringTest,references,displaytag-1___2.org.displaytag.localization.I18nSpringAdapter,TitleKeyAutoColumnSpringTest uses I18nSpringAdapter [4]
displaytag-1___2.org.displaytag.properties.TitleKeyAutoColumnJstlTest,references,displaytag-1___2.org.displaytag.localization.I18nJstlAdapter,TitleKeyAutoColumnJstlTest uses I18nJstlAdapter [4]
displaytag-1___2.org.displaytag.portlet.PortletRequestHelper,references,displaytag-1___2.org.displaytag.portlet.PortletHref,PortletRequestHelper uses PortletHref [4]
displaytag-1___2.org.displaytag.model.Row,references,displaytag-1___2.org.displaytag.util.MultipleHtmlAttribute,Row uses MultipleHtmlAttribute [4]
displaytag-1___2.org.displaytag.export.ExportViewFactory,references,displaytag-1___2.org.displaytag.properties.TableProperties,ExportViewFactory uses TableProperties [4]
displaytag-1___2.org.displaytag.decorator.MultilevelTotalTableDecorator,references,displaytag-1___2.org.displaytag.model.Row,MultilevelTotalTableDecorator uses Row [4]
displaytag-1___2.org.displaytag.properties.TableProperties,implements,displaytag-1___2.org.displaytag.localization.I18nResourceProvider,TableProperties uses I18nResourceProvider [4]
displaytag-1___2.org.displaytag.portlet.PortletHref,implements,displaytag-1___2.org.displaytag.util.Href,PortletHref uses Href [4]
displaytag-1___2.org.displaytag.util.Anchor,has param,displaytag-1___2.org.displaytag.util.Href,Anchor uses Href [4]
displaytag-1___2.org.displaytag.render.HtmlTableWriter,has param,displaytag-1___2.org.displaytag.tags.CaptionTag,HtmlTableWriter uses CaptionTag [4]
displaytag-1___2.org.displaytag.render.HtmlTableWriter,has param,displaytag-1___2.org.displaytag.pagination.SmartListHelper,HtmlTableWriter uses SmartListHelper [4]
displaytag-1___2.org.displaytag.render.HtmlTableWriter,has param,displaytag-1___2.org.displaytag.pagination.PaginatedList,HtmlTableWriter uses PaginatedList [4]
displaytag-1___2.org.displaytag.render.HtmlTableWriter,has param,displaytag-1___2.org.displaytag.model.Row,HtmlTableWriter uses Row [4]
displaytag-1___2.org.displaytag.model.RowSorter,has param,displaytag-1___2.org.displaytag.decorator.TableDecorator,RowSorter uses TableDecorator [4]
displaytag-1___2.org.displaytag.model.ColumnIterator,has param,displaytag-1___2.org.displaytag.model.Row,ColumnIterator uses Row [4]
displaytag-1___2.org.displaytag.model.Column,has param,displaytag-1___2.org.displaytag.model.Cell,Column uses Cell [4]
displaytag-1___2.org.displaytag.filter.ExportDelegate,has param,displaytag-1___2.org.displaytag.filter.BufferedResponseWrapper,ExportDelegate uses BufferedResponseWrapper [4]
displaytag-1___2.org.displaytag.export.excel.ExcelHssfView,has param,displaytag-1___2.org.displaytag.model.TableModel,ExcelHssfView uses TableModel [4]
displaytag-1___2.org.displaytag.export.DefaultItextExportView,has param,displaytag-1___2.org.displaytag.model.TableModel,DefaultItextExportView uses TableModel [4]
displaytag-1___2.org.displaytag.decorator.EscapeXmlColumnDecorator,has param,displaytag-1___2.org.displaytag.properties.MediaTypeEnum,EscapeXmlColumnDecorator uses MediaTypeEnum [4]
displaytag-1___2.org.displaytag.decorator.DefaultDecoratorFactory,has param,displaytag-1___2.org.displaytag.decorator.ColumnDecorator,DefaultDecoratorFactory uses ColumnDecorator [4]
displaytag-1___2.org.displaytag.properties.TitleKeyWebWorkTest,extends,displaytag-1___2.org.displaytag.properties.AbstractTitleKeyTest,TitleKeyWebWorkTest uses AbstractTitleKeyTest [4]
displaytag-1___2.org.displaytag.properties.TitleKeyStrutsTest,extends,displaytag-1___2.org.displaytag.properties.AbstractTitleKeyTest,TitleKeyStrutsTest uses AbstractTitleKeyTest [4]
displaytag-1___2.org.displaytag.properties.TitleKeySpringTest,extends,displaytag-1___2.org.displaytag.properties.AbstractTitleKeyTest,TitleKeySpringTest uses AbstractTitleKeyTest [4]
displaytag-1___2.org.displaytag.properties.TitleKeyAutoColumnWebworkTest,extends,displaytag-1___2.org.displaytag.properties.AbstractTitleKeyAutoColumnTest,TitleKeyAutoColumnWebworkTest uses AbstractTitleKeyAutoColumnTest [4]
displaytag-1___2.org.displaytag.properties.TitleKeyAutoColumnStrutsTest,extends,displaytag-1___2.org.displaytag.properties.AbstractTitleKeyAutoColumnTest,TitleKeyAutoColumnStrutsTest uses AbstractTitleKeyAutoColumnTest [4]
displaytag-1___2.org.displaytag.properties.TitleKeyAutoColumnSpringTest,extends,displaytag-1___2.org.displaytag.properties.AbstractTitleKeyAutoColumnTest,TitleKeyAutoColumnSpringTest uses AbstractTitleKeyAutoColumnTest [4]
displaytag-1___2.org.displaytag.tags.TableTagExtraInfoTest,calls,displaytag-1___2.org.displaytag.tags.TableTagExtraInfo,TableTagExtraInfoTest uses TableTagExtraInfo [4]
displaytag-1___2.org.displaytag.properties.TableProperties,calls,displaytag-1___2.org.displaytag.util.ReflectHelper,TableProperties uses ReflectHelper [4]
displaytag-1___2.org.displaytag.decorator.MultilevelTotalTableDecorator,uses inherited,displaytag-1___2.org.displaytag.exception.DecoratorException,MultilevelTotalTableDecorator uses DecoratorException [3]
displaytag-1___2.org.displaytag.util.LookupUtil,throws,displaytag-1___2.org.displaytag.exception.ObjectLookupException,LookupUtil uses ObjectLookupException [3]
displaytag-1___2.org.displaytag.model.Column,throws,displaytag-1___2.org.displaytag.exception.DecoratorException,Column uses DecoratorException [3]
displaytag-1___2.org.displaytag.model.TableModel,returns,displaytag-1___2.org.displaytag.properties.TableProperties,TableModel uses TableProperties [3]
displaytag-1___2.org.displaytag.model.TableModel,returns,displaytag-1___2.org.displaytag.properties.MediaTypeEnum,TableModel uses MediaTypeEnum [3]
displaytag-1___2.org.displaytag.model.TableModel,returns,displaytag-1___2.org.displaytag.model.RowIterator,TableModel uses RowIterator [3]
displaytag-1___2.org.displaytag.model.RowIterator,returns,displaytag-1___2.org.displaytag.model.Row,RowIterator uses Row [3]
displaytag-1___2.org.displaytag.model.HeaderCell,returns,displaytag-1___2.org.displaytag.util.Href,HeaderCell uses Href [3]
displaytag-1___2.org.displaytag.model.HeaderCell,returns,displaytag-1___2.org.displaytag.properties.SortOrderEnum,HeaderCell uses SortOrderEnum [3]
displaytag-1___2.org.displaytag.model.HeaderCell,returns,displaytag-1___2.org.displaytag.decorator.DisplaytagColumnDecorator,HeaderCell uses DisplaytagColumnDecorator [3]
displaytag-1___2.org.displaytag.model.Cell,returns,displaytag-1___2.org.displaytag.util.HtmlAttributeMap,Cell uses HtmlAttributeMap [3]
displaytag-1___2.org.displaytag.util.ToStringTest,references,displaytag-1___2.org.displaytag.model.Row,ToStringTest uses Row [3]
displaytag-1___2.org.displaytag.util.ToStringTest,references,displaytag-1___2.org.displaytag.model.Cell,ToStringTest uses Cell [3]
displaytag-1___2.org.displaytag.tags.el.ELSetPropertyTag,references,displaytag-1___2.org.displaytag.tags.el.ExpressionEvaluator,ELSetPropertyTag uses ExpressionEvaluator [3]
displaytag-1___2.org.displaytag.tags.el.ELCaptionTag,references,displaytag-1___2.org.displaytag.tags.el.ExpressionEvaluator,ELCaptionTag uses ExpressionEvaluator [3]
displaytag-1___2.org.displaytag.tags.TableTag,references,displaytag-1___2.org.displaytag.util.RequestHelperFactory,TableTag uses RequestHelperFactory [3]
displaytag-1___2.org.displaytag.tags.TableTag,references,displaytag-1___2.org.displaytag.render.HtmlTableWriter,TableTag uses HtmlTableWriter [3]
displaytag-1___2.org.displaytag.tags.TableTag,references,displaytag-1___2.org.displaytag.pagination.PaginationHelper,TableTag uses PaginationHelper [3]
displaytag-1___2.org.displaytag.render.TableWriterTemplate,references,displaytag-1___2.org.displaytag.model.HeaderCell,TableWriterTemplate uses HeaderCell [3]
displaytag-1___2.org.displaytag.render.TableWriterTemplate,references,displaytag-1___2.org.displaytag.model.ColumnIterator,TableWriterTemplate uses ColumnIterator [3]
displaytag-1___2.org.displaytag.render.HtmlTableWriter,references,displaytag-1___2.org.displaytag.properties.MediaTypeEnum,HtmlTableWriter uses MediaTypeEnum [3]
displaytag-1___2.org.displaytag.render.HssfTableWriter,references,displaytag-1___2.org.displaytag.model.HeaderCell,HssfTableWriter uses HeaderCell [3]
displaytag-1___2.org.displaytag.portlet.PortletRequestHelperTest,references,displaytag-1___2.org.displaytag.util.Href,PortletRequestHelperTest uses Href [3]
displaytag-1___2.org.displaytag.pagination.PaginationHelperTest,references,displaytag-1___2.org.displaytag.pagination.PaginationHelper,PaginationHelperTest uses PaginationHelper [3]
displaytag-1___2.org.displaytag.model.RowSorter,references,displaytag-1___2.org.displaytag.model.Row,RowSorter uses Row [3]
displaytag-1___2.org.displaytag.model.Row,references,displaytag-1___2.org.displaytag.decorator.TableDecorator,Row uses TableDecorator [3]
displaytag-1___2.org.displaytag.model.HeaderCell,references,displaytag-1___2.org.displaytag.util.MultipleHtmlAttribute,HeaderCell uses MultipleHtmlAttribute [3]
displaytag-1___2.org.displaytag.model.Column,references,displaytag-1___2.org.displaytag.util.Anchor,Column uses Anchor [3]
displaytag-1___2.org.displaytag.export.excel.ExcelHssfView,references,displaytag-1___2.org.displaytag.model.RowIterator,ExcelHssfView uses RowIterator [3]
displaytag-1___2.org.displaytag.export.excel.ExcelHssfView,references,displaytag-1___2.org.displaytag.model.HeaderCell,ExcelHssfView uses HeaderCell [3]
displaytag-1___2.org.displaytag.export.excel.ExcelHssfView,references,displaytag-1___2.org.displaytag.model.ColumnIterator,ExcelHssfView uses ColumnIterator [3]
displaytag-1___2.org.displaytag.export.PdfView,references,displaytag-1___2.org.displaytag.model.RowIterator,PdfView uses RowIterator [3]
displaytag-1___2.org.displaytag.export.PdfView,references,displaytag-1___2.org.displaytag.model.HeaderCell,PdfView uses HeaderCell [3]
displaytag-1___2.org.displaytag.export.PdfView,references,displaytag-1___2.org.displaytag.model.ColumnIterator,PdfView uses ColumnIterator [3]
displaytag-1___2.org.displaytag.export.BaseExportView,references,displaytag-1___2.org.displaytag.model.RowIterator,BaseExportView uses RowIterator [3]
displaytag-1___2.org.displaytag.export.BaseExportView,references,displaytag-1___2.org.displaytag.model.HeaderCell,BaseExportView uses HeaderCell [3]
displaytag-1___2.org.displaytag.export.BaseExportView,references,displaytag-1___2.org.displaytag.model.ColumnIterator,BaseExportView uses ColumnIterator [3]
displaytag-1___2.org.displaytag.util.DefaultHref,implements,displaytag-1___2.org.displaytag.util.Href,DefaultHref uses Href [3]
displaytag-1___2.org.displaytag.util.MediaUtil,has param,displaytag-1___2.org.displaytag.properties.MediaTypeEnum,MediaUtil uses MediaTypeEnum [3]
displaytag-1___2.org.displaytag.tags.TableTag,has param,displaytag-1___2.org.displaytag.export.ExportView,TableTag uses ExportView [3]
displaytag-1___2.org.displaytag.render.TableWriterAdapter,has param,displaytag-1___2.org.displaytag.model.Column,TableWriterAdapter uses Column [3]
displaytag-1___2.org.displaytag.render.ItextTableWriter,has param,displaytag-1___2.org.displaytag.model.Column,ItextTableWriter uses Column [3]
displaytag-1___2.org.displaytag.render.HtmlTableWriter,has param,displaytag-1___2.org.displaytag.util.HtmlAttributeMap,HtmlTableWriter uses HtmlAttributeMap [3]
displaytag-1___2.org.displaytag.render.HssfTableWriter,has param,displaytag-1___2.org.displaytag.model.Column,HssfTableWriter uses Column [3]
displaytag-1___2.org.displaytag.pagination.Pagination,has param,displaytag-1___2.org.displaytag.properties.TableProperties,Pagination uses TableProperties [3]
displaytag-1___2.org.displaytag.model.RowIterator,has param,displaytag-1___2.org.displaytag.decorator.TableDecorator,RowIterator uses TableDecorator [3]
displaytag-1___2.org.displaytag.export.excel.DefaultHssfExportView,has param,displaytag-1___2.org.displaytag.model.TableModel,DefaultHssfExportView uses TableModel [3]
displaytag-1___2.org.displaytag.export.ExportViewFactory,has param,displaytag-1___2.org.displaytag.properties.MediaTypeEnum,ExportViewFactory uses MediaTypeEnum [3]
displaytag-1___2.org.displaytag.export.XmlView,extends,displaytag-1___2.org.displaytag.export.BaseExportView,XmlView uses BaseExportView [3]
displaytag-1___2.org.displaytag.export.ExcelView,extends,displaytag-1___2.org.displaytag.export.BaseExportView,ExcelView uses BaseExportView [3]
displaytag-1___2.org.displaytag.export.CsvView,extends,displaytag-1___2.org.displaytag.export.BaseExportView,CsvView uses BaseExportView [3]
displaytag-1___2.org.displaytag.exception.DecoratorException,extends,displaytag-1___2.org.displaytag.exception.BaseNestableJspTagException,DecoratorException uses BaseNestableJspTagException [3]
displaytag-1___2.org.displaytag.pagination.SmartListHelper,calls,displaytag-1___2.org.displaytag.Messages,SmartListHelper uses Messages [3]
displaytag-1___2.org.displaytag.model.Column,calls,displaytag-1___2.org.displaytag.util.HtmlTagUtil,Column uses HtmlTagUtil [3]
displaytag-1___2.org.displaytag.decorator.MultilevelTotalTableDecorator,uses inherited,displaytag-1___2.org.displaytag.exception.ObjectLookupException,MultilevelTotalTableDecorator uses ObjectLookupException [2]
displaytag-1___2.org.displaytag.tags.SetPropertyTag,throws,displaytag-1___2.org.displaytag.exception.MissingAttributeException,SetPropertyTag uses MissingAttributeException [2]
displaytag-1___2.org.displaytag.tags.ColumnTag,throws,displaytag-1___2.org.displaytag.exception.InvalidTagAttributeValueException,ColumnTag uses InvalidTagAttributeValueException [2]
displaytag-1___2.org.displaytag.decorator.DecoratorFactory,throws,displaytag-1___2.org.displaytag.exception.DecoratorInstantiationException,DecoratorFactory uses DecoratorInstantiationException [2]
displaytag-1___2.org.displaytag.util.DefaultRequestHelper,returns,displaytag-1___2.org.displaytag.util.Href,DefaultRequestHelper uses Href [2]
displaytag-1___2.org.displaytag.properties.AbstractTitleKeyTest,returns,displaytag-1___2.org.displaytag.localization.LocaleResolver,AbstractTitleKeyTest uses LocaleResolver [2]
displaytag-1___2.org.displaytag.properties.AbstractTitleKeyTest,returns,displaytag-1___2.org.displaytag.localization.I18nResourceProvider,AbstractTitleKeyTest uses I18nResourceProvider [2]
displaytag-1___2.org.displaytag.properties.AbstractTitleKeyAutoColumnTest,returns,displaytag-1___2.org.displaytag.localization.LocaleResolver,AbstractTitleKeyAutoColumnTest uses LocaleResolver [2]
displaytag-1___2.org.displaytag.properties.AbstractTitleKeyAutoColumnTest,returns,displaytag-1___2.org.displaytag.localization.I18nResourceProvider,AbstractTitleKeyAutoColumnTest uses I18nResourceProvider [2]
displaytag-1___2.org.displaytag.pagination.SimplePaginatedList,returns,displaytag-1___2.org.displaytag.properties.SortOrderEnum,SimplePaginatedList uses SortOrderEnum [2]
displaytag-1___2.org.displaytag.model.Row,returns,displaytag-1___2.org.displaytag.model.ColumnIterator,Row uses ColumnIterator [2]
displaytag-1___2.org.displaytag.model.ColumnIterator,returns,displaytag-1___2.org.displaytag.model.Column,ColumnIterator uses Column [2]
displaytag-1___2.org.displaytag.export.excel.ExcelHssfView,returns,displaytag-1___2.org.displaytag.exception.SeverityEnum,ExcelHssfView uses SeverityEnum [2]
displaytag-1___2.org.displaytag.export.excel.DefaultHssfExportView,returns,displaytag-1___2.org.displaytag.exception.SeverityEnum,DefaultHssfExportView uses SeverityEnum [2]
displaytag-1___2.org.displaytag.export.PdfView,returns,displaytag-1___2.org.displaytag.exception.SeverityEnum,PdfView uses SeverityEnum [2]
displaytag-1___2.org.displaytag.export.ExportViewFactory,returns,displaytag-1___2.org.displaytag.export.ExportView,ExportViewFactory uses ExportView [2]
displaytag-1___2.org.displaytag.export.DefaultItextExportView,returns,displaytag-1___2.org.displaytag.exception.SeverityEnum,DefaultItextExportView uses SeverityEnum [2]
displaytag-1___2.org.displaytag.exception.WrappedRuntimeException,returns,displaytag-1___2.org.displaytag.exception.SeverityEnum,WrappedRuntimeException uses SeverityEnum [2]
displaytag-1___2.org.displaytag.exception.TagStructureException,returns,displaytag-1___2.org.displaytag.exception.SeverityEnum,TagStructureException uses SeverityEnum [2]
displaytag-1___2.org.displaytag.exception.TablePropertiesLoadException,returns,displaytag-1___2.org.displaytag.exception.SeverityEnum,TablePropertiesLoadException uses SeverityEnum [2]
displaytag-1___2.org.displaytag.exception.ObjectLookupException,returns,displaytag-1___2.org.displaytag.exception.SeverityEnum,ObjectLookupException uses SeverityEnum [2]
displaytag-1___2.org.displaytag.exception.MissingAttributeException,returns,displaytag-1___2.org.displaytag.exception.SeverityEnum,MissingAttributeException uses SeverityEnum [2]
displaytag-1___2.org.displaytag.exception.InvalidTagAttributeValueException,returns,displaytag-1___2.org.displaytag.exception.SeverityEnum,InvalidTagAttributeValueException uses SeverityEnum [2]
displaytag-1___2.org.displaytag.exception.FactoryInstantiationException,returns,displaytag-1___2.org.displaytag.exception.SeverityEnum,FactoryInstantiationException uses SeverityEnum [2]
displaytag-1___2.org.displaytag.exception.ExportException,returns,displaytag-1___2.org.displaytag.exception.SeverityEnum,ExportException uses SeverityEnum [2]
displaytag-1___2.org.displaytag.exception.DecoratorInstantiationException,returns,displaytag-1___2.org.displaytag.exception.SeverityEnum,DecoratorInstantiationException uses SeverityEnum [2]
displaytag-1___2.org.displaytag.exception.DecoratorException,returns,displaytag-1___2.org.displaytag.exception.SeverityEnum,DecoratorException uses SeverityEnum [2]
displaytag-1___2.org.displaytag.util.ToStringTest,references,displaytag-1___2.org.displaytag.tags.ColumnTag,ToStringTest uses ColumnTag [2]
displaytag-1___2.org.displaytag.util.ToStringTest,references,displaytag-1___2.org.displaytag.pagination.SmartListHelper,ToStringTest uses SmartListHelper [2]
displaytag-1___2.org.displaytag.util.ToStringTest,references,displaytag-1___2.org.displaytag.pagination.Pagination,ToStringTest uses Pagination [2]
displaytag-1___2.org.displaytag.util.ToStringTest,references,displaytag-1___2.org.displaytag.pagination.NumberedPage,ToStringTest uses NumberedPage [2]
displaytag-1___2.org.displaytag.util.ToStringTest,references,displaytag-1___2.org.displaytag.model.TableModel,ToStringTest uses TableModel [2]
displaytag-1___2.org.displaytag.util.ToStringTest,references,displaytag-1___2.org.displaytag.model.Column,ToStringTest uses Column [2]
displaytag-1___2.org.displaytag.util.DefaultRequestHelperFactory,references,displaytag-1___2.org.displaytag.util.DefaultRequestHelper,DefaultRequestHelperFactory uses DefaultRequestHelper [2]
displaytag-1___2.org.displaytag.util.DefaultRequestHelper,references,displaytag-1___2.org.displaytag.util.DefaultHref,DefaultRequestHelper uses DefaultHref [2]
displaytag-1___2.org.displaytag.tags.TableTag,references,displaytag-1___2.org.displaytag.pagination.PaginatedListSmartListHelper,TableTag uses PaginatedListSmartListHelper [2]
displaytag-1___2.org.displaytag.tags.TableTag,references,displaytag-1___2.org.displaytag.model.Column,TableTag uses Column [2]
displaytag-1___2.org.displaytag.tags.TableTag,references,displaytag-1___2.org.displaytag.localization.I18nResourceProvider,TableTag uses I18nResourceProvider [2]
displaytag-1___2.org.displaytag.tags.TableTag,references,displaytag-1___2.org.displaytag.export.TextExportView,TableTag uses TextExportView [2]
displaytag-1___2.org.displaytag.tags.TableTag,references,displaytag-1___2.org.displaytag.export.BinaryExportView,TableTag uses BinaryExportView [2]
displaytag-1___2.org.displaytag.tags.TableTag,references,displaytag-1___2.org.displaytag.exception.WrappedRuntimeException,TableTag uses WrappedRuntimeException [2]
displaytag-1___2.org.displaytag.tags.TableTag,references,displaytag-1___2.org.displaytag.exception.ExportException,TableTag uses ExportException [2]
displaytag-1___2.org.displaytag.tags.TableTag,references,displaytag-1___2.org.displaytag.decorator.TableDecorator,TableTag uses TableDecorator [2]
displaytag-1___2.org.displaytag.tags.TableTag,references,displaytag-1___2.org.displaytag.decorator.DecoratorFactory,TableTag uses DecoratorFactory [2]
displaytag-1___2.org.displaytag.tags.TableFooterTag,references,displaytag-1___2.org.displaytag.properties.MediaTypeEnum,TableFooterTag uses MediaTypeEnum [2]
displaytag-1___2.org.displaytag.tags.SetPropertyTag,references,displaytag-1___2.org.displaytag.exception.TagStructureException,SetPropertyTag uses TagStructureException [2]
displaytag-1___2.org.displaytag.tags.ColumnTag,references,displaytag-1___2.org.displaytag.properties.MediaTypeEnum,ColumnTag uses MediaTypeEnum [2]
displaytag-1___2.org.displaytag.tags.ColumnTag,references,displaytag-1___2.org.displaytag.localization.I18nResourceProvider,ColumnTag uses I18nResourceProvider [2]
displaytag-1___2.org.displaytag.tags.ColumnTag,references,displaytag-1___2.org.displaytag.exception.TagStructureException,ColumnTag uses TagStructureException [2]
displaytag-1___2.org.displaytag.tags.ColumnTag,references,displaytag-1___2.org.displaytag.decorator.MessageFormatColumnDecorator,ColumnTag uses MessageFormatColumnDecorator [2]
displaytag-1___2.org.displaytag.tags.ColumnTag,references,displaytag-1___2.org.displaytag.decorator.DecoratorFactory,ColumnTag uses DecoratorFactory [2]
displaytag-1___2.org.displaytag.tags.CaptionTag,references,displaytag-1___2.org.displaytag.util.MultipleHtmlAttribute,CaptionTag uses MultipleHtmlAttribute [2]
displaytag-1___2.org.displaytag.tags.CaptionTag,references,displaytag-1___2.org.displaytag.properties.MediaTypeEnum,CaptionTag uses MediaTypeEnum [2]
displaytag-1___2.org.displaytag.render.HssfTableWriter,references,displaytag-1___2.org.displaytag.decorator.hssf.DecoratesHssf,HssfTableWriter uses DecoratesHssf [2]
displaytag-1___2.org.displaytag.properties.TableProperties,references,displaytag-1___2.org.displaytag.util.DefaultRequestHelperFactory,TableProperties uses DefaultRequestHelperFactory [2]
displaytag-1___2.org.displaytag.properties.TableProperties,references,displaytag-1___2.org.displaytag.model.DefaultComparator,TableProperties uses DefaultComparator [2]
displaytag-1___2.org.displaytag.properties.TableProperties,references,displaytag-1___2.org.displaytag.decorator.DefaultDecoratorFactory,TableProperties uses DefaultDecoratorFactory [2]
displaytag-1___2.org.displaytag.portlet.PortletRequestHelperFactory,references,displaytag-1___2.org.displaytag.portlet.PortletRequestHelper,PortletRequestHelperFactory uses PortletRequestHelper [2]
displaytag-1___2.org.displaytag.model.TableModel,references,displaytag-1___2.org.displaytag.model.RowSorter,TableModel uses RowSorter [2]
displaytag-1___2.org.displaytag.model.RowSorter,references,displaytag-1___2.org.displaytag.exception.RuntimeLookupException,RowSorter uses RuntimeLookupException [2]
displaytag-1___2.org.displaytag.model.Row,references,displaytag-1___2.org.displaytag.util.HtmlAttributeMap,Row uses HtmlAttributeMap [2]
displaytag-1___2.org.displaytag.model.Row,references,displaytag-1___2.org.displaytag.properties.TableProperties,Row uses TableProperties [2]
displaytag-1___2.org.displaytag.model.ColumnIterator,references,displaytag-1___2.org.displaytag.model.Cell,ColumnIterator uses Cell [2]
displaytag-1___2.org.displaytag.model.Column,references,displaytag-1___2.org.displaytag.decorator.TableDecorator,Column uses TableDecorator [2]
displaytag-1___2.org.displaytag.model.Column,references,displaytag-1___2.org.displaytag.decorator.DisplaytagColumnDecorator,Column uses DisplaytagColumnDecorator [2]
displaytag-1___2.org.displaytag.filter.ResponseOverrideFilter,references,displaytag-1___2.org.displaytag.filter.BufferedResponseWrapper13Impl,ResponseOverrideFilter uses BufferedResponseWrapper13Impl [2]
displaytag-1___2.org.displaytag.filter.MockFilterSupport,references,displaytag-1___2.org.displaytag.filter.ResponseOverrideFilter,MockFilterSupport uses ResponseOverrideFilter [2]
displaytag-1___2.org.displaytag.filter.DisplayTagSpringInterceptor,references,displaytag-1___2.org.displaytag.filter.BufferedResponseWrapper13Impl,DisplayTagSpringInterceptor uses BufferedResponseWrapper13Impl [2]
displaytag-1___2.org.displaytag.export.excel.ExcelHssfView,references,displaytag-1___2.org.displaytag.model.Row,ExcelHssfView uses Row [2]
displaytag-1___2.org.displaytag.export.excel.ExcelHssfView,references,displaytag-1___2.org.displaytag.model.Column,ExcelHssfView uses Column [2]
displaytag-1___2.org.displaytag.export.excel.DefaultHssfExportView,references,displaytag-1___2.org.displaytag.render.HssfTableWriter,DefaultHssfExportView uses HssfTableWriter [2]
displaytag-1___2.org.displaytag.export.PdfView,references,displaytag-1___2.org.displaytag.model.Row,PdfView uses Row [2]
displaytag-1___2.org.displaytag.export.PdfView,references,displaytag-1___2.org.displaytag.model.Column,PdfView uses Column [2]
displaytag-1___2.org.displaytag.export.ExportViewFactory,references,displaytag-1___2.org.displaytag.exception.WrappedRuntimeException,ExportViewFactory uses WrappedRuntimeException [2]
displaytag-1___2.org.displaytag.export.DefaultItextExportView,references,displaytag-1___2.org.displaytag.render.ItextTableWriter,DefaultItextExportView uses ItextTableWriter [2]
displaytag-1___2.org.displaytag.export.BaseExportView,references,displaytag-1___2.org.displaytag.model.Row,BaseExportView uses Row [2]
displaytag-1___2.org.displaytag.export.BaseExportView,references,displaytag-1___2.org.displaytag.model.Column,BaseExportView uses Column [2]
displaytag-1___2.org.displaytag.export.BaseExportView,references,displaytag-1___2.org.displaytag.decorator.TableDecorator,BaseExportView uses TableDecorator [2]
displaytag-1___2.org.displaytag.decorator.TotalTableDecorator,references,displaytag-1___2.org.displaytag.decorator.DisplaytagColumnDecorator,TotalTableDecorator uses DisplaytagColumnDecorator [2]
displaytag-1___2.org.displaytag.decorator.TableDecoratorTest,references,displaytag-1___2.org.displaytag.decorator.TableDecoratorTwo,TableDecoratorTest uses TableDecoratorTwo [2]
displaytag-1___2.org.displaytag.decorator.TableDecoratorTest,references,displaytag-1___2.org.displaytag.decorator.TableDecoratorThree,TableDecoratorTest uses TableDecoratorThree [2]
displaytag-1___2.org.displaytag.decorator.TableDecoratorTest,references,displaytag-1___2.org.displaytag.decorator.TableDecoratorOne,TableDecoratorTest uses TableDecoratorOne [2]
displaytag-1___2.org.displaytag.decorator.MultilevelTotalTableDecorator,references,displaytag-1___2.org.displaytag.decorator.DisplaytagColumnDecorator,MultilevelTotalTableDecorator uses DisplaytagColumnDecorator [2]
displaytag-1___2.org.displaytag.decorator.MessageFormatColumnDecoratorTest,references,displaytag-1___2.org.displaytag.properties.MediaTypeEnum,MessageFormatColumnDecoratorTest uses MediaTypeEnum [2]
displaytag-1___2.org.displaytag.decorator.EscapeXmlColumnDecorator,implements,displaytag-1___2.org.displaytag.decorator.DisplaytagColumnDecorator,EscapeXmlColumnDecorator uses DisplaytagColumnDecorator [2]
displaytag-1___2.org.displaytag.decorator.DefaultDecoratorFactory,implements,displaytag-1___2.org.displaytag.decorator.DisplaytagColumnDecorator,DefaultDecoratorFactory uses DisplaytagColumnDecorator [2]
displaytag-1___2.org.displaytag.decorator.AutolinkColumnDecorator,implements,displaytag-1___2.org.displaytag.decorator.DisplaytagColumnDecorator,AutolinkColumnDecorator uses DisplaytagColumnDecorator [2]
displaytag-1___2.org.displaytag.util.HtmlTagUtil,has param,displaytag-1___2.org.displaytag.util.HtmlAttributeMap,HtmlTagUtil uses HtmlAttributeMap [2]
displaytag-1___2.org.displaytag.render.TableWriterAdapter,has param,displaytag-1___2.org.displaytag.model.Row,TableWriterAdapter uses Row [2]
displaytag-1___2.org.displaytag.model.TableModel,has param,displaytag-1___2.org.displaytag.model.Row,TableModel uses Row [2]
displaytag-1___2.org.displaytag.model.HeaderCell,has param,displaytag-1___2.org.displaytag.model.Column,HeaderCell uses Column [2]
displaytag-1___2.org.displaytag.decorator.TableDecorator,has param,displaytag-1___2.org.displaytag.model.TableModel,TableDecorator uses TableModel [2]
displaytag-1___2.org.displaytag.decorator.PageContextPrefixColumnDecorator,has param,displaytag-1___2.org.displaytag.properties.MediaTypeEnum,PageContextPrefixColumnDecorator uses MediaTypeEnum [2]
displaytag-1___2.org.displaytag.decorator.Decorator,has param,displaytag-1___2.org.displaytag.model.TableModel,Decorator uses TableModel [2]
displaytag-1___2.org.displaytag.tags.HtmlTableTag,extends,displaytag-1___2.org.displaytag.tags.TemplateTag,HtmlTableTag uses TemplateTag [2]
displaytag-1___2.org.displaytag.render.TableWriterAdapter,extends,displaytag-1___2.org.displaytag.render.TableWriterTemplate,TableWriterAdapter uses TableWriterTemplate [2]
displaytag-1___2.org.displaytag.render.ItextTableWriter,extends,displaytag-1___2.org.displaytag.render.TableWriterAdapter,ItextTableWriter uses TableWriterAdapter [2]
displaytag-1___2.org.displaytag.render.HtmlTableWriter,extends,displaytag-1___2.org.displaytag.render.TableWriterAdapter,HtmlTableWriter uses TableWriterAdapter [2]
displaytag-1___2.org.displaytag.render.HssfTableWriter,extends,displaytag-1___2.org.displaytag.render.TableWriterAdapter,HssfTableWriter uses TableWriterAdapter [2]
displaytag-1___2.org.displaytag.properties.TitleKeyJstlTest,extends,displaytag-1___2.org.displaytag.properties.AbstractTitleKeyTest,TitleKeyJstlTest uses AbstractTitleKeyTest [2]
displaytag-1___2.org.displaytag.properties.TitleKeyAutoColumnJstlTest,extends,displaytag-1___2.org.displaytag.properties.AbstractTitleKeyAutoColumnTest,TitleKeyAutoColumnJstlTest uses AbstractTitleKeyAutoColumnTest [2]
displaytag-1___2.org.displaytag.pagination.PaginatedListSmartListHelper,extends,displaytag-1___2.org.displaytag.pagination.SmartListHelper,PaginatedListSmartListHelper uses SmartListHelper [2]
displaytag-1___2.org.displaytag.export.excel.ExcelHssfView,extends,displaytag-1___2.org.displaytag.exception.BaseNestableJspTagException,ExcelHssfView uses BaseNestableJspTagException [2]
displaytag-1___2.org.displaytag.export.excel.DefaultHssfExportView,extends,displaytag-1___2.org.displaytag.exception.BaseNestableJspTagException,DefaultHssfExportView uses BaseNestableJspTagException [2]
displaytag-1___2.org.displaytag.export.PdfView,extends,displaytag-1___2.org.displaytag.exception.BaseNestableJspTagException,PdfView uses BaseNestableJspTagException [2]
displaytag-1___2.org.displaytag.export.DefaultRtfExportView,extends,displaytag-1___2.org.displaytag.export.DefaultItextExportView,DefaultRtfExportView uses DefaultItextExportView [2]
displaytag-1___2.org.displaytag.export.DefaultPdfExportView,extends,displaytag-1___2.org.displaytag.export.DefaultItextExportView,DefaultPdfExportView uses DefaultItextExportView [2]
displaytag-1___2.org.displaytag.export.DefaultItextExportView,extends,displaytag-1___2.org.displaytag.exception.BaseNestableJspTagException,DefaultItextExportView uses BaseNestableJspTagException [2]
displaytag-1___2.org.displaytag.exception.WrappedRuntimeException,extends,displaytag-1___2.org.displaytag.exception.BaseNestableRuntimeException,WrappedRuntimeException uses BaseNestableRuntimeException [2]
displaytag-1___2.org.displaytag.exception.TagStructureException,extends,displaytag-1___2.org.displaytag.exception.BaseNestableJspTagException,TagStructureException uses BaseNestableJspTagException [2]
displaytag-1___2.org.displaytag.exception.TablePropertiesLoadException,extends,displaytag-1___2.org.displaytag.exception.BaseNestableRuntimeException,TablePropertiesLoadException uses BaseNestableRuntimeException [2]
displaytag-1___2.org.displaytag.exception.ObjectLookupException,extends,displaytag-1___2.org.displaytag.exception.BaseNestableJspTagException,ObjectLookupException uses BaseNestableJspTagException [2]
displaytag-1___2.org.displaytag.exception.MissingAttributeException,extends,displaytag-1___2.org.displaytag.exception.BaseNestableJspTagException,MissingAttributeException uses BaseNestableJspTagException [2]
displaytag-1___2.org.displaytag.exception.InvalidTagAttributeValueException,extends,displaytag-1___2.org.displaytag.exception.BaseNestableJspTagException,InvalidTagAttributeValueException uses BaseNestableJspTagException [2]
displaytag-1___2.org.displaytag.exception.FactoryInstantiationException,extends,displaytag-1___2.org.displaytag.exception.BaseNestableRuntimeException,FactoryInstantiationException uses BaseNestableRuntimeException [2]
displaytag-1___2.org.displaytag.exception.ExportException,extends,displaytag-1___2.org.displaytag.exception.BaseNestableJspTagException,ExportException uses BaseNestableJspTagException [2]
displaytag-1___2.org.displaytag.exception.DecoratorInstantiationException,extends,displaytag-1___2.org.displaytag.exception.BaseNestableJspTagException,DecoratorInstantiationException uses BaseNestableJspTagException [2]
displaytag-1___2.org.displaytag.decorator.TableDecoratorTwo,extends,displaytag-1___2.org.displaytag.decorator.TableDecorator,TableDecoratorTwo uses TableDecorator [2]
displaytag-1___2.org.displaytag.properties.AbstractTitleKeyTest,calls,displaytag-1___2.org.displaytag.properties.TableProperties,AbstractTitleKeyTest uses TableProperties [2]
displaytag-1___2.org.displaytag.properties.AbstractTitleKeyAutoColumnTest,calls,displaytag-1___2.org.displaytag.properties.TableProperties,AbstractTitleKeyAutoColumnTest uses TableProperties [2]
displaytag-1___2.org.displaytag.model.Column,calls,displaytag-1___2.org.displaytag.util.LookupUtil,Column uses LookupUtil [2]
displaytag-1___2.org.displaytag.export.ExportViewFactory,calls,displaytag-1___2.org.displaytag.Messages,ExportViewFactory uses Messages [2]
displaytag-1___2.org.displaytag.decorator.TotalTableDecorator,calls,displaytag-1___2.org.displaytag.decorator.Decorator,TotalTableDecorator uses Decorator [2]
displaytag-1___2.org.displaytag.decorator.DefaultDecoratorFactory,calls,displaytag-1___2.org.displaytag.util.ReflectHelper,DefaultDecoratorFactory uses ReflectHelper [2]
displaytag-1___2.org.displaytag.decorator.TotalTableDecorator,uses inherited,displaytag-1___2.org.displaytag.util.HtmlAttributeMap,TotalTableDecorator uses HtmlAttributeMap [1]
displaytag-1___2.org.displaytag.decorator.TotalTableDecorator,uses inherited,displaytag-1___2.org.displaytag.exception.DecoratorException,TotalTableDecorator uses DecoratorException [1]
displaytag-1___2.org.displaytag.decorator.MultilevelTotalTableDecorator,uses inherited,displaytag-1___2.org.displaytag.util.HtmlAttributeMap,MultilevelTotalTableDecorator uses HtmlAttributeMap [1]
displaytag-1___2.org.displaytag.tags.TemplateTag,throws,displaytag-1___2.org.displaytag.exception.ObjectLookupException,TemplateTag uses ObjectLookupException [1]
displaytag-1___2.org.displaytag.tags.TableTag,throws,displaytag-1___2.org.displaytag.exception.FactoryInstantiationException,TableTag uses FactoryInstantiationException [1]
displaytag-1___2.org.displaytag.tags.ColumnTag,throws,displaytag-1___2.org.displaytag.exception.ObjectLookupException,ColumnTag uses ObjectLookupException [1]
displaytag-1___2.org.displaytag.tags.ColumnTag,throws,displaytag-1___2.org.displaytag.exception.DecoratorInstantiationException,ColumnTag uses DecoratorInstantiationException [1]
displaytag-1___2.org.displaytag.render.ItextTableWriter,throws,displaytag-1___2.org.displaytag.exception.ObjectLookupException,ItextTableWriter uses ObjectLookupException [1]
displaytag-1___2.org.displaytag.render.ItextTableWriter,throws,displaytag-1___2.org.displaytag.exception.DecoratorException,ItextTableWriter uses DecoratorException [1]
displaytag-1___2.org.displaytag.render.HtmlTableWriter,throws,displaytag-1___2.org.displaytag.exception.ObjectLookupException,HtmlTableWriter uses ObjectLookupException [1]
displaytag-1___2.org.displaytag.render.HtmlTableWriter,throws,displaytag-1___2.org.displaytag.exception.DecoratorException,HtmlTableWriter uses DecoratorException [1]
displaytag-1___2.org.displaytag.decorator.PrefixColumnDecorator,throws,displaytag-1___2.org.displaytag.exception.DecoratorException,PrefixColumnDecorator uses DecoratorException [1]
displaytag-1___2.org.displaytag.decorator.PercentualColumnDecorator,throws,displaytag-1___2.org.displaytag.exception.DecoratorException,PercentualColumnDecorator uses DecoratorException [1]
displaytag-1___2.org.displaytag.decorator.PageContextPrefixColumnDecorator,throws,displaytag-1___2.org.displaytag.exception.DecoratorException,PageContextPrefixColumnDecorator uses DecoratorException [1]
displaytag-1___2.org.displaytag.decorator.DisplaytagColumnDecorator,throws,displaytag-1___2.org.displaytag.exception.DecoratorException,DisplaytagColumnDecorator uses DecoratorException [1]
displaytag-1___2.org.displaytag.decorator.DefaultDecoratorFactory,throws,displaytag-1___2.org.displaytag.exception.DecoratorException,DefaultDecoratorFactory uses DecoratorException [1]
displaytag-1___2.org.displaytag.decorator.DateColumnDecorator,throws,displaytag-1___2.org.displaytag.exception.DecoratorException,DateColumnDecorator uses DecoratorException [1]
displaytag-1___2.org.displaytag.decorator.ColumnDecorator,throws,displaytag-1___2.org.displaytag.exception.DecoratorException,ColumnDecorator uses DecoratorException [1]
displaytag-1___2.org.displaytag.util.RequestHelperFactory,returns,displaytag-1___2.org.displaytag.util.RequestHelper,RequestHelperFactory uses RequestHelper [1]
displaytag-1___2.org.displaytag.util.RequestHelper,returns,displaytag-1___2.org.displaytag.util.Href,RequestHelper uses Href [1]
displaytag-1___2.org.displaytag.util.DefaultRequestHelperFactory,returns,displaytag-1___2.org.displaytag.util.RequestHelper,DefaultRequestHelperFactory uses RequestHelper [1]
displaytag-1___2.org.displaytag.properties.TitleKeyWebWorkTest,returns,displaytag-1___2.org.displaytag.localization.LocaleResolver,TitleKeyWebWorkTest uses LocaleResolver [1]
displaytag-1___2.org.displaytag.properties.TitleKeyWebWorkTest,returns,displaytag-1___2.org.displaytag.localization.I18nResourceProvider,TitleKeyWebWorkTest uses I18nResourceProvider [1]
displaytag-1___2.org.displaytag.properties.TitleKeyStrutsTest,returns,displaytag-1___2.org.displaytag.localization.LocaleResolver,TitleKeyStrutsTest uses LocaleResolver [1]
displaytag-1___2.org.displaytag.properties.TitleKeyStrutsTest,returns,displaytag-1___2.org.displaytag.localization.I18nResourceProvider,TitleKeyStrutsTest uses I18nResourceProvider [1]
displaytag-1___2.org.displaytag.properties.TitleKeySpringTest,returns,displaytag-1___2.org.displaytag.localization.LocaleResolver,TitleKeySpringTest uses LocaleResolver [1]
displaytag-1___2.org.displaytag.properties.TitleKeySpringTest,returns,displaytag-1___2.org.displaytag.localization.I18nResourceProvider,TitleKeySpringTest uses I18nResourceProvider [1]
displaytag-1___2.org.displaytag.properties.TitleKeyJstlTest,returns,displaytag-1___2.org.displaytag.localization.LocaleResolver,TitleKeyJstlTest uses LocaleResolver [1]
displaytag-1___2.org.displaytag.properties.TitleKeyJstlTest,returns,displaytag-1___2.org.displaytag.localization.I18nResourceProvider,TitleKeyJstlTest uses I18nResourceProvider [1]
displaytag-1___2.org.displaytag.properties.TitleKeyAutoColumnWebworkTest,returns,displaytag-1___2.org.displaytag.localization.LocaleResolver,TitleKeyAutoColumnWebworkTest uses LocaleResolver [1]
displaytag-1___2.org.displaytag.properties.TitleKeyAutoColumnWebworkTest,returns,displaytag-1___2.org.displaytag.localization.I18nResourceProvider,TitleKeyAutoColumnWebworkTest uses I18nResourceProvider [1]
displaytag-1___2.org.displaytag.properties.TitleKeyAutoColumnStrutsTest,returns,displaytag-1___2.org.displaytag.localization.LocaleResolver,TitleKeyAutoColumnStrutsTest uses LocaleResolver [1]
displaytag-1___2.org.displaytag.properties.TitleKeyAutoColumnStrutsTest,returns,displaytag-1___2.org.displaytag.localization.I18nResourceProvider,TitleKeyAutoColumnStrutsTest uses I18nResourceProvider [1]
displaytag-1___2.org.displaytag.properties.TitleKeyAutoColumnSpringTest,returns,displaytag-1___2.org.displaytag.localization.LocaleResolver,TitleKeyAutoColumnSpringTest uses LocaleResolver [1]
displaytag-1___2.org.displaytag.properties.TitleKeyAutoColumnSpringTest,returns,displaytag-1___2.org.displaytag.localization.I18nResourceProvider,TitleKeyAutoColumnSpringTest uses I18nResourceProvider [1]
displaytag-1___2.org.displaytag.properties.TitleKeyAutoColumnJstlTest,returns,displaytag-1___2.org.displaytag.localization.LocaleResolver,TitleKeyAutoColumnJstlTest uses LocaleResolver [1]
displaytag-1___2.org.displaytag.properties.TitleKeyAutoColumnJstlTest,returns,displaytag-1___2.org.displaytag.localization.I18nResourceProvider,TitleKeyAutoColumnJstlTest uses I18nResourceProvider [1]
displaytag-1___2.org.displaytag.properties.TableProperties,returns,displaytag-1___2.org.displaytag.util.RequestHelperFactory,TableProperties uses RequestHelperFactory [1]
displaytag-1___2.org.displaytag.properties.TableProperties,returns,displaytag-1___2.org.displaytag.decorator.DecoratorFactory,TableProperties uses DecoratorFactory [1]
displaytag-1___2.org.displaytag.portlet.PortletRequestHelperFactory,returns,displaytag-1___2.org.displaytag.util.RequestHelper,PortletRequestHelperFactory uses RequestHelper [1]
displaytag-1___2.org.displaytag.portlet.PortletRequestHelper,returns,displaytag-1___2.org.displaytag.util.Href,PortletRequestHelper uses Href [1]
displaytag-1___2.org.displaytag.pagination.PaginatedList,returns,displaytag-1___2.org.displaytag.properties.SortOrderEnum,PaginatedList uses SortOrderEnum [1]
displaytag-1___2.org.displaytag.decorator.DefaultDecoratorFactory,returns,displaytag-1___2.org.displaytag.decorator.TableDecorator,DefaultDecoratorFactory uses TableDecorator [1]
displaytag-1___2.org.displaytag.decorator.DecoratorFactory,returns,displaytag-1___2.org.displaytag.decorator.TableDecorator,DecoratorFactory uses TableDecorator [1]
displaytag-1___2.org.displaytag.decorator.DecoratorFactory,returns,displaytag-1___2.org.displaytag.decorator.DisplaytagColumnDecorator,DecoratorFactory uses DisplaytagColumnDecorator [1]
displaytag-1___2.org.displaytag.util.ToStringTest,references,displaytag-1___2.org.displaytag.util.Href,ToStringTest uses Href [1]
displaytag-1___2.org.displaytag.tags.el.ELTableTagBeanInfo,references,displaytag-1___2.org.displaytag.tags.el.ELTableTag,ELTableTagBeanInfo uses ELTableTag [1]
displaytag-1___2.org.displaytag.tags.el.ELTableTagBeanInfo,references,displaytag-1___2.org.displaytag.tags.TableTag,ELTableTagBeanInfo uses TableTag [1]
displaytag-1___2.org.displaytag.tags.el.ELColumnTagBeanInfo,references,displaytag-1___2.org.displaytag.tags.el.ELColumnTag,ELColumnTagBeanInfo uses ELColumnTag [1]
displaytag-1___2.org.displaytag.tags.el.ELCaptionTagBeanInfo,references,displaytag-1___2.org.displaytag.tags.el.ELColumnTag,ELCaptionTagBeanInfo uses ELColumnTag [1]
displaytag-1___2.org.displaytag.tags.el.ELCaptionTagBeanInfo,references,displaytag-1___2.org.displaytag.tags.el.ELCaptionTag,ELCaptionTagBeanInfo uses ELCaptionTag [1]
displaytag-1___2.org.displaytag.tags.TableTagBeanInfo,references,displaytag-1___2.org.displaytag.tags.TableTag,TableTagBeanInfo uses TableTag [1]
displaytag-1___2.org.displaytag.tags.TableTag,references,displaytag-1___2.org.displaytag.util.HtmlAttributeMap,TableTag uses HtmlAttributeMap [1]
displaytag-1___2.org.displaytag.tags.ColumnTagBeanInfo,references,displaytag-1___2.org.displaytag.tags.ColumnTag,ColumnTagBeanInfo uses ColumnTag [1]
displaytag-1___2.org.displaytag.tags.ColumnTag,references,displaytag-1___2.org.displaytag.decorator.EscapeXmlColumnDecorator,ColumnTag uses EscapeXmlColumnDecorator [1]
displaytag-1___2.org.displaytag.tags.ColumnTag,references,displaytag-1___2.org.displaytag.decorator.DisplaytagColumnDecorator,ColumnTag uses DisplaytagColumnDecorator [1]
displaytag-1___2.org.displaytag.tags.ColumnTag,references,displaytag-1___2.org.displaytag.decorator.AutolinkColumnDecorator,ColumnTag uses AutolinkColumnDecorator [1]
displaytag-1___2.org.displaytag.tags.CaptionTagBeanInfo,references,displaytag-1___2.org.displaytag.tags.CaptionTag,CaptionTagBeanInfo uses CaptionTag [1]
displaytag-1___2.org.displaytag.model.RowSorter,references,displaytag-1___2.org.displaytag.exception.ObjectLookupException,RowSorter uses ObjectLookupException [1]
displaytag-1___2.org.displaytag.model.RowSorter,references,displaytag-1___2.org.displaytag.exception.BaseNestableJspTagException,RowSorter uses BaseNestableJspTagException [1]
displaytag-1___2.org.displaytag.model.HeaderCell,references,displaytag-1___2.org.displaytag.exception.ObjectLookupException,HeaderCell uses ObjectLookupException [1]
displaytag-1___2.org.displaytag.model.HeaderCell,references,displaytag-1___2.org.displaytag.exception.DecoratorException,HeaderCell uses DecoratorException [1]
displaytag-1___2.org.displaytag.model.ColumnIterator,references,displaytag-1___2.org.displaytag.model.HeaderCell,ColumnIterator uses HeaderCell [1]
displaytag-1___2.org.displaytag.model.Column,references,displaytag-1___2.org.displaytag.properties.MediaTypeEnum,Column uses MediaTypeEnum [1]
displaytag-1___2.org.displaytag.filter.ResponseOverrideFilter,references,displaytag-1___2.org.displaytag.filter.BufferedResponseWrapper,ResponseOverrideFilter uses BufferedResponseWrapper [1]
displaytag-1___2.org.displaytag.filter.DisplayTagSpringInterceptor,references,displaytag-1___2.org.displaytag.filter.BufferedResponseWrapper,DisplayTagSpringInterceptor uses BufferedResponseWrapper [1]
displaytag-1___2.org.displaytag.decorator.TotalTableDecorator,references,displaytag-1___2.org.displaytag.properties.MediaTypeEnum,TotalTableDecorator uses MediaTypeEnum [1]
displaytag-1___2.org.displaytag.decorator.TableDecorator,references,displaytag-1___2.org.displaytag.exception.ObjectLookupException,TableDecorator uses ObjectLookupException [1]
displaytag-1___2.org.displaytag.decorator.MultilevelTotalTableDecorator,references,displaytag-1___2.org.displaytag.properties.MediaTypeEnum,MultilevelTotalTableDecorator uses MediaTypeEnum [1]
displaytag-1___2.org.displaytag.util.DefaultRequestHelperFactory,implements,displaytag-1___2.org.displaytag.util.RequestHelperFactory,DefaultRequestHelperFactory uses RequestHelperFactory [1]
displaytag-1___2.org.displaytag.util.DefaultRequestHelper,implements,displaytag-1___2.org.displaytag.util.RequestHelper,DefaultRequestHelper uses RequestHelper [1]
displaytag-1___2.org.displaytag.portlet.PortletRequestHelperFactory,implements,displaytag-1___2.org.displaytag.util.RequestHelperFactory,PortletRequestHelperFactory uses RequestHelperFactory [1]
displaytag-1___2.org.displaytag.portlet.PortletRequestHelper,implements,displaytag-1___2.org.displaytag.util.RequestHelper,PortletRequestHelper uses RequestHelper [1]
displaytag-1___2.org.displaytag.pagination.SimplePaginatedList,implements,displaytag-1___2.org.displaytag.pagination.PaginatedList,SimplePaginatedList uses PaginatedList [1]
displaytag-1___2.org.displaytag.localization.I18nWebworkAdapter,implements,displaytag-1___2.org.displaytag.localization.LocaleResolver,I18nWebworkAdapter uses LocaleResolver [1]
displaytag-1___2.org.displaytag.localization.I18nWebworkAdapter,implements,displaytag-1___2.org.displaytag.localization.I18nResourceProvider,I18nWebworkAdapter uses I18nResourceProvider [1]
displaytag-1___2.org.displaytag.localization.I18nStrutsAdapter,implements,displaytag-1___2.org.displaytag.localization.LocaleResolver,I18nStrutsAdapter uses LocaleResolver [1]
displaytag-1___2.org.displaytag.localization.I18nStrutsAdapter,implements,displaytag-1___2.org.displaytag.localization.I18nResourceProvider,I18nStrutsAdapter uses I18nResourceProvider [1]
displaytag-1___2.org.displaytag.localization.I18nSpringAdapter,implements,displaytag-1___2.org.displaytag.localization.LocaleResolver,I18nSpringAdapter uses LocaleResolver [1]
displaytag-1___2.org.displaytag.localization.I18nSpringAdapter,implements,displaytag-1___2.org.displaytag.localization.I18nResourceProvider,I18nSpringAdapter uses I18nResourceProvider [1]
displaytag-1___2.org.displaytag.localization.I18nJstlAdapter,implements,displaytag-1___2.org.displaytag.localization.LocaleResolver,I18nJstlAdapter uses LocaleResolver [1]
displaytag-1___2.org.displaytag.localization.I18nJstlAdapter,implements,displaytag-1___2.org.displaytag.localization.I18nResourceProvider,I18nJstlAdapter uses I18nResourceProvider [1]
displaytag-1___2.org.displaytag.filter.BufferedResponseWrapper13Impl,implements,displaytag-1___2.org.displaytag.filter.BufferedResponseWrapper,BufferedResponseWrapper13Impl uses BufferedResponseWrapper [1]
displaytag-1___2.org.displaytag.export.excel.ExcelHssfView,implements,displaytag-1___2.org.displaytag.export.BinaryExportView,ExcelHssfView uses BinaryExportView [1]
displaytag-1___2.org.displaytag.export.excel.DefaultHssfExportView,implements,displaytag-1___2.org.displaytag.export.BinaryExportView,DefaultHssfExportView uses BinaryExportView [1]
displaytag-1___2.org.displaytag.export.PdfView,implements,displaytag-1___2.org.displaytag.export.BinaryExportView,PdfView uses BinaryExportView [1]
displaytag-1___2.org.displaytag.export.DefaultItextExportView,implements,displaytag-1___2.org.displaytag.export.BinaryExportView,DefaultItextExportView uses BinaryExportView [1]
displaytag-1___2.org.displaytag.export.BaseExportView,implements,displaytag-1___2.org.displaytag.export.TextExportView,BaseExportView uses TextExportView [1]
displaytag-1___2.org.displaytag.decorator.PrefixColumnDecorator,implements,displaytag-1___2.org.displaytag.decorator.DisplaytagColumnDecorator,PrefixColumnDecorator uses DisplaytagColumnDecorator [1]
displaytag-1___2.org.displaytag.decorator.PercentualColumnDecorator,implements,displaytag-1___2.org.displaytag.decorator.ColumnDecorator,PercentualColumnDecorator uses ColumnDecorator [1]
displaytag-1___2.org.displaytag.decorator.PageContextPrefixColumnDecorator,implements,displaytag-1___2.org.displaytag.decorator.DisplaytagColumnDecorator,PageContextPrefixColumnDecorator uses DisplaytagColumnDecorator [1]
displaytag-1___2.org.displaytag.decorator.MessageFormatColumnDecorator,implements,displaytag-1___2.org.displaytag.decorator.DisplaytagColumnDecorator,MessageFormatColumnDecorator uses DisplaytagColumnDecorator [1]
displaytag-1___2.org.displaytag.decorator.DefaultDecoratorFactory,implements,displaytag-1___2.org.displaytag.decorator.DecoratorFactory,DefaultDecoratorFactory uses DecoratorFactory [1]
displaytag-1___2.org.displaytag.decorator.DateColumnDecorator,implements,displaytag-1___2.org.displaytag.decorator.DisplaytagColumnDecorator,DateColumnDecorator uses DisplaytagColumnDecorator [1]
displaytag-1___2.org.displaytag.tags.TableTag,has param,displaytag-1___2.org.displaytag.model.Cell,TableTag uses Cell [1]
displaytag-1___2.org.displaytag.render.HssfTableWriter,has param,displaytag-1___2.org.displaytag.model.Row,HssfTableWriter uses Row [1]
displaytag-1___2.org.displaytag.pagination.SmartListHelper,has param,displaytag-1___2.org.displaytag.util.Href,SmartListHelper uses Href [1]
displaytag-1___2.org.displaytag.pagination.PaginatedListSmartListHelper,has param,displaytag-1___2.org.displaytag.util.Href,PaginatedListSmartListHelper uses Href [1]
displaytag-1___2.org.displaytag.model.Row,has param,displaytag-1___2.org.displaytag.model.Cell,Row uses Cell [1]
displaytag-1___2.org.displaytag.export.XmlView,has param,displaytag-1___2.org.displaytag.model.TableModel,XmlView uses TableModel [1]
displaytag-1___2.org.displaytag.export.ExportViewFactory,has param,displaytag-1___2.org.displaytag.model.TableModel,ExportViewFactory uses TableModel [1]
displaytag-1___2.org.displaytag.export.ExportView,has param,displaytag-1___2.org.displaytag.model.TableModel,ExportView uses TableModel [1]
displaytag-1___2.org.displaytag.export.ExcelView,has param,displaytag-1___2.org.displaytag.model.TableModel,ExcelView uses TableModel [1]
displaytag-1___2.org.displaytag.export.CsvView,has param,displaytag-1___2.org.displaytag.model.TableModel,CsvView uses TableModel [1]
displaytag-1___2.org.displaytag.exception.RuntimeLookupException,has param,displaytag-1___2.org.displaytag.exception.BaseNestableJspTagException,RuntimeLookupException uses BaseNestableJspTagException [1]
displaytag-1___2.org.displaytag.decorator.TableDecoratorThree,has param,displaytag-1___2.org.displaytag.model.TableModel,TableDecoratorThree uses TableModel [1]
displaytag-1___2.org.displaytag.decorator.TableDecoratorPageContext,has param,displaytag-1___2.org.displaytag.model.TableModel,TableDecoratorPageContext uses TableModel [1]
displaytag-1___2.org.displaytag.decorator.TableDecoratorOne,has param,displaytag-1___2.org.displaytag.model.TableModel,TableDecoratorOne uses TableModel [1]
displaytag-1___2.org.displaytag.decorator.TableDecoratorDate,has param,displaytag-1___2.org.displaytag.model.TableModel,TableDecoratorDate uses TableModel [1]
displaytag-1___2.org.displaytag.decorator.TableDecoratorCssRow,has param,displaytag-1___2.org.displaytag.model.TableModel,TableDecoratorCssRow uses TableModel [1]
displaytag-1___2.org.displaytag.decorator.PrefixColumnDecorator,has param,displaytag-1___2.org.displaytag.properties.MediaTypeEnum,PrefixColumnDecorator uses MediaTypeEnum [1]
displaytag-1___2.org.displaytag.decorator.ModelDecorator,has param,displaytag-1___2.org.displaytag.model.TableModel,ModelDecorator uses TableModel [1]
displaytag-1___2.org.displaytag.decorator.MessageFormatColumnDecorator,has param,displaytag-1___2.org.displaytag.properties.MediaTypeEnum,MessageFormatColumnDecorator uses MediaTypeEnum [1]
displaytag-1___2.org.displaytag.decorator.ListIndexTableDecorator,has param,displaytag-1___2.org.displaytag.model.TableModel,ListIndexTableDecorator uses TableModel [1]
displaytag-1___2.org.displaytag.decorator.DisplaytagColumnDecorator,has param,displaytag-1___2.org.displaytag.properties.MediaTypeEnum,DisplaytagColumnDecorator uses MediaTypeEnum [1]
displaytag-1___2.org.displaytag.decorator.DefaultDecoratorFactory,has param,displaytag-1___2.org.displaytag.properties.MediaTypeEnum,DefaultDecoratorFactory uses MediaTypeEnum [1]
displaytag-1___2.org.displaytag.decorator.DateColumnDecorator,has param,displaytag-1___2.org.displaytag.properties.MediaTypeEnum,DateColumnDecorator uses MediaTypeEnum [1]
displaytag-1___2.org.displaytag.decorator.CheckboxTableDecorator,has param,displaytag-1___2.org.displaytag.model.TableModel,CheckboxTableDecorator uses TableModel [1]
displaytag-1___2.org.displaytag.decorator.AutolinkColumnDecorator,has param,displaytag-1___2.org.displaytag.properties.MediaTypeEnum,AutolinkColumnDecorator uses MediaTypeEnum [1]
displaytag-1___2.org.displaytag.export.TextExportView,extends,displaytag-1___2.org.displaytag.export.ExportView,TextExportView uses ExportView [1]
displaytag-1___2.org.displaytag.export.BinaryExportView,extends,displaytag-1___2.org.displaytag.export.ExportView,BinaryExportView uses ExportView [1]
displaytag-1___2.org.displaytag.util.DependencyChecker,calls,displaytag-1___2.org.displaytag.Messages,DependencyChecker uses Messages [1]
displaytag-1___2.org.displaytag.util.DefaultRequestHelper,calls,displaytag-1___2.org.displaytag.Messages,DefaultRequestHelper uses Messages [1]
displaytag-1___2.org.displaytag.tags.TemplateTag,calls,displaytag-1___2.org.displaytag.util.LookupUtil,TemplateTag uses LookupUtil [1]
displaytag-1___2.org.displaytag.tags.TableTag,calls,displaytag-1___2.org.displaytag.util.DependencyChecker,TableTag uses DependencyChecker [1]
displaytag-1___2.org.displaytag.tags.TableTag,calls,displaytag-1___2.org.displaytag.util.CollectionUtil,TableTag uses CollectionUtil [1]
displaytag-1___2.org.displaytag.tags.TableTag,calls,displaytag-1___2.org.displaytag.tags.TemplateTag,TableTag uses TemplateTag [1]
displaytag-1___2.org.displaytag.tags.TableTag,calls,displaytag-1___2.org.displaytag.Messages,TableTag uses Messages [1]
displaytag-1___2.org.displaytag.tags.ColumnTag,calls,displaytag-1___2.org.displaytag.tags.TemplateTag,ColumnTag uses TemplateTag [1]
displaytag-1___2.org.displaytag.render.HtmlTableWriter,calls,displaytag-1___2.org.displaytag.render.TableWriterTemplate,HtmlTableWriter uses TableWriterTemplate [1]
displaytag-1___2.org.displaytag.model.RowSorter,calls,displaytag-1___2.org.displaytag.util.LookupUtil,RowSorter uses LookupUtil [1]
displaytag-1___2.org.displaytag.model.HeaderCell,calls,displaytag-1___2.org.displaytag.util.HtmlTagUtil,HeaderCell uses HtmlTagUtil [1]
displaytag-1___2.org.displaytag.localization.I18nWebworkAdapter,calls,displaytag-1___2.org.displaytag.Messages,I18nWebworkAdapter uses Messages [1]
displaytag-1___2.org.displaytag.localization.I18nSpringAdapter,calls,displaytag-1___2.org.displaytag.Messages,I18nSpringAdapter uses Messages [1]
displaytag-1___2.org.displaytag.localization.I18nJstlAdapter,calls,displaytag-1___2.org.displaytag.Messages,I18nJstlAdapter uses Messages [1]
displaytag-1___2.org.displaytag.filter.ResponseOverrideFilter,calls,displaytag-1___2.org.displaytag.filter.ExportDelegate,ResponseOverrideFilter uses ExportDelegate [1]
displaytag-1___2.org.displaytag.filter.ResponseOverrideFilter,calls,displaytag-1___2.org.displaytag.Messages,ResponseOverrideFilter uses Messages [1]
displaytag-1___2.org.displaytag.filter.DisplayTagSpringInterceptor,calls,displaytag-1___2.org.displaytag.filter.ExportDelegate,DisplayTagSpringInterceptor uses ExportDelegate [1]
displaytag-1___2.org.displaytag.filter.DisplayTagSpringInterceptor,calls,displaytag-1___2.org.displaytag.Messages,DisplayTagSpringInterceptor uses Messages [1]
displaytag-1___2.org.displaytag.export.excel.ExcelHssfView,calls,displaytag-1___2.org.displaytag.Messages,ExcelHssfView uses Messages [1]
displaytag-1___2.org.displaytag.export.excel.DefaultHssfExportView,calls,displaytag-1___2.org.displaytag.render.TableWriterTemplate,DefaultHssfExportView uses TableWriterTemplate [1]
displaytag-1___2.org.displaytag.export.excel.DefaultHssfExportView,calls,displaytag-1___2.org.displaytag.Messages,DefaultHssfExportView uses Messages [1]
displaytag-1___2.org.displaytag.export.PdfView,calls,displaytag-1___2.org.displaytag.Messages,PdfView uses Messages [1]
displaytag-1___2.org.displaytag.export.ExportViewFactory,calls,displaytag-1___2.org.displaytag.util.ReflectHelper,ExportViewFactory uses ReflectHelper [1]
displaytag-1___2.org.displaytag.export.DefaultItextExportView,calls,displaytag-1___2.org.displaytag.render.TableWriterTemplate,DefaultItextExportView uses TableWriterTemplate [1]
displaytag-1___2.org.displaytag.export.DefaultItextExportView,calls,displaytag-1___2.org.displaytag.Messages,DefaultItextExportView uses Messages [1]
displaytag-1___2.org.displaytag.exception.TagStructureException,calls,displaytag-1___2.org.displaytag.Messages,TagStructureException uses Messages [1]
displaytag-1___2.org.displaytag.exception.TablePropertiesLoadException,calls,displaytag-1___2.org.displaytag.Messages,TablePropertiesLoadException uses Messages [1]
displaytag-1___2.org.displaytag.exception.RuntimeLookupException,calls,displaytag-1___2.org.displaytag.Messages,RuntimeLookupException uses Messages [1]
displaytag-1___2.org.displaytag.exception.ObjectLookupException,calls,displaytag-1___2.org.displaytag.Messages,ObjectLookupException uses Messages [1]
displaytag-1___2.org.displaytag.exception.MissingAttributeException,calls,displaytag-1___2.org.displaytag.Messages,MissingAttributeException uses Messages [1]
displaytag-1___2.org.displaytag.exception.InvalidTagAttributeValueException,calls,displaytag-1___2.org.displaytag.Messages,InvalidTagAttributeValueException uses Messages [1]
displaytag-1___2.org.displaytag.exception.FactoryInstantiationException,calls,displaytag-1___2.org.displaytag.Messages,FactoryInstantiationException uses Messages [1]
displaytag-1___2.org.displaytag.exception.ExportException,calls,displaytag-1___2.org.displaytag.Messages,ExportException uses Messages [1]
displaytag-1___2.org.displaytag.exception.DecoratorInstantiationException,calls,displaytag-1___2.org.displaytag.Messages,DecoratorInstantiationException uses Messages [1]
displaytag-1___2.org.displaytag.exception.BaseNestableRuntimeException,calls,displaytag-1___2.org.displaytag.Messages,BaseNestableRuntimeException uses Messages [1]
displaytag-1___2.org.displaytag.exception.BaseNestableJspTagException,calls,displaytag-1___2.org.displaytag.Messages,BaseNestableJspTagException uses Messages [1]
displaytag-1___2.org.displaytag.decorator.TableDecorator,calls,displaytag-1___2.org.displaytag.util.LookupUtil,TableDecorator uses LookupUtil [1]
displaytag-1___2.org.displaytag.decorator.MessageFormatColumnDecorator,calls,displaytag-1___2.org.displaytag.Messages,MessageFormatColumnDecorator uses Messages [1]